date,close,symbol
2025-01-07,588.6300048828125,SPY
2025-01-08,589.489990234375,SPY
2025-01-10,580.489990234375,SPY
2025-01-13,581.3900146484375,SPY
2025-01-14,582.1900024414062,SPY
2025-01-15,592.780029296875,SPY
2025-01-16,591.6400146484375,SPY
2025-01-17,597.5800170898438,SPY
2025-01-21,603.0499877929688,SPY
2025-01-22,606.4400024414062,SPY
2025-01-23,609.75,SPY
2025-01-24,607.969970703125,SPY
2025-01-27,599.3699951171875,SPY
2025-01-28,604.52001953125,SPY
2025-01-29,601.8099975585938,SPY
2025-01-30,605.0399780273438,SPY
2025-01-31,601.8200073242188,SPY
2025-02-03,597.77001953125,SPY
2025-02-04,601.780029296875,SPY
2025-02-05,604.219970703125,SPY
2025-02-06,606.3200073242188,SPY
2025-02-07,600.77001953125,SPY
2025-02-10,604.8499755859375,SPY
2025-02-11,605.3099975585938,SPY
2025-02-12,603.3599853515625,SPY
2025-02-13,609.72998046875,SPY
2025-02-14,609.7000122070312,SPY
2025-02-18,611.489990234375,SPY
2025-02-19,612.9299926757812,SPY
2025-02-20,610.3800048828125,SPY
2025-02-21,599.9400024414062,SPY
2025-02-24,597.2100219726562,SPY
2025-02-25,594.239990234375,SPY
2025-02-26,594.5399780273438,SPY
2025-02-27,585.0499877929688,SPY
2025-02-28,594.1799926757812,SPY
2025-03-03,583.77001953125,SPY
2025-03-04,576.8599853515625,SPY
2025-03-05,583.0599975585938,SPY
2025-03-06,572.7100219726562,SPY
2025-03-07,575.9199829101562,SPY
2025-03-10,560.5800170898438,SPY
2025-03-11,555.9199829101562,SPY
2025-03-12,558.8699951171875,SPY
2025-03-13,551.4199829101562,SPY
2025-03-14,562.8099975585938,SPY
2025-03-17,567.1500244140625,SPY
2025-03-18,561.02001953125,SPY
2025-03-19,567.1300048828125,SPY
2025-03-20,565.489990234375,SPY
2025-03-21,563.97998046875,SPY
2025-03-24,574.0800170898438,SPY
2025-03-25,575.4600219726562,SPY
2025-03-26,568.5900268554688,SPY
2025-03-27,567.0800170898438,SPY
2025-03-28,555.6599731445312,SPY
2025-03-31,559.3900146484375,SPY
2025-04-01,560.969970703125,SPY
2025-04-02,564.52001953125,SPY
2025-04-03,536.7000122070312,SPY
2025-04-04,505.2799987792969,SPY
2025-04-07,504.3800048828125,SPY
2025-04-08,496.4800109863281,SPY
2025-04-09,548.6199951171875,SPY
2025-04-10,524.5800170898438,SPY
2025-04-11,533.9400024414062,SPY
2025-04-14,539.1199951171875,SPY
2025-04-15,537.6099853515625,SPY
2025-04-16,525.6599731445312,SPY
2025-04-17,526.4099731445312,SPY
2025-04-21,513.8800048828125,SPY
2025-04-22,527.25,SPY
2025-04-23,535.4199829101562,SPY
2025-04-24,546.6900024414062,SPY
2025-04-25,550.6400146484375,SPY
2025-04-28,550.8499755859375,SPY
2025-04-29,554.3200073242188,SPY
2025-04-30,554.5399780273438,SPY
2025-05-01,558.469970703125,SPY
2025-05-02,566.760009765625,SPY
2025-05-05,563.510009765625,SPY
2025-05-06,558.7999877929688,SPY
2025-05-07,561.1500244140625,SPY
2025-05-08,565.0599975585938,SPY
2025-05-09,564.3400268554688,SPY
2025-05-12,582.989990234375,SPY
2025-05-13,586.8400268554688,SPY
2025-05-14,587.5900268554688,SPY
2025-05-15,590.4600219726562,SPY
2025-05-16,594.2000122070312,SPY
2025-05-19,594.8499755859375,SPY
2025-05-20,592.8499755859375,SPY
2025-05-21,582.8599853515625,SPY
2025-05-22,583.0900268554688,SPY
2025-05-23,579.1099853515625,SPY
2025-05-27,591.1500244140625,SPY
2025-05-28,587.72998046875,SPY
2025-05-29,590.0499877929688,SPY
2025-05-30,589.3900146484375,SPY
2025-06-02,592.7100219726562,SPY
2025-06-03,596.0900268554688,SPY
2025-06-04,595.9299926757812,SPY
2025-06-05,593.0499877929688,SPY
2025-06-06,599.1400146484375,SPY
2025-06-09,599.6799926757812,SPY
2025-06-10,603.0800170898438,SPY
2025-06-11,601.3599853515625,SPY
2025-06-12,603.75,SPY
2025-06-13,597.0,SPY
2025-06-16,602.6799926757812,SPY
2025-06-17,597.530029296875,SPY
2025-06-18,597.4400024414062,SPY
2025-06-20,594.280029296875,SPY
2025-06-23,600.1500244140625,SPY
2025-06-24,606.780029296875,SPY
2025-06-25,607.1199951171875,SPY
2025-06-26,611.8699951171875,SPY
2025-06-27,614.9099731445312,SPY
2025-06-30,617.8499755859375,SPY
2025-07-01,617.6500244140625,SPY
2025-07-02,620.4500122070312,SPY
2025-07-03,625.3400268554688,SPY
2025-07-07,620.6799926757812,SPY
2025-07-08,620.3400268554688,SPY
2025-07-09,624.0599975585938,SPY
2025-07-10,625.8200073242188,SPY
2025-07-11,623.6199951171875,SPY
2025-07-14,624.8099975585938,SPY
2025-07-15,622.1400146484375,SPY
2025-07-16,624.219970703125,SPY
2025-07-17,628.0399780273438,SPY
2025-07-18,627.5800170898438,SPY
2025-07-21,628.77001953125,SPY
2025-07-22,628.8599853515625,SPY
2025-07-23,634.2100219726562,SPY
2025-07-24,634.4199829101562,SPY
2025-07-25,637.0999755859375,SPY
2025-07-28,636.9400024414062,SPY
2025-07-29,635.260009765625,SPY
2025-07-30,634.4600219726562,SPY
2025-07-31,632.0800170898438,SPY
2025-08-01,621.719970703125,SPY
2025-08-04,631.1699829101562,SPY
2025-08-05,627.969970703125,SPY
2025-08-06,632.780029296875,SPY
2025-08-07,632.25,SPY
2025-08-08,637.1799926757812,SPY
2025-08-11,635.9199829101562,SPY
2025-08-12,642.6900024414062,SPY
2025-08-13,644.8900146484375,SPY
2025-08-14,644.9500122070312,SPY
2025-08-15,643.4400024414062,SPY
2025-08-18,643.2999877929688,SPY
2025-08-19,639.8099975585938,SPY
2025-08-20,638.1099853515625,SPY
2025-08-21,635.5499877929688,SPY
2025-08-22,645.3099975585938,SPY
2025-08-25,642.469970703125,SPY
2025-08-26,645.1599731445312,SPY
2025-08-27,646.6300048828125,SPY
2025-08-28,648.9199829101562,SPY
2025-08-29,645.0499877929688,SPY
2025-09-02,640.27001953125,SPY
2025-09-03,643.739990234375,SPY
2025-09-04,649.1199951171875,SPY
2025-09-05,647.239990234375,SPY
2025-09-08,648.8300170898438,SPY
2025-09-09,650.3300170898438,SPY
2025-09-10,652.2100219726562,SPY
2025-09-11,657.6300048828125,SPY
2025-09-12,657.4099731445312,SPY
2025-09-15,660.9099731445312,SPY
2025-09-16,660.0,SPY
2025-09-17,659.1799926757812,SPY
2025-09-18,662.260009765625,SPY
2025-09-19,663.7000122070312,SPY
2025-09-22,666.8400268554688,SPY
2025-09-23,663.2100219726562,SPY
2025-09-24,661.0999755859375,SPY
2025-09-25,658.0499877929688,SPY
2025-09-26,661.8200073242188,SPY
2025-09-29,663.6799926757812,SPY
2025-09-30,666.1799926757812,SPY
2025-10-01,668.4500122070312,SPY
2025-10-02,669.219970703125,SPY
2025-10-03,669.2100219726562,SPY
2025-10-06,671.6099853515625,SPY
2025-10-07,669.1199951171875,SPY
2025-10-08,673.1099853515625,SPY
2025-10-09,671.1599731445312,SPY
2025-10-10,653.02001953125,SPY
2025-10-13,663.0399780273438,SPY
2025-10-14,662.22998046875,SPY
2025-10-15,665.1699829101562,SPY
2025-10-16,660.6400146484375,SPY
2025-10-17,664.3900146484375,SPY
2025-10-20,671.2999877929688,SPY
2025-10-21,671.2899780273438,SPY
2025-10-22,667.7999877929688,SPY
2025-10-23,671.760009765625,SPY
2025-10-24,677.25,SPY
2025-10-27,685.239990234375,SPY
2025-10-28,687.0599975585938,SPY
2025-10-29,687.3900146484375,SPY
2025-10-30,679.8300170898438,SPY
2025-10-31,682.0599975585938,SPY
2025-11-03,683.3400268554688,SPY
2025-11-04,675.239990234375,SPY
2025-11-05,677.5800170898438,SPY
2025-11-06,670.3099975585938,SPY
2025-11-07,670.969970703125,SPY
2025-11-10,681.4400024414062,SPY
2025-11-11,683.0,SPY
2025-11-12,683.3800048828125,SPY
2025-11-13,672.0399780273438,SPY
2025-11-14,671.9299926757812,SPY
2025-11-17,665.6699829101562,SPY
2025-11-18,660.0800170898438,SPY
2025-11-19,662.6300048828125,SPY
2025-11-20,652.530029296875,SPY
2025-11-21,659.030029296875,SPY
2025-11-24,668.72998046875,SPY
2025-11-25,675.02001953125,SPY
2025-11-26,679.6799926757812,SPY
2025-11-28,683.3900146484375,SPY
2025-12-01,680.27001953125,SPY
2025-12-02,681.530029296875,SPY
2025-12-03,683.8900146484375,SPY
2025-12-04,684.3900146484375,SPY
2025-12-05,685.6900024414062,SPY
2025-12-08,683.6300048828125,SPY
2025-12-09,683.0399780273438,SPY
2025-12-10,687.5700073242188,SPY
2025-12-11,689.1699829101562,SPY
2025-12-12,681.760009765625,SPY
2025-12-15,680.72998046875,SPY
2025-12-16,678.8699951171875,SPY
2025-12-17,671.4000244140625,SPY
2025-12-18,676.469970703125,SPY
2025-12-19,680.5900268554688,SPY
2025-12-22,684.8300170898438,SPY
2025-12-23,687.9600219726562,SPY
2025-12-24,690.3800048828125,SPY
2025-12-26,690.3099975585938,SPY
2025-12-29,687.8499755859375,SPY
2025-12-30,687.010009765625,SPY
2025-12-31,681.9199829101562,SPY
2026-01-02,683.1699829101562,SPY
2026-01-05,687.719970703125,SPY
2026-01-06,691.8099975585938,SPY
2026-01-07,689.5800170898438,SPY
2026-01-08,689.510009765625,SPY
2026-01-09,694.0700073242188,SPY
2026-01-12,695.1599731445312,SPY
2026-01-13,693.77001953125,SPY
2026-01-14,690.3599853515625,SPY
2026-01-15,692.239990234375,SPY
2026-01-16,691.6599731445312,SPY
2026-01-20,677.5800170898438,SPY
2026-01-21,685.4000244140625,SPY
2026-01-22,688.97998046875,SPY
2026-01-23,689.22998046875,SPY
2026-01-26,692.72998046875,SPY
2026-01-27,695.489990234375,SPY
2026-01-28,695.4199829101562,SPY
2026-01-29,694.0399780273438,SPY
2026-01-30,691.969970703125,SPY
2026-02-02,695.4099731445312,SPY
2026-02-03,689.530029296875,SPY
2026-02-04,686.1900024414062,SPY
2026-02-05,677.6199951171875,SPY
2026-02-06,690.6199951171875,SPY
2026-02-09,693.9500122070312,SPY
2026-02-10,692.1199951171875,SPY
2026-02-11,691.9600219726562,SPY
2026-02-12,681.27001953125,SPY
2026-02-13,681.75,SPY
2026-02-17,682.8499755859375,SPY
2026-02-18,686.2899780273438,SPY
2026-02-19,684.47998046875,SPY
2026-02-20,689.4299926757812,SPY
2026-02-23,682.3900146484375,SPY
2026-02-24,687.3499755859375,SPY
2026-02-25,693.1500244140625,SPY
2026-02-26,689.2999877929688,SPY
2026-02-27,685.989990234375,SPY
2026-03-02,686.3800048828125,SPY
2026-03-03,680.3300170898438,SPY
2026-03-04,685.1300048828125,SPY
2026-03-05,681.3099975585938,SPY
2026-03-06,672.3800048828125,SPY
2026-03-09,678.27001953125,SPY
2026-03-10,677.1799926757812,SPY
2026-03-11,676.3300170898438,SPY
2026-03-12,666.0599975585938,SPY
2026-03-13,662.2899780273438,SPY
2026-03-16,669.030029296875,SPY
2026-03-17,670.7899780273438,SPY
2026-03-18,661.4299926757812,SPY
2026-03-19,659.7999877929688,SPY
2026-03-20,648.5700073242188,SPY
2026-03-23,655.3800048828125,SPY
2026-03-24,653.1799926757812,SPY
2026-03-25,656.8200073242188,SPY
2026-03-26,645.0900268554688,SPY
2026-03-27,634.0900268554688,SPY
2026-03-30,631.969970703125,SPY
2026-03-31,650.3400268554688,SPY
2026-04-01,655.239990234375,SPY
2026-04-02,655.8300170898438,SPY
2026-04-06,658.9299926757812,SPY
2026-04-07,659.219970703125,SPY
2026-04-08,676.010009765625,SPY
2026-04-09,679.9099731445312,SPY
2026-04-10,679.4600219726562,SPY
2026-04-13,686.0999755859375,SPY
2026-04-14,694.4600219726562,SPY
2026-04-15,699.9400024414062,SPY
2026-04-16,701.6599731445312,SPY
2026-04-17,710.1400146484375,SPY
2026-04-20,708.719970703125,SPY
2026-04-21,704.0800170898438,SPY
2026-04-22,711.2100219726562,SPY
2026-04-23,708.4500122070312,SPY
2026-04-24,713.9400024414062,SPY
2026-04-27,715.1699829101562,SPY
2026-04-28,711.6900024414062,SPY
2026-04-29,711.5800170898438,SPY
2026-04-30,718.6599731445312,SPY
2026-05-01,720.6500244140625,SPY
2026-05-04,718.010009765625,SPY
2026-05-05,723.77001953125,SPY
2026-05-06,733.8300170898438,SPY
2026-05-07,731.5800170898438,SPY
2026-05-08,737.6199951171875,SPY
2026-05-11,739.2999877929688,SPY
2026-05-12,738.1799926757812,SPY
2026-05-13,742.3099975585938,SPY
2026-05-14,748.1699829101562,SPY
2026-05-15,739.1699829101562,SPY
2026-05-18,738.6500244140625,SPY
2026-05-19,733.72998046875,SPY
2026-05-20,741.25,SPY
2026-05-21,742.719970703125,SPY
2026-05-22,745.6400146484375,SPY
2026-05-26,750.5900268554688,SPY
2026-05-27,750.4600219726562,SPY
2026-05-28,754.5999755859375,SPY
2026-05-29,756.47998046875,SPY
2026-06-01,758.5399780273438,SPY
2026-06-02,759.5700073242188,SPY
2026-06-03,754.239990234375,SPY
2026-06-04,757.0900268554688,SPY
2026-06-05,737.5499877929688,SPY
2026-06-08,739.219970703125,SPY
2026-06-09,737.0499877929688,SPY
2026-06-10,725.4299926757812,SPY
2026-06-11,737.760009765625,SPY
2026-06-12,741.75,SPY
2026-06-15,754.8300170898438,SPY
2026-06-16,750.3300170898438,SPY
2026-06-17,740.9600219726562,SPY
2026-06-18,746.739990234375,SPY
2026-06-22,744.3900146484375,SPY
2026-06-23,733.5800170898438,SPY
2026-06-24,733.239990234375,SPY
2026-06-25,734.2999877929688,SPY
2026-06-26,728.989990234375,SPY
2026-06-29,741.0,SPY
2026-06-30,746.77001953125,SPY
2026-07-01,745.760009765625,SPY
2026-07-02,744.780029296875,SPY
2026-07-06,751.280029296875,SPY
2026-07-07,747.7100219726562,SPY
2026-07-08,745.4000244140625,SPY
2026-07-09,751.7100219726562,SPY
2025-01-07,76.33999633789062,EFA
2025-01-08,76.22000122070312,EFA
2025-01-10,75.05999755859375,EFA
2025-01-13,74.8499984741211,EFA
2025-01-14,75.12000274658203,EFA
2025-01-15,76.08000183105469,EFA
2025-01-16,76.47000122070312,EFA
2025-01-17,76.77999877929688,EFA
2025-01-21,78.33000183105469,EFA
2025-01-22,78.1500015258789,EFA
2025-01-23,78.79000091552734,EFA
2025-01-24,79.2300033569336,EFA
2025-01-27,79.2300033569336,EFA
2025-01-28,79.12999725341797,EFA
2025-01-29,79.12000274658203,EFA
2025-01-30,79.98999786376953,EFA
2025-01-31,79.23999786376953,EFA
2025-02-03,78.30999755859375,EFA
2025-02-04,79.22000122070312,EFA
2025-02-05,79.98999786376953,EFA
2025-02-06,80.37000274658203,EFA
2025-02-07,79.61000061035156,EFA
2025-02-10,80.1500015258789,EFA
2025-02-11,80.52999877929688,EFA
2025-02-12,80.83000183105469,EFA
2025-02-13,81.80999755859375,EFA
2025-02-14,81.93000030517578,EFA
2025-02-18,82.5199966430664,EFA
2025-02-19,81.66999816894531,EFA
2025-02-20,82.05000305175781,EFA
2025-02-21,81.54000091552734,EFA
2025-02-24,81.48999786376953,EFA
2025-02-25,82.2300033569336,EFA
2025-02-26,82.33999633789062,EFA
2025-02-27,81.41000366210938,EFA
2025-02-28,81.58000183105469,EFA
2025-03-03,82.4800033569336,EFA
2025-03-04,82.45999908447266,EFA
2025-03-05,84.43000030517578,EFA
2025-03-06,83.55999755859375,EFA
2025-03-07,84.43000030517578,EFA
2025-03-10,82.44000244140625,EFA
2025-03-11,82.16000366210938,EFA
2025-03-12,82.75,EFA
2025-03-13,82.19999694824219,EFA
2025-03-14,83.70999908447266,EFA
2025-03-17,84.6500015258789,EFA
2025-03-18,84.63999938964844,EFA
2025-03-19,84.88999938964844,EFA
2025-03-20,84.18000030517578,EFA
2025-03-21,83.66000366210938,EFA
2025-03-24,83.6500015258789,EFA
2025-03-25,84.11000061035156,EFA
2025-03-26,83.0199966430664,EFA
2025-03-27,83.19999694824219,EFA
2025-03-28,82.45999908447266,EFA
2025-03-31,81.7300033569336,EFA
2025-04-01,81.8499984741211,EFA
2025-04-02,82.04000091552734,EFA
2025-04-03,80.31999969482422,EFA
2025-04-04,75.0199966430664,EFA
2025-04-07,73.20999908447266,EFA
2025-04-08,72.95999908447266,EFA
2025-04-09,78.58999633789062,EFA
2025-04-10,77.04000091552734,EFA
2025-04-11,78.97000122070312,EFA
2025-04-14,79.81999969482422,EFA
2025-04-15,80.54000091552734,EFA
2025-04-16,80.2300033569336,EFA
2025-04-17,81.0999984741211,EFA
2025-04-21,80.66000366210938,EFA
2025-04-22,82.33000183105469,EFA
2025-04-23,82.66000366210938,EFA
2025-04-24,83.76000213623047,EFA
2025-04-25,84.12000274658203,EFA
2025-04-28,84.68000030517578,EFA
2025-04-29,84.8499984741211,EFA
2025-04-30,84.75,EFA
2025-05-01,84.4800033569336,EFA
2025-05-02,86.0999984741211,EFA
2025-05-05,86.25,EFA
2025-05-06,86.13999938964844,EFA
2025-05-07,85.8499984741211,EFA
2025-05-08,85.55000305175781,EFA
2025-05-09,85.97000122070312,EFA
2025-05-12,86.41000366210938,EFA
2025-05-13,86.5199966430664,EFA
2025-05-14,86.0999984741211,EFA
2025-05-15,87.04000091552734,EFA
2025-05-16,87.23999786376953,EFA
2025-05-19,88.06999969482422,EFA
2025-05-20,88.48999786376953,EFA
2025-05-21,87.97000122070312,EFA
2025-05-22,87.91999816894531,EFA
2025-05-23,88.04000091552734,EFA
2025-05-27,89.31999969482422,EFA
2025-05-28,88.29000091552734,EFA
2025-05-29,88.68000030517578,EFA
2025-05-30,88.80999755859375,EFA
2025-06-02,89.76000213623047,EFA
2025-06-03,89.08000183105469,EFA
2025-06-04,89.4800033569336,EFA
2025-06-05,89.41999816894531,EFA
2025-06-06,89.73999786376953,EFA
2025-06-09,89.7300033569336,EFA
2025-06-10,89.8499984741211,EFA
2025-06-11,89.69999694824219,EFA
2025-06-12,90.38999938964844,EFA
2025-06-13,89.2300033569336,EFA
2025-06-16,88.04000091552734,EFA
2025-06-17,86.95999908447266,EFA
2025-06-18,87.11000061035156,EFA
2025-06-20,86.33000183105469,EFA
2025-06-23,86.9800033569336,EFA
2025-06-24,88.04000091552734,EFA
2025-06-25,87.55999755859375,EFA
2025-06-26,88.54000091552734,EFA
2025-06-27,89.33999633789062,EFA
2025-06-30,89.38999938964844,EFA
2025-07-01,89.23999786376953,EFA
2025-07-02,89.5,EFA
2025-07-03,89.5199966430664,EFA
2025-07-07,88.55000305175781,EFA
2025-07-08,89.19999694824219,EFA
2025-07-09,89.87000274658203,EFA
2025-07-10,89.80999755859375,EFA
2025-07-11,88.94999694824219,EFA
2025-07-14,88.94999694824219,EFA
2025-07-15,88.0199966430664,EFA
2025-07-16,88.37999725341797,EFA
2025-07-17,88.61000061035156,EFA
2025-07-18,88.36000061035156,EFA
2025-07-21,88.83000183105469,EFA
2025-07-22,89.31999969482422,EFA
2025-07-23,91.54000091552734,EFA
2025-07-24,90.86000061035156,EFA
2025-07-25,90.75,EFA
2025-07-28,89.29000091552734,EFA
2025-07-29,89.11000061035156,EFA
2025-07-30,88.47000122070312,EFA
2025-07-31,87.5199966430664,EFA
2025-08-01,87.29000091552734,EFA
2025-08-04,88.44999694824219,EFA
2025-08-05,88.44000244140625,EFA
2025-08-06,89.0199966430664,EFA
2025-08-07,89.81999969482422,EFA
2025-08-08,90.37000274658203,EFA
2025-08-11,89.98999786376953,EFA
2025-08-12,91.08999633789062,EFA
2025-08-13,91.63999938964844,EFA
2025-08-14,91.6500015258789,EFA
2025-08-15,92.19000244140625,EFA
2025-08-18,92.08999633789062,EFA
2025-08-19,92.0999984741211,EFA
2025-08-20,92.43000030517578,EFA
2025-08-21,91.8499984741211,EFA
2025-08-22,93.2300033569336,EFA
2025-08-25,92.0,EFA
2025-08-26,91.9000015258789,EFA
2025-08-27,91.68000030517578,EFA
2025-08-28,92.0199966430664,EFA
2025-08-29,91.4800033569336,EFA
2025-09-02,90.58000183105469,EFA
2025-09-03,90.72000122070312,EFA
2025-09-04,91.37999725341797,EFA
2025-09-05,91.79000091552734,EFA
2025-09-08,92.70999908447266,EFA
2025-09-09,92.4000015258789,EFA
2025-09-10,92.37999725341797,EFA
2025-09-11,93.36000061035156,EFA
2025-09-12,92.98999786376953,EFA
2025-09-15,93.61000061035156,EFA
2025-09-16,93.3499984741211,EFA
2025-09-17,93.0,EFA
2025-09-18,93.36000061035156,EFA
2025-09-19,93.0,EFA
2025-09-22,93.30000305175781,EFA
2025-09-23,93.12000274658203,EFA
2025-09-24,92.58000183105469,EFA
2025-09-25,91.91999816894531,EFA
2025-09-26,92.62999725341797,EFA
2025-09-29,92.98999786376953,EFA
2025-09-30,93.37000274658203,EFA
2025-10-01,94.13999938964844,EFA
2025-10-02,94.29000091552734,EFA
2025-10-03,95.08000183105469,EFA
2025-10-06,95.30000305175781,EFA
2025-10-07,94.47000122070312,EFA
2025-10-08,94.75,EFA
2025-10-09,93.97000122070312,EFA
2025-10-10,92.23999786376953,EFA
2025-10-13,92.9800033569336,EFA
2025-10-14,93.4000015258789,EFA
2025-10-15,93.8499984741211,EFA
2025-10-16,94.33999633789062,EFA
2025-10-17,94.51000213623047,EFA
2025-10-20,95.29000091552734,EFA
2025-10-21,94.58999633789062,EFA
2025-10-22,94.44999694824219,EFA
2025-10-23,94.88999938964844,EFA
2025-10-24,95.04000091552734,EFA
2025-10-27,95.69999694824219,EFA
2025-10-28,95.66000366210938,EFA
2025-10-29,95.12000274658203,EFA
2025-10-30,94.69999694824219,EFA
2025-10-31,94.48999786376953,EFA
2025-11-03,94.52999877929688,EFA
2025-11-04,93.55999755859375,EFA
2025-11-05,94.16000366210938,EFA
2025-11-06,93.94999694824219,EFA
2025-11-07,94.30000305175781,EFA
2025-11-10,95.29000091552734,EFA
2025-11-11,95.98999786376953,EFA
2025-11-12,96.55999755859375,EFA
2025-11-13,95.52999877929688,EFA
2025-11-14,95.26000213623047,EFA
2025-11-17,94.0199966430664,EFA
2025-11-18,92.80000305175781,EFA
2025-11-19,92.5199966430664,EFA
2025-11-20,91.23999786376953,EFA
2025-11-21,92.6500015258789,EFA
2025-11-24,92.7300033569336,EFA
2025-11-25,93.83999633789062,EFA
2025-11-26,94.87000274658203,EFA
2025-11-28,95.19000244140625,EFA
2025-12-01,94.72000122070312,EFA
2025-12-02,95.04000091552734,EFA
2025-12-03,95.55000305175781,EFA
2025-12-04,95.80999755859375,EFA
2025-12-05,95.80999755859375,EFA
2025-12-08,95.51000213623047,EFA
2025-12-09,95.37999725341797,EFA
2025-12-10,96.44000244140625,EFA
2025-12-11,97.01000213623047,EFA
2025-12-12,96.5,EFA
2025-12-15,97.08999633789062,EFA
2025-12-16,94.91999816894531,EFA
2025-12-17,94.1500015258789,EFA
2025-12-18,94.81999969482422,EFA
2025-12-19,95.45999908447266,EFA
2025-12-22,95.69999694824219,EFA
2025-12-23,96.29000091552734,EFA
2025-12-24,96.41000366210938,EFA
2025-12-26,96.56999969482422,EFA
2025-12-29,96.27999877929688,EFA
2025-12-30,96.44000244140625,EFA
2025-12-31,96.02999877929688,EFA
2026-01-02,97.04000091552734,EFA
2026-01-05,98.1500015258789,EFA
2026-01-06,98.30000305175781,EFA
2026-01-07,97.93000030517578,EFA
2026-01-08,97.94000244140625,EFA
2026-01-09,98.80999755859375,EFA
2026-01-12,99.41000366210938,EFA
2026-01-13,98.83999633789062,EFA
2026-01-14,99.30000305175781,EFA
2026-01-15,99.26000213623047,EFA
2026-01-16,99.52999877929688,EFA
2026-01-20,98.0199966430664,EFA
2026-01-21,99.02999877929688,EFA
2026-01-22,99.41999816894531,EFA
2026-01-23,99.97000122070312,EFA
2026-01-26,100.47000122070312,EFA
2026-01-27,102.08999633789062,EFA
2026-01-28,101.01000213623047,EFA
2026-01-29,101.69000244140625,EFA
2026-01-30,100.73999786376953,EFA
2026-02-02,101.4000015258789,EFA
2026-02-03,101.44999694824219,EFA
2026-02-04,101.77999877929688,EFA
2026-02-05,100.33000183105469,EFA
2026-02-06,102.61000061035156,EFA
2026-02-09,103.98999786376953,EFA
2026-02-10,104.23999786376953,EFA
2026-02-11,104.94000244140625,EFA
2026-02-12,104.1500015258789,EFA
2026-02-13,104.23999786376953,EFA
2026-02-17,104.22000122070312,EFA
2026-02-18,104.33999633789062,EFA
2026-02-19,104.05000305175781,EFA
2026-02-20,104.9000015258789,EFA
2026-02-23,104.47000122070312,EFA
2026-02-24,104.66000366210938,EFA
2026-02-25,105.66000366210938,EFA
2026-02-26,105.56999969482422,EFA
2026-02-27,105.37999725341797,EFA
2026-03-02,103.30000305175781,EFA
2026-03-03,100.08999633789062,EFA
2026-03-04,101.37999725341797,EFA
2026-03-05,99.16000366210938,EFA
2026-03-06,98.27999877929688,EFA
2026-03-09,98.98999786376953,EFA
2026-03-10,99.22000122070312,EFA
2026-03-11,99.01000213623047,EFA
2026-03-12,97.45999908447266,EFA
2026-03-13,96.30000305175781,EFA
2026-03-16,98.0999984741211,EFA
2026-03-17,98.37000274658203,EFA
2026-03-18,96.69000244140625,EFA
2026-03-19,96.5199966430664,EFA
2026-03-20,93.58999633789062,EFA
2026-03-23,95.83999633789062,EFA
2026-03-24,95.2699966430664,EFA
2026-03-25,96.66000366210938,EFA
2026-03-26,94.66000366210938,EFA
2026-03-27,93.80000305175781,EFA
2026-03-30,94.06999969482422,EFA
2026-03-31,97.12999725341797,EFA
2026-04-01,98.61000061035156,EFA
2026-04-02,98.0,EFA
2026-04-06,98.48999786376953,EFA
2026-04-07,98.3499984741211,EFA
2026-04-08,102.19000244140625,EFA
2026-04-09,101.94999694824219,EFA
2026-04-10,102.18000030517578,EFA
2026-04-13,102.80999755859375,EFA
2026-04-14,103.63999938964844,EFA
2026-04-15,103.30999755859375,EFA
2026-04-16,103.01000213623047,EFA
2026-04-17,104.31999969482422,EFA
2026-04-20,103.91000366210938,EFA
2026-04-21,101.62999725341797,EFA
2026-04-22,101.97000122070312,EFA
2026-04-23,101.23999786376953,EFA
2026-04-24,101.7699966430664,EFA
2026-04-27,101.37999725341797,EFA
2026-04-28,100.95999908447266,EFA
2026-04-29,99.93000030517578,EFA
2026-04-30,102.31999969482422,EFA
2026-05-01,102.0999984741211,EFA
2026-05-04,100.69999694824219,EFA
2026-05-05,102.04000091552734,EFA
2026-05-06,104.80999755859375,EFA
2026-05-07,102.88999938964844,EFA
2026-05-08,103.95999908447266,EFA
2026-05-11,103.73999786376953,EFA
2026-05-12,103.13999938964844,EFA
2026-05-13,103.83000183105469,EFA
2026-05-14,103.45999908447266,EFA
2026-05-15,101.72000122070312,EFA
2026-05-18,102.66000366210938,EFA
2026-05-19,101.91999816894531,EFA
2026-05-20,103.62000274658203,EFA
2026-05-21,104.19000244140625,EFA
2026-05-22,103.9800033569336,EFA
2026-05-26,105.12999725341797,EFA
2026-05-27,104.7699966430664,EFA
2026-05-28,104.69000244140625,EFA
2026-05-29,104.80000305175781,EFA
2026-06-01,104.44000244140625,EFA
2026-06-02,105.0199966430664,EFA
2026-06-03,104.12000274658203,EFA
2026-06-04,104.94999694824219,EFA
2026-06-05,102.26000213623047,EFA
2026-06-08,102.87999725341797,EFA
2026-06-09,102.9000015258789,EFA
2026-06-10,101.56999969482422,EFA
2026-06-11,104.7300033569336,EFA
2026-06-12,105.0199966430664,EFA
2026-06-15,104.08000183105469,EFA
2026-06-16,104.30999755859375,EFA
2026-06-17,103.77999877929688,EFA
2026-06-18,104.41000366210938,EFA
2026-06-22,104.58000183105469,EFA
2026-06-23,102.45999908447266,EFA
2026-06-24,102.26000213623047,EFA
2026-06-25,103.1500015258789,EFA
2026-06-26,102.54000091552734,EFA
2026-06-29,103.44999694824219,EFA
2026-06-30,103.87999725341797,EFA
2026-07-01,103.0199966430664,EFA
2026-07-02,104.37000274658203,EFA
2026-07-06,105.45999908447266,EFA
2026-07-07,104.16000366210938,EFA
2026-07-08,103.36000061035156,EFA
2026-07-09,103.91999816894531,EFA
2025-01-07,42.0,EEM
2025-01-08,41.79999923706055,EEM
2025-01-10,41.09000015258789,EEM
2025-01-13,40.810001373291016,EEM
2025-01-14,41.27000045776367,EEM
2025-01-15,41.810001373291016,EEM
2025-01-16,41.7599983215332,EEM
2025-01-17,42.09000015258789,EEM
2025-01-21,42.540000915527344,EEM
2025-01-22,42.56999969482422,EEM
2025-01-23,42.66999816894531,EEM
2025-01-24,42.95000076293945,EEM
2025-01-27,42.16999816894531,EEM
2025-01-28,42.47999954223633,EEM
2025-01-29,42.4900016784668,EEM
2025-01-30,43.209999084472656,EEM
2025-01-31,42.720001220703125,EEM
2025-02-03,42.40999984741211,EEM
2025-02-04,43.16999816894531,EEM
2025-02-05,43.060001373291016,EEM
2025-02-06,43.2400016784668,EEM
2025-02-07,43.20000076293945,EEM
2025-02-10,43.720001220703125,EEM
2025-02-11,43.54999923706055,EEM
2025-02-12,43.790000915527344,EEM
2025-02-13,44.06999969482422,EEM
2025-02-14,44.40999984741211,EEM
2025-02-18,44.689998626708984,EEM
2025-02-19,44.619998931884766,EEM
2025-02-20,45.029998779296875,EEM
2025-02-21,44.900001525878906,EEM
2025-02-24,44.209999084472656,EEM
2025-02-25,44.2400016784668,EEM
2025-02-26,44.68000030517578,EEM
2025-02-27,43.810001373291016,EEM
2025-02-28,43.209999084472656,EEM
2025-03-03,42.83000183105469,EEM
2025-03-04,43.189998626708984,EEM
2025-03-05,44.47999954223633,EEM
2025-03-06,44.20000076293945,EEM
2025-03-07,44.41999816894531,EEM
2025-03-10,43.36000061035156,EEM
2025-03-11,43.720001220703125,EEM
2025-03-12,43.959999084472656,EEM
2025-03-13,43.779998779296875,EEM
2025-03-14,44.58000183105469,EEM
2025-03-17,45.34000015258789,EEM
2025-03-18,45.11000061035156,EEM
2025-03-19,45.220001220703125,EEM
2025-03-20,44.79999923706055,EEM
2025-03-21,44.58000183105469,EEM
2025-03-24,44.779998779296875,EEM
2025-03-25,44.650001525878906,EEM
2025-03-26,44.380001068115234,EEM
2025-03-27,44.599998474121094,EEM
2025-03-28,43.77000045776367,EEM
2025-03-31,43.70000076293945,EEM
2025-04-01,43.84000015258789,EEM
2025-04-02,43.900001525878906,EEM
2025-04-03,42.970001220703125,EEM
2025-04-04,40.58000183105469,EEM
2025-04-07,39.06999969482422,EEM
2025-04-08,38.52000045776367,EEM
2025-04-09,41.189998626708984,EEM
2025-04-10,40.47999954223633,EEM
2025-04-11,41.75,EEM
2025-04-14,42.130001068115234,EEM
2025-04-15,42.09000015258789,EEM
2025-04-16,41.599998474121094,EEM
2025-04-17,41.91999816894531,EEM
2025-04-21,41.90999984741211,EEM
2025-04-22,42.540000915527344,EEM
2025-04-23,43.029998779296875,EEM
2025-04-24,43.529998779296875,EEM
2025-04-25,43.45000076293945,EEM
2025-04-28,43.529998779296875,EEM
2025-04-29,43.650001525878906,EEM
2025-04-30,43.7599983215332,EEM
2025-05-01,43.75,EEM
2025-05-02,45.0,EEM
2025-05-05,45.34000015258789,EEM
2025-05-06,45.15999984741211,EEM
2025-05-07,44.63999938964844,EEM
2025-05-08,44.61000061035156,EEM
2025-05-09,44.90999984741211,EEM
2025-05-12,45.880001068115234,EEM
2025-05-13,45.959999084472656,EEM
2025-05-14,46.310001373291016,EEM
2025-05-15,46.290000915527344,EEM
2025-05-16,46.2599983215332,EEM
2025-05-19,46.36000061035156,EEM
2025-05-20,46.310001373291016,EEM
2025-05-21,46.189998626708984,EEM
2025-05-22,46.040000915527344,EEM
2025-05-23,46.22999954223633,EEM
2025-05-27,46.119998931884766,EEM
2025-05-28,45.90999984741211,EEM
2025-05-29,46.08000183105469,EEM
2025-05-30,45.52000045776367,EEM
2025-06-02,45.849998474121094,EEM
2025-06-03,45.959999084472656,EEM
2025-06-04,46.529998779296875,EEM
2025-06-05,46.77000045776367,EEM
2025-06-06,46.91999816894531,EEM
2025-06-09,47.31999969482422,EEM
2025-06-10,47.59000015258789,EEM
2025-06-11,47.790000915527344,EEM
2025-06-12,47.869998931884766,EEM
2025-06-13,47.11000061035156,EEM
2025-06-16,47.22999954223633,EEM
2025-06-17,46.61000061035156,EEM
2025-06-18,46.599998474121094,EEM
2025-06-20,46.33000183105469,EEM
2025-06-23,46.709999084472656,EEM
2025-06-24,47.91999816894531,EEM
2025-06-25,47.959999084472656,EEM
2025-06-26,48.279998779296875,EEM
2025-06-27,48.09000015258789,EEM
2025-06-30,48.2400016784668,EEM
2025-07-01,48.33000183105469,EEM
2025-07-02,48.540000915527344,EEM
2025-07-03,48.7599983215332,EEM
2025-07-07,48.06999969482422,EEM
2025-07-08,48.369998931884766,EEM
2025-07-09,48.290000915527344,EEM
2025-07-10,48.41999816894531,EEM
2025-07-11,48.2599983215332,EEM
2025-07-14,48.33000183105469,EEM
2025-07-15,48.68000030517578,EEM
2025-07-16,48.90999984741211,EEM
2025-07-17,49.189998626708984,EEM
2025-07-18,49.08000183105469,EEM
2025-07-21,49.400001525878906,EEM
2025-07-22,49.43000030517578,EEM
2025-07-23,49.93000030517578,EEM
2025-07-24,49.65999984741211,EEM
2025-07-25,49.5099983215332,EEM
2025-07-28,49.18000030517578,EEM
2025-07-29,49.20000076293945,EEM
2025-07-30,48.84000015258789,EEM
2025-07-31,48.560001373291016,EEM
2025-08-01,48.20000076293945,EEM
2025-08-04,48.70000076293945,EEM
2025-08-05,48.84000015258789,EEM
2025-08-06,49.06999969482422,EEM
2025-08-07,49.47999954223633,EEM
2025-08-08,49.439998626708984,EEM
2025-08-11,49.29999923706055,EEM
2025-08-12,49.900001525878906,EEM
2025-08-13,50.5,EEM
2025-08-14,49.880001068115234,EEM
2025-08-15,49.939998626708984,EEM
2025-08-18,50.22999954223633,EEM
2025-08-19,49.81999969482422,EEM
2025-08-20,49.75,EEM
2025-08-21,49.63999938964844,EEM
2025-08-22,50.630001068115234,EEM
2025-08-25,50.34000015258789,EEM
2025-08-26,50.209999084472656,EEM
2025-08-27,49.90999984741211,EEM
2025-08-28,50.099998474121094,EEM
2025-08-29,49.86000061035156,EEM
2025-09-02,49.81999969482422,EEM
2025-09-03,50.0099983215332,EEM
2025-09-04,49.849998474121094,EEM
2025-09-05,50.45000076293945,EEM
2025-09-08,50.90999984741211,EEM
2025-09-09,51.189998626708984,EEM
2025-09-10,51.540000915527344,EEM
2025-09-11,52.290000915527344,EEM
2025-09-12,52.2599983215332,EEM
2025-09-15,52.63999938964844,EEM
2025-09-16,53.029998779296875,EEM
2025-09-17,53.2599983215332,EEM
2025-09-18,53.130001068115234,EEM
2025-09-19,53.0099983215332,EEM
2025-09-22,53.27000045776367,EEM
2025-09-23,53.29999923706055,EEM
2025-09-24,53.119998931884766,EEM
2025-09-25,52.810001373291016,EEM
2025-09-26,52.709999084472656,EEM
2025-09-29,53.189998626708984,EEM
2025-09-30,53.400001525878906,EEM
2025-10-01,53.81999969482422,EEM
2025-10-02,54.06999969482422,EEM
2025-10-03,54.22999954223633,EEM
2025-10-06,54.47999954223633,EEM
2025-10-07,54.060001373291016,EEM
2025-10-08,54.4900016784668,EEM
2025-10-09,53.93000030517578,EEM
2025-10-10,51.939998626708984,EEM
2025-10-13,53.45000076293945,EEM
2025-10-14,52.970001220703125,EEM
2025-10-15,53.84000015258789,EEM
2025-10-16,54.189998626708984,EEM
2025-10-17,54.18000030517578,EEM
2025-10-20,54.91999816894531,EEM
2025-10-21,54.310001373291016,EEM
2025-10-22,54.2599983215332,EEM
2025-10-23,54.7400016784668,EEM
2025-10-24,55.099998474121094,EEM
2025-10-27,55.709999084472656,EEM
2025-10-28,55.689998626708984,EEM
2025-10-29,56.0099983215332,EEM
2025-10-30,55.43000030517578,EEM
2025-10-31,55.29999923706055,EEM
2025-11-03,55.650001525878906,EEM
2025-11-04,54.630001068115234,EEM
2025-11-05,55.119998931884766,EEM
2025-11-06,54.709999084472656,EEM
2025-11-07,54.54999923706055,EEM
2025-11-10,55.5099983215332,EEM
2025-11-11,55.56999969482422,EEM
2025-11-12,55.58000183105469,EEM
2025-11-13,54.93000030517578,EEM
2025-11-14,54.959999084472656,EEM
2025-11-17,54.310001373291016,EEM
2025-11-18,54.040000915527344,EEM
2025-11-19,53.849998474121094,EEM
2025-11-20,53.11000061035156,EEM
2025-11-21,53.099998474121094,EEM
2025-11-24,53.65999984741211,EEM
2025-11-25,53.849998474121094,EEM
2025-11-26,54.2400016784668,EEM
2025-11-28,54.31999969482422,EEM
2025-12-01,54.279998779296875,EEM
2025-12-02,54.29999923706055,EEM
2025-12-03,54.34000015258789,EEM
2025-12-04,54.33000183105469,EEM
2025-12-05,54.7400016784668,EEM
2025-12-08,54.619998931884766,EEM
2025-12-09,54.529998779296875,EEM
2025-12-10,55.13999938964844,EEM
2025-12-11,54.880001068115234,EEM
2025-12-12,54.2400016784668,EEM
2025-12-15,54.08000183105469,EEM
2025-12-16,52.97999954223633,EEM
2025-12-17,52.599998474121094,EEM
2025-12-18,53.20000076293945,EEM
2025-12-19,53.720001220703125,EEM
2025-12-22,54.0099983215332,EEM
2025-12-23,54.310001373291016,EEM
2025-12-24,54.41999816894531,EEM
2025-12-26,54.79999923706055,EEM
2025-12-29,54.65999984741211,EEM
2025-12-30,54.880001068115234,EEM
2025-12-31,54.709999084472656,EEM
2026-01-02,56.2400016784668,EEM
2026-01-05,56.86000061035156,EEM
2026-01-06,57.279998779296875,EEM
2026-01-07,56.849998474121094,EEM
2026-01-08,56.869998931884766,EEM
2026-01-09,57.13999938964844,EEM
2026-01-12,57.939998626708984,EEM
2026-01-13,57.5099983215332,EEM
2026-01-14,57.75,EEM
2026-01-15,58.09000015258789,EEM
2026-01-16,57.869998931884766,EEM
2026-01-20,57.310001373291016,EEM
2026-01-21,58.2599983215332,EEM
2026-01-22,58.70000076293945,EEM
2026-01-23,59.06999969482422,EEM
2026-01-26,59.16999816894531,EEM
2026-01-27,60.34000015258789,EEM
2026-01-28,60.75,EEM
2026-01-29,60.439998626708984,EEM
2026-01-30,59.099998474121094,EEM
2026-02-02,59.279998779296875,EEM
2026-02-03,59.599998474121094,EEM
2026-02-04,58.79999923706055,EEM
2026-02-05,58.529998779296875,EEM
2026-02-06,60.06999969482422,EEM
2026-02-09,60.5099983215332,EEM
2026-02-10,60.599998474121094,EEM
2026-02-11,61.560001373291016,EEM
2026-02-12,60.86000061035156,EEM
2026-02-13,61.119998931884766,EEM
2026-02-17,60.869998931884766,EEM
2026-02-18,61.189998626708984,EEM
2026-02-19,61.040000915527344,EEM
2026-02-20,62.34000015258789,EEM
2026-02-23,61.650001525878906,EEM
2026-02-24,62.619998931884766,EEM
2026-02-25,63.310001373291016,EEM
2026-02-26,62.709999084472656,EEM
2026-02-27,62.58000183105469,EEM
2026-03-02,61.5,EEM
2026-03-03,58.41999816894531,EEM
2026-03-04,59.04999923706055,EEM
2026-03-05,57.630001068115234,EEM
2026-03-06,57.31999969482422,EEM
2026-03-09,58.45000076293945,EEM
2026-03-10,58.68000030517578,EEM
2026-03-11,58.83000183105469,EEM
2026-03-12,56.95000076293945,EEM
2026-03-13,56.79999923706055,EEM
2026-03-16,58.380001068115234,EEM
2026-03-17,58.75,EEM
2026-03-18,57.560001373291016,EEM
2026-03-19,57.619998931884766,EEM
2026-03-20,55.63999938964844,EEM
2026-03-23,57.310001373291016,EEM
2026-03-24,56.52000045776367,EEM
2026-03-25,57.41999816894531,EEM
2026-03-26,55.470001220703125,EEM
2026-03-27,55.20000076293945,EEM
2026-03-30,54.75,EEM
2026-03-31,56.790000915527344,EEM
2026-04-01,57.22999954223633,EEM
2026-04-02,56.59000015258789,EEM
2026-04-06,57.11000061035156,EEM
2026-04-07,57.310001373291016,EEM
2026-04-08,60.439998626708984,EEM
2026-04-09,60.279998779296875,EEM
2026-04-10,60.560001373291016,EEM
2026-04-13,61.06999969482422,EEM
2026-04-14,62.2400016784668,EEM
2026-04-15,62.20000076293945,EEM
2026-04-16,62.45000076293945,EEM
2026-04-17,63.63999938964844,EEM
2026-04-20,63.18000030517578,EEM
2026-04-21,62.25,EEM
2026-04-22,63.380001068115234,EEM
2026-04-23,62.349998474121094,EEM
2026-04-24,63.7400016784668,EEM
2026-04-27,63.63999938964844,EEM
2026-04-28,62.9900016784668,EEM
2026-04-29,62.689998626708984,EEM
2026-04-30,63.9900016784668,EEM
2026-05-01,64.12999725341797,EEM
2026-05-04,64.0999984741211,EEM
2026-05-05,65.4000015258789,EEM
2026-05-06,67.48999786376953,EEM
2026-05-07,66.58999633789062,EEM
2026-05-08,67.94000244140625,EEM
2026-05-11,67.88999938964844,EEM
2026-05-12,65.81999969482422,EEM
2026-05-13,67.20999908447266,EEM
2026-05-14,67.37999725341797,EEM
2026-05-15,65.06999969482422,EEM
2026-05-18,64.97000122070312,EEM
2026-05-19,64.26000213623047,EEM
2026-05-20,65.45999908447266,EEM
2026-05-21,66.02999877929688,EEM
2026-05-22,65.87999725341797,EEM
2026-05-26,68.4000015258789,EEM
2026-05-27,68.38999938964844,EEM
2026-05-28,68.61000061035156,EEM
2026-05-29,68.5999984741211,EEM
2026-06-01,70.08000183105469,EEM
2026-06-02,70.80000305175781,EEM
2026-06-03,69.91999816894531,EEM
2026-06-04,69.0999984741211,EEM
2026-06-05,64.58999633789062,EEM
2026-06-08,65.75,EEM
2026-06-09,65.81999969482422,EEM
2026-06-10,64.66000366210938,EEM
2026-06-11,67.5,EEM
2026-06-12,67.87999725341797,EEM
2026-06-15,69.75,EEM
2026-06-16,68.63999938964844,EEM
2026-06-17,68.55999755859375,EEM
2026-06-18,70.79000091552734,EEM
2026-06-22,71.20999908447266,EEM
2026-06-23,67.16999816894531,EEM
2026-06-24,67.25,EEM
2026-06-25,67.95999908447266,EEM
2026-06-26,67.19000244140625,EEM
2026-06-29,67.43000030517578,EEM
2026-06-30,68.41000366210938,EEM
2026-07-01,66.4800033569336,EEM
2026-07-02,65.69999694824219,EEM
2026-07-06,67.56999969482422,EEM
2026-07-07,65.72000122070312,EEM
2026-07-08,66.2300033569336,EEM
2026-07-09,66.77999877929688,EEM
2025-01-07,116.9800033569336,XLK
2025-01-08,116.94000244140625,XLK
2025-01-10,114.38999938964844,XLK
2025-01-13,113.58000183105469,XLK
2025-01-14,113.87999725341797,XLK
2025-01-15,116.1449966430664,XLK
2025-01-16,115.25,XLK
2025-01-17,117.05500030517578,XLK
2025-01-21,118.02999877929688,XLK
2025-01-22,120.69499969482422,XLK
2025-01-23,120.91000366210938,XLK
2025-01-24,119.6500015258789,XLK
2025-01-27,113.78500366210938,XLK
2025-01-28,116.81999969482422,XLK
2025-01-29,115.87000274658203,XLK
2025-01-30,116.08499908447266,XLK
2025-01-31,115.40499877929688,XLK
2025-02-03,113.8499984741211,XLK
2025-02-04,115.48999786376953,XLK
2025-02-05,117.09500122070312,XLK
2025-02-06,117.41500091552734,XLK
2025-02-07,116.41000366210938,XLK
2025-02-10,118.11000061035156,XLK
2025-02-11,118.16500091552734,XLK
2025-02-12,117.91000366210938,XLK
2025-02-13,119.58000183105469,XLK
2025-02-14,119.98500061035156,XLK
2025-02-18,121.08000183105469,XLK
2025-02-19,121.08999633789062,XLK
2025-02-20,120.70500183105469,XLK
2025-02-21,117.43499755859375,XLK
2025-02-24,115.75499725341797,XLK
2025-02-25,114.25499725341797,XLK
2025-02-26,115.5,XLK
2025-02-27,111.29499816894531,XLK
2025-02-28,112.76499938964844,XLK
2025-03-03,109.33499908447266,XLK
2025-03-04,109.25,XLK
2025-03-05,110.78500366210938,XLK
2025-03-06,107.70999908447266,XLK
2025-03-07,109.2699966430664,XLK
2025-03-10,104.625,XLK
2025-03-11,104.19999694824219,XLK
2025-03-12,105.83999633789062,XLK
2025-03-13,103.83000183105469,XLK
2025-03-14,106.97000122070312,XLK
2025-03-17,107.71499633789062,XLK
2025-03-18,106.07499694824219,XLK
2025-03-19,107.45500183105469,XLK
2025-03-20,106.69000244140625,XLK
2025-03-21,106.9800033569336,XLK
2025-03-24,108.81500244140625,XLK
2025-03-25,109.17500305175781,XLK
2025-03-26,106.73999786376953,XLK
2025-03-27,105.75499725341797,XLK
2025-03-28,103.19000244140625,XLK
2025-03-31,103.23999786376953,XLK
2025-04-01,103.99500274658203,XLK
2025-04-02,104.76499938964844,XLK
2025-04-03,97.61499786376953,XLK
2025-04-04,91.18499755859375,XLK
2025-04-07,91.7300033569336,XLK
2025-04-08,89.86499786376953,XLK
2025-04-09,101.93000030517578,XLK
2025-04-10,97.18499755859375,XLK
2025-04-11,99.17500305175781,XLK
2025-04-14,100.08000183105469,XLK
2025-04-15,100.44499969482422,XLK
2025-04-16,96.95500183105469,XLK
2025-04-17,96.43000030517578,XLK
2025-04-21,93.94000244140625,XLK
2025-04-22,96.2300033569336,XLK
2025-04-23,99.0199966430664,XLK
2025-04-24,102.71499633789062,XLK
2025-04-25,104.23500061035156,XLK
2025-04-28,104.06500244140625,XLK
2025-04-29,104.55000305175781,XLK
2025-04-30,104.98500061035156,XLK
2025-05-01,106.5250015258789,XLK
2025-05-02,108.30500030517578,XLK
2025-05-05,107.7300033569336,XLK
2025-05-06,106.83499908447266,XLK
2025-05-07,107.90499877929688,XLK
2025-05-08,108.93499755859375,XLK
2025-05-09,108.80000305175781,XLK
2025-05-12,113.8499984741211,XLK
2025-05-13,116.30999755859375,XLK
2025-05-14,117.06500244140625,XLK
2025-05-15,117.2249984741211,XLK
2025-05-16,117.44499969482422,XLK
2025-05-19,117.2750015258789,XLK
2025-05-20,116.83499908447266,XLK
2025-05-21,114.63999938964844,XLK
2025-05-22,114.66999816894531,XLK
2025-05-23,113.40499877929688,XLK
2025-05-27,116.0999984741211,XLK
2025-05-28,115.62000274658203,XLK
2025-05-29,115.81500244140625,XLK
2025-05-30,115.45500183105469,XLK
2025-06-02,116.4749984741211,XLK
2025-06-03,118.2249984741211,XLK
2025-06-04,118.4000015258789,XLK
2025-06-05,118.06500244140625,XLK
2025-06-06,119.18000030517578,XLK
2025-06-09,119.76499938964844,XLK
2025-06-10,120.43499755859375,XLK
2025-06-11,120.16999816894531,XLK
2025-06-12,121.28500366210938,XLK
2025-06-13,119.58499908447266,XLK
2025-06-16,121.5199966430664,XLK
2025-06-17,120.66000366210938,XLK
2025-06-18,120.80500030517578,XLK
2025-06-20,120.2699966430664,XLK
2025-06-23,121.44000244140625,XLK
2025-06-24,123.62000274658203,XLK
2025-06-25,124.67500305175781,XLK
2025-06-26,125.53500366210938,XLK
2025-06-27,125.38500213623047,XLK
2025-06-30,126.61499786376953,XLK
2025-07-01,125.48500061035156,XLK
2025-07-02,126.80999755859375,XLK
2025-07-03,128.47999572753906,XLK
2025-07-07,127.45999908447266,XLK
2025-07-08,128.14500427246094,XLK
2025-07-09,128.9149932861328,XLK
2025-07-10,128.49000549316406,XLK
2025-07-11,127.92500305175781,XLK
2025-07-14,127.81999969482422,XLK
2025-07-15,128.9550018310547,XLK
2025-07-16,129.35499572753906,XLK
2025-07-17,130.52999877929688,XLK
2025-07-18,130.44500732421875,XLK
2025-07-21,130.61500549316406,XLK
2025-07-22,129.40499877929688,XLK
2025-07-23,130.14500427246094,XLK
2025-07-24,130.69500732421875,XLK
2025-07-25,130.9949951171875,XLK
2025-07-28,132.0399932861328,XLK
2025-07-29,132.0449981689453,XLK
2025-07-30,132.33999633789062,XLK
2025-07-31,131.3699951171875,XLK
2025-08-01,128.53500366210938,XLK
2025-08-04,131.14500427246094,XLK
2025-08-05,130.05999755859375,XLK
2025-08-06,131.52499389648438,XLK
2025-08-07,131.64500427246094,XLK
2025-08-08,132.9600067138672,XLK
2025-08-11,132.05999755859375,XLK
2025-08-12,134.10499572753906,XLK
2025-08-13,134.15499877929688,XLK
2025-08-14,133.86500549316406,XLK
2025-08-15,132.85000610351562,XLK
2025-08-18,133.13499450683594,XLK
2025-08-19,130.80999755859375,XLK
2025-08-20,129.9250030517578,XLK
2025-08-21,129.4550018310547,XLK
2025-08-22,131.2100067138672,XLK
2025-08-25,130.9149932861328,XLK
2025-08-26,131.51499938964844,XLK
2025-08-27,132.22500610351562,XLK
2025-08-28,133.27000427246094,XLK
2025-08-29,131.22500610351562,XLK
2025-09-02,129.89999389648438,XLK
2025-09-03,130.6750030517578,XLK
2025-09-04,131.32000732421875,XLK
2025-09-05,131.42999267578125,XLK
2025-09-08,132.4149932861328,XLK
2025-09-09,132.6699981689453,XLK
2025-09-10,135.0749969482422,XLK
2025-09-11,135.52999877929688,XLK
2025-09-12,135.44000244140625,XLK
2025-09-15,136.66000366210938,XLK
2025-09-16,136.18499755859375,XLK
2025-09-17,135.71499633789062,XLK
2025-09-18,138.05999755859375,XLK
2025-09-19,139.4600067138672,XLK
2025-09-22,141.3300018310547,XLK
2025-09-23,140.11000061035156,XLK
2025-09-24,139.2449951171875,XLK
2025-09-25,139.0,XLK
2025-09-26,139.4199981689453,XLK
2025-09-29,140.1649932861328,XLK
2025-09-30,140.92999267578125,XLK
2025-10-01,142.30999755859375,XLK
2025-10-02,143.0800018310547,XLK
2025-10-03,142.36000061035156,XLK
2025-10-06,143.8000030517578,XLK
2025-10-07,142.83999633789062,XLK
2025-10-08,145.34500122070312,XLK
2025-10-09,145.10000610351562,XLK
2025-10-10,139.19500732421875,XLK
2025-10-13,142.5850067138672,XLK
2025-10-14,140.7550048828125,XLK
2025-10-15,142.14999389648438,XLK
2025-10-16,142.2550048828125,XLK
2025-10-17,142.5050048828125,XLK
2025-10-20,144.09500122070312,XLK
2025-10-21,144.1699981689453,XLK
2025-10-22,142.7449951171875,XLK
2025-10-23,144.5449981689453,XLK
2025-10-24,146.7899932861328,XLK
2025-10-27,149.5,XLK
2025-10-28,150.97999572753906,XLK
2025-10-29,152.06500244140625,XLK
2025-10-30,150.19500732421875,XLK
2025-10-31,150.33999633789062,XLK
2025-11-03,150.9550018310547,XLK
2025-11-04,146.97000122070312,XLK
2025-11-05,147.5449981689453,XLK
2025-11-06,144.5800018310547,XLK
2025-11-07,144.0800018310547,XLK
2025-11-10,147.76499938964844,XLK
2025-11-11,146.5050048828125,XLK
2025-11-12,146.9600067138672,XLK
2025-11-13,143.2949981689453,XLK
2025-11-14,144.0749969482422,XLK
2025-11-17,141.82000732421875,XLK
2025-11-18,139.51499938964844,XLK
2025-11-19,140.48500061035156,XLK
2025-11-20,136.0749969482422,XLK
2025-11-21,136.60000610351562,XLK
2025-11-24,139.85499572753906,XLK
2025-11-25,140.22999572753906,XLK
2025-11-26,141.88999938964844,XLK
2025-11-28,143.11000061035156,XLK
2025-12-01,143.1750030517578,XLK
2025-12-02,144.64999389648438,XLK
2025-12-03,144.9949951171875,XLK
2025-12-04,145.53500366210938,XLK
2025-12-05,146.60000610351562,XLK
2025-12-08,147.6300048828125,XLK
2025-12-09,148.02000427246094,XLK
2025-12-10,148.72999572753906,XLK
2025-12-11,147.97000122070312,XLK
2025-12-12,143.69000244140625,XLK
2025-12-15,142.3000030517578,XLK
2025-12-16,142.55999755859375,XLK
2025-12-17,139.38999938964844,XLK
2025-12-18,141.5399932861328,XLK
2025-12-19,144.60000610351562,XLK
2025-12-22,145.16000366210938,XLK
2025-12-23,145.9499969482422,XLK
2025-12-24,146.3000030517578,XLK
2025-12-26,146.52999877929688,XLK
2025-12-29,145.8699951171875,XLK
2025-12-30,145.41000366210938,XLK
2025-12-31,143.97000122070312,XLK
2026-01-02,144.3000030517578,XLK
2026-01-05,144.6199951171875,XLK
2026-01-06,146.64999389648438,XLK
2026-01-07,146.52999877929688,XLK
2026-01-08,144.24000549316406,XLK
2026-01-09,146.14999389648438,XLK
2026-01-12,146.7899932861328,XLK
2026-01-13,146.47999572753906,XLK
2026-01-14,144.6999969482422,XLK
2026-01-15,145.4600067138672,XLK
2026-01-16,145.6199951171875,XLK
2026-01-20,141.83999633789062,XLK
2026-01-21,143.80999755859375,XLK
2026-01-22,144.8800048828125,XLK
2026-01-23,145.08999633789062,XLK
2026-01-26,146.0800018310547,XLK
2026-01-27,148.0500030517578,XLK
2026-01-28,149.22999572753906,XLK
2026-01-29,146.8699951171875,XLK
2026-01-30,143.8800048828125,XLK
2026-02-02,145.25999450683594,XLK
2026-02-03,142.0800018310547,XLK
2026-02-04,138.1199951171875,XLK
2026-02-05,135.6300048828125,XLK
2026-02-06,141.1300048828125,XLK
2026-02-09,143.35000610351562,XLK
2026-02-10,142.5500030517578,XLK
2026-02-11,142.97000122070312,XLK
2026-02-12,139.2100067138672,XLK
2026-02-13,139.55999755859375,XLK
2026-02-17,139.47999572753906,XLK
2026-02-18,140.91000366210938,XLK
2026-02-19,140.2100067138672,XLK
2026-02-20,140.8800048828125,XLK
2026-02-23,138.52000427246094,XLK
2026-02-24,140.32000732421875,XLK
2026-02-25,143.00999450683594,XLK
2026-02-26,141.00999450683594,XLK
2026-02-27,138.75999450683594,XLK
2026-03-02,139.5399932861328,XLK
2026-03-03,137.5,XLK
2026-03-04,139.83999633789062,XLK
2026-03-05,140.17999267578125,XLK
2026-03-06,137.2899932861328,XLK
2026-03-09,139.75999450683594,XLK
2026-03-10,139.75999450683594,XLK
2026-03-11,140.42999267578125,XLK
2026-03-12,137.83999633789062,XLK
2026-03-13,136.8000030517578,XLK
2026-03-16,138.77999877929688,XLK
2026-03-17,139.5399932861328,XLK
2026-03-18,137.9600067138672,XLK
2026-03-19,138.42999267578125,XLK
2026-03-20,135.2899932861328,XLK
2026-03-23,136.9499969482422,XLK
2026-03-24,136.14999389648438,XLK
2026-03-25,136.75999450683594,XLK
2026-03-26,132.5,XLK
2026-03-27,129.9199981689453,XLK
2026-03-30,127.5,XLK
2026-03-31,132.89999389648438,XLK
2026-04-01,134.91000366210938,XLK
2026-04-02,135.99000549316406,XLK
2026-04-06,136.77999877929688,XLK
2026-04-07,137.42999267578125,XLK
2026-04-08,141.69000244140625,XLK
2026-04-09,142.07000732421875,XLK
2026-04-10,142.6199951171875,XLK
2026-04-13,145.61000061035156,XLK
2026-04-14,147.94000244140625,XLK
2026-04-15,150.3000030517578,XLK
2026-04-16,152.02000427246094,XLK
2026-04-17,154.35000610351562,XLK
2026-04-20,154.55999755859375,XLK
2026-04-21,154.69000244140625,XLK
2026-04-22,158.08999633789062,XLK
2026-04-23,155.83999633789062,XLK
2026-04-24,160.22000122070312,XLK
2026-04-27,160.57000732421875,XLK
2026-04-28,157.85000610351562,XLK
2026-04-29,159.11000061035156,XLK
2026-04-30,159.5,XLK
2026-05-01,161.8699951171875,XLK
2026-05-04,162.0500030517578,XLK
2026-05-05,165.6300048828125,XLK
2026-05-06,170.02999877929688,XLK
2026-05-07,169.69000244140625,XLK
2026-05-08,175.52000427246094,XLK
2026-05-11,177.8800048828125,XLK
2026-05-12,175.1999969482422,XLK
2026-05-13,176.85000610351562,XLK
2026-05-14,179.5,XLK
2026-05-15,176.25999450683594,XLK
2026-05-18,174.36000061035156,XLK
2026-05-19,173.24000549316406,XLK
2026-05-20,177.13999938964844,XLK
2026-05-21,178.60000610351562,XLK
2026-05-22,180.38999938964844,XLK
2026-05-26,185.13999938964844,XLK
2026-05-27,184.42999267578125,XLK
2026-05-28,186.85000610351562,XLK
2026-05-29,191.02000427246094,XLK
2026-06-01,195.75999450683594,XLK
2026-06-02,198.2100067138672,XLK
2026-06-03,196.22999572753906,XLK
2026-06-04,193.1699981689453,XLK
2026-06-05,180.3000030517578,XLK
2026-06-08,184.17999267578125,XLK
2026-06-09,180.77000427246094,XLK
2026-06-10,176.6300048828125,XLK
2026-06-11,183.2100067138672,XLK
2026-06-12,184.8000030517578,XLK
2026-06-15,191.7899932861328,XLK
2026-06-16,186.44000244140625,XLK
2026-06-17,185.8000030517578,XLK
2026-06-18,191.44000244140625,XLK
2026-06-22,192.14999389648438,XLK
2026-06-23,184.19000244140625,XLK
2026-06-24,183.0500030517578,XLK
2026-06-25,184.57000732421875,XLK
2026-06-26,181.11000061035156,XLK
2026-06-29,185.41000366210938,XLK
2026-06-30,190.52000427246094,XLK
2026-07-01,185.6199951171875,XLK
2026-07-02,180.58999633789062,XLK
2026-07-06,183.57000732421875,XLK
2026-07-07,179.17999267578125,XLK
2026-07-08,181.39999389648438,XLK
2026-07-09,185.35000610351562,XLK
2025-01-07,48.33000183105469,XLF
2025-01-08,48.4900016784668,XLF
2025-01-10,47.31999969482422,XLF
2025-01-13,47.65999984741211,XLF
2025-01-14,48.25,XLF
2025-01-15,49.47999954223633,XLF
2025-01-16,49.810001373291016,XLF
2025-01-17,50.22999954223633,XLF
2025-01-21,50.650001525878906,XLF
2025-01-22,50.40999984741211,XLF
2025-01-23,50.70000076293945,XLF
2025-01-24,50.849998474121094,XLF
2025-01-27,51.40999984741211,XLF
2025-01-28,51.31999969482422,XLF
2025-01-29,51.279998779296875,XLF
2025-01-30,51.77000045776367,XLF
2025-01-31,51.470001220703125,XLF
2025-02-03,51.2599983215332,XLF
2025-02-04,51.13999938964844,XLF
2025-02-05,51.68000030517578,XLF
2025-02-06,52.11000061035156,XLF
2025-02-07,51.81999969482422,XLF
2025-02-10,51.40999984741211,XLF
2025-02-11,51.540000915527344,XLF
2025-02-12,51.36000061035156,XLF
2025-02-13,51.70000076293945,XLF
2025-02-14,51.79999923706055,XLF
2025-02-18,52.16999816894531,XLF
2025-02-19,52.189998626708984,XLF
2025-02-20,51.38999938964844,XLF
2025-02-21,50.75,XLF
2025-02-24,50.970001220703125,XLF
2025-02-25,50.959999084472656,XLF
2025-02-26,50.849998474121094,XLF
2025-02-27,51.130001068115234,XLF
2025-02-28,52.18000030517578,XLF
2025-03-03,51.7400016784668,XLF
2025-03-04,49.91999816894531,XLF
2025-03-05,50.209999084472656,XLF
2025-03-06,49.380001068115234,XLF
2025-03-07,49.119998931884766,XLF
2025-03-10,48.02000045776367,XLF
2025-03-11,47.61000061035156,XLF
2025-03-12,47.68000030517578,XLF
2025-03-13,47.41999816894531,XLF
2025-03-14,48.52000045776367,XLF
2025-03-17,49.09000015258789,XLF
2025-03-18,49.029998779296875,XLF
2025-03-19,49.56999969482422,XLF
2025-03-20,49.63999938964844,XLF
2025-03-21,49.459999084472656,XLF
2025-03-24,50.150001525878906,XLF
2025-03-25,50.43000030517578,XLF
2025-03-26,50.279998779296875,XLF
2025-03-27,50.18000030517578,XLF
2025-03-28,49.209999084472656,XLF
2025-03-31,49.810001373291016,XLF
2025-04-01,49.75,XLF
2025-04-02,50.15999984741211,XLF
2025-04-03,47.689998626708984,XLF
2025-04-04,44.20000076293945,XLF
2025-04-07,44.09000015258789,XLF
2025-04-08,43.91999816894531,XLF
2025-04-09,47.22999954223633,XLF
2025-04-10,45.90999984741211,XLF
2025-04-11,46.66999816894531,XLF
2025-04-14,47.150001525878906,XLF
2025-04-15,47.27000045776367,XLF
2025-04-16,46.529998779296875,XLF
2025-04-17,46.650001525878906,XLF
2025-04-21,45.650001525878906,XLF
2025-04-22,47.15999984741211,XLF
2025-04-23,47.720001220703125,XLF
2025-04-24,48.25,XLF
2025-04-25,48.02000045776367,XLF
2025-04-28,48.16999816894531,XLF
2025-04-29,48.66999816894531,XLF
2025-04-30,48.7599983215332,XLF
2025-05-01,48.75,XLF
2025-05-02,49.7599983215332,XLF
2025-05-05,49.439998626708984,XLF
2025-05-06,49.15999984741211,XLF
2025-05-07,49.45000076293945,XLF
2025-05-08,49.86000061035156,XLF
2025-05-09,49.86000061035156,XLF
2025-05-12,50.869998931884766,XLF
2025-05-13,51.08000183105469,XLF
2025-05-14,50.939998626708984,XLF
2025-05-15,51.279998779296875,XLF
2025-05-16,51.59000015258789,XLF
2025-05-19,51.619998931884766,XLF
2025-05-20,51.34000015258789,XLF
2025-05-21,50.290000915527344,XLF
2025-05-22,50.22999954223633,XLF
2025-05-23,50.04999923706055,XLF
2025-05-27,50.93000030517578,XLF
2025-05-28,50.59000015258789,XLF
2025-05-29,50.849998474121094,XLF
2025-05-30,50.959999084472656,XLF
2025-06-02,50.97999954223633,XLF
2025-06-03,51.08000183105469,XLF
2025-06-04,50.790000915527344,XLF
2025-06-05,50.650001525878906,XLF
2025-06-06,51.279998779296875,XLF
2025-06-09,51.0,XLF
2025-06-10,51.060001373291016,XLF
2025-06-11,51.0,XLF
2025-06-12,51.0,XLF
2025-06-13,49.959999084472656,XLF
2025-06-16,50.529998779296875,XLF
2025-06-17,50.2400016784668,XLF
2025-06-18,50.220001220703125,XLF
2025-06-20,50.36000061035156,XLF
2025-06-23,50.81999969482422,XLF
2025-06-24,51.58000183105469,XLF
2025-06-25,51.40999984741211,XLF
2025-06-26,51.790000915527344,XLF
2025-06-27,51.939998626708984,XLF
2025-06-30,52.369998931884766,XLF
2025-07-01,52.65999984741211,XLF
2025-07-02,52.619998931884766,XLF
2025-07-03,53.189998626708984,XLF
2025-07-07,52.68000030517578,XLF
2025-07-08,52.209999084472656,XLF
2025-07-09,52.400001525878906,XLF
2025-07-10,52.709999084472656,XLF
2025-07-11,52.15999984741211,XLF
2025-07-14,52.54999923706055,XLF
2025-07-15,51.650001525878906,XLF
2025-07-16,52.0099983215332,XLF
2025-07-17,52.5099983215332,XLF
2025-07-18,52.540000915527344,XLF
2025-07-21,52.38999938964844,XLF
2025-07-22,52.68000030517578,XLF
2025-07-23,53.099998474121094,XLF
2025-07-24,53.06999969482422,XLF
2025-07-25,53.439998626708984,XLF
2025-07-28,53.06999969482422,XLF
2025-07-29,52.79999923706055,XLF
2025-07-30,52.70000076293945,XLF
2025-07-31,52.369998931884766,XLF
2025-08-01,51.400001525878906,XLF
2025-08-04,51.90999984741211,XLF
2025-08-05,51.70000076293945,XLF
2025-08-06,51.95000076293945,XLF
2025-08-07,51.369998931884766,XLF
2025-08-08,51.849998474121094,XLF
2025-08-11,51.83000183105469,XLF
2025-08-12,52.459999084472656,XLF
2025-08-13,52.7599983215332,XLF
2025-08-14,53.0099983215332,XLF
2025-08-15,52.459999084472656,XLF
2025-08-18,52.5,XLF
2025-08-19,52.599998474121094,XLF
2025-08-20,52.869998931884766,XLF
2025-08-21,52.70000076293945,XLF
2025-08-22,53.56999969482422,XLF
2025-08-25,53.2599983215332,XLF
2025-08-26,53.66999816894531,XLF
2025-08-27,53.779998779296875,XLF
2025-08-28,53.849998474121094,XLF
2025-08-29,53.9900016784668,XLF
2025-09-02,53.59000015258789,XLF
2025-09-03,53.5,XLF
2025-09-04,54.060001373291016,XLF
2025-09-05,53.06999969482422,XLF
2025-09-08,53.11000061035156,XLF
2025-09-09,53.34000015258789,XLF
2025-09-10,53.15999984741211,XLF
2025-09-11,54.029998779296875,XLF
2025-09-12,53.79999923706055,XLF
2025-09-15,53.68000030517578,XLF
2025-09-16,53.560001373291016,XLF
2025-09-17,54.08000183105469,XLF
2025-09-18,54.130001068115234,XLF
2025-09-19,54.25,XLF
2025-09-22,54.0,XLF
2025-09-23,53.7599983215332,XLF
2025-09-24,53.61000061035156,XLF
2025-09-25,53.470001220703125,XLF
2025-09-26,53.86000061035156,XLF
2025-09-29,54.130001068115234,XLF
2025-09-30,53.869998931884766,XLF
2025-10-01,53.38999938964844,XLF
2025-10-02,53.349998474121094,XLF
2025-10-03,53.720001220703125,XLF
2025-10-06,53.70000076293945,XLF
2025-10-07,53.77000045776367,XLF
2025-10-08,53.5099983215332,XLF
2025-10-09,53.31999969482422,XLF
2025-10-10,52.15999984741211,XLF
2025-10-13,52.65999984741211,XLF
2025-10-14,53.2400016784668,XLF
2025-10-15,53.2400016784668,XLF
2025-10-16,51.7599983215332,XLF
2025-10-17,52.18000030517578,XLF
2025-10-20,52.790000915527344,XLF
2025-10-21,52.72999954223633,XLF
2025-10-22,52.43000030517578,XLF
2025-10-23,52.540000915527344,XLF
2025-10-24,53.11000061035156,XLF
2025-10-27,53.33000183105469,XLF
2025-10-28,52.9900016784668,XLF
2025-10-29,52.09000015258789,XLF
2025-10-30,52.22999954223633,XLF
2025-10-31,52.369998931884766,XLF
2025-11-03,52.150001525878906,XLF
2025-11-04,52.41999816894531,XLF
2025-11-05,52.599998474121094,XLF
2025-11-06,52.40999984741211,XLF
2025-11-07,52.779998779296875,XLF
2025-11-10,52.970001220703125,XLF
2025-11-11,53.209999084472656,XLF
2025-11-12,53.66999816894531,XLF
2025-11-13,52.97999954223633,XLF
2025-11-14,52.45000076293945,XLF
2025-11-17,51.45000076293945,XLF
2025-11-18,51.369998931884766,XLF
2025-11-19,51.560001373291016,XLF
2025-11-20,51.11000061035156,XLF
2025-11-21,51.66999816894531,XLF
2025-11-24,51.88999938964844,XLF
2025-11-25,52.540000915527344,XLF
2025-11-26,52.95000076293945,XLF
2025-11-28,53.33000183105469,XLF
2025-12-01,52.88999938964844,XLF
2025-12-02,52.84000015258789,XLF
2025-12-03,53.54999923706055,XLF
2025-12-04,53.65999984741211,XLF
2025-12-05,53.68000030517578,XLF
2025-12-08,53.47999954223633,XLF
2025-12-09,53.279998779296875,XLF
2025-12-10,53.88999938964844,XLF
2025-12-11,54.869998931884766,XLF
2025-12-12,54.95000076293945,XLF
2025-12-15,54.9900016784668,XLF
2025-12-16,54.63999938964844,XLF
2025-12-17,54.630001068115234,XLF
2025-12-18,54.540000915527344,XLF
2025-12-19,54.84000015258789,XLF
2025-12-22,55.31999969482422,XLF
2025-12-23,55.43000030517578,XLF
2025-12-24,55.72999954223633,XLF
2025-12-26,55.619998931884766,XLF
2025-12-29,55.31999969482422,XLF
2025-12-30,55.18000030517578,XLF
2025-12-31,54.77000045776367,XLF
2026-01-02,54.93000030517578,XLF
2026-01-05,56.130001068115234,XLF
2026-01-06,56.400001525878906,XLF
2026-01-07,55.61000061035156,XLF
2026-01-08,55.900001525878906,XLF
2026-01-09,55.72999954223633,XLF
2026-01-12,55.290000915527344,XLF
2026-01-13,54.22999954223633,XLF
2026-01-14,54.150001525878906,XLF
2026-01-15,54.369998931884766,XLF
2026-01-16,54.439998626708984,XLF
2026-01-20,53.20000076293945,XLF
2026-01-21,53.459999084472656,XLF
2026-01-22,53.810001373291016,XLF
2026-01-23,53.06999969482422,XLF
2026-01-26,53.40999984741211,XLF
2026-01-27,53.0,XLF
2026-01-28,52.9900016784668,XLF
2026-01-29,53.54999923706055,XLF
2026-01-30,53.439998626708984,XLF
2026-02-02,54.029998779296875,XLF
2026-02-03,53.529998779296875,XLF
2026-02-04,53.959999084472656,XLF
2026-02-05,53.290000915527344,XLF
2026-02-06,54.2599983215332,XLF
2026-02-09,53.939998626708984,XLF
2026-02-10,53.54999923706055,XLF
2026-02-11,52.7400016784668,XLF
2026-02-12,51.689998626708984,XLF
2026-02-13,51.650001525878906,XLF
2026-02-17,52.20000076293945,XLF
2026-02-18,52.59000015258789,XLF
2026-02-19,52.150001525878906,XLF
2026-02-20,52.4900016784668,XLF
2026-02-23,50.72999954223633,XLF
2026-02-24,50.97999954223633,XLF
2026-02-25,51.869998931884766,XLF
2026-02-26,52.5,XLF
2026-02-27,51.43000030517578,XLF
2026-03-02,51.29999923706055,XLF
2026-03-03,51.209999084472656,XLF
2026-03-04,51.5,XLF
2026-03-05,51.22999954223633,XLF
2026-03-06,50.56999969482422,XLF
2026-03-09,50.33000183105469,XLF
2026-03-10,50.060001373291016,XLF
2026-03-11,49.63999938964844,XLF
2026-03-12,48.83000183105469,XLF
2026-03-13,48.88999938964844,XLF
2026-03-16,49.29999923706055,XLF
2026-03-17,49.560001373291016,XLF
2026-03-18,48.970001220703125,XLF
2026-03-19,48.9900016784668,XLF
2026-03-20,49.08000183105469,XLF
2026-03-23,49.27000045776367,XLF
2026-03-24,49.279998779296875,XLF
2026-03-25,49.34000015258789,XLF
2026-03-26,49.04999923706055,XLF
2026-03-27,47.810001373291016,XLF
2026-03-30,48.36000061035156,XLF
2026-03-31,49.369998931884766,XLF
2026-04-01,49.439998626708984,XLF
2026-04-02,49.529998779296875,XLF
2026-04-06,49.880001068115234,XLF
2026-04-07,49.880001068115234,XLF
2026-04-08,51.20000076293945,XLF
2026-04-09,51.33000183105469,XLF
2026-04-10,50.77000045776367,XLF
2026-04-13,51.65999984741211,XLF
2026-04-14,51.779998779296875,XLF
2026-04-15,52.16999816894531,XLF
2026-04-16,52.029998779296875,XLF
2026-04-17,52.43000030517578,XLF
2026-04-20,52.630001068115234,XLF
2026-04-21,52.29999923706055,XLF
2026-04-22,52.209999084472656,XLF
2026-04-23,51.79999923706055,XLF
2026-04-24,51.41999816894531,XLF
2026-04-27,51.810001373291016,XLF
2026-04-28,51.849998474121094,XLF
2026-04-29,51.91999816894531,XLF
2026-04-30,52.130001068115234,XLF
2026-05-01,51.91999816894531,XLF
2026-05-04,51.58000183105469,XLF
2026-05-05,51.59000015258789,XLF
2026-05-06,51.84000015258789,XLF
2026-05-07,51.54999923706055,XLF
2026-05-08,51.2400016784668,XLF
2026-05-11,51.18000030517578,XLF
2026-05-12,51.58000183105469,XLF
2026-05-13,50.9900016784668,XLF
2026-05-14,51.290000915527344,XLF
2026-05-15,51.099998474121094,XLF
2026-05-18,51.7400016784668,XLF
2026-05-19,51.099998474121094,XLF
2026-05-20,51.65999984741211,XLF
2026-05-21,51.72999954223633,XLF
2026-05-22,51.939998626708984,XLF
2026-05-26,51.849998474121094,XLF
2026-05-27,51.41999816894531,XLF
2026-05-28,51.27000045776367,XLF
2026-05-29,51.58000183105469,XLF
2026-06-01,51.43000030517578,XLF
2026-06-02,51.459999084472656,XLF
2026-06-03,50.869998931884766,XLF
2026-06-04,52.189998626708984,XLF
2026-06-05,52.29999923706055,XLF
2026-06-08,51.970001220703125,XLF
2026-06-09,52.459999084472656,XLF
2026-06-10,52.22999954223633,XLF
2026-06-11,52.619998931884766,XLF
2026-06-12,53.34000015258789,XLF
2026-06-15,53.560001373291016,XLF
2026-06-16,54.349998474121094,XLF
2026-06-17,54.04999923706055,XLF
2026-06-18,53.56999969482422,XLF
2026-06-22,53.70000076293945,XLF
2026-06-23,53.880001068115234,XLF
2026-06-24,53.720001220703125,XLF
2026-06-25,53.45000076293945,XLF
2026-06-26,53.56999969482422,XLF
2026-06-29,53.720001220703125,XLF
2026-06-30,53.61000061035156,XLF
2026-07-01,54.779998779296875,XLF
2026-07-02,55.619998931884766,XLF
2026-07-06,56.13999938964844,XLF
2026-07-07,56.04999923706055,XLF
2026-07-08,54.970001220703125,XLF
2026-07-09,55.540000915527344,XLF
2025-01-07,43.970001220703125,XLE
2025-01-08,44.01499938964844,XLE
2025-01-10,44.19499969482422,XLE
2025-01-13,45.125,XLE
2025-01-14,45.61000061035156,XLE
2025-01-15,46.28499984741211,XLE
2025-01-16,46.619998931884766,XLE
2025-01-17,46.97999954223633,XLE
2025-01-21,46.7400016784668,XLE
2025-01-22,45.88999938964844,XLE
2025-01-23,46.099998474121094,XLE
2025-01-24,45.654998779296875,XLE
2025-01-27,45.18000030517578,XLE
2025-01-28,44.75,XLE
2025-01-29,44.849998474121094,XLE
2025-01-30,45.08000183105469,XLE
2025-01-31,43.81999969482422,XLE
2025-02-03,44.095001220703125,XLE
2025-02-04,45.02000045776367,XLE
2025-02-05,45.1150016784668,XLE
2025-02-06,44.28499984741211,XLE
2025-02-07,44.279998779296875,XLE
2025-02-10,45.255001068115234,XLE
2025-02-11,45.619998931884766,XLE
2025-02-12,44.52000045776367,XLE
2025-02-13,44.85499954223633,XLE
2025-02-14,45.03499984741211,XLE
2025-02-18,45.650001525878906,XLE
2025-02-19,46.0099983215332,XLE
2025-02-20,46.43000030517578,XLE
2025-02-21,45.46500015258789,XLE
2025-02-24,45.474998474121094,XLE
2025-02-25,44.81999969482422,XLE
2025-02-26,44.564998626708984,XLE
2025-02-27,44.80500030517578,XLE
2025-02-28,45.5,XLE
2025-03-03,43.90999984741211,XLE
2025-03-04,43.48500061035156,XLE
2025-03-05,42.849998474121094,XLE
2025-03-06,42.97999954223633,XLE
2025-03-07,43.71500015258789,XLE
2025-03-10,44.040000915527344,XLE
2025-03-11,43.689998626708984,XLE
2025-03-12,43.88999938964844,XLE
2025-03-13,43.59000015258789,XLE
2025-03-14,44.880001068115234,XLE
2025-03-17,45.595001220703125,XLE
2025-03-18,45.66999816894531,XLE
2025-03-19,46.415000915527344,XLE
2025-03-20,46.584999084472656,XLE
2025-03-21,46.2599983215332,XLE
2025-03-24,46.42499923706055,XLE
2025-03-25,46.6150016784668,XLE
2025-03-26,46.88999938964844,XLE
2025-03-27,46.435001373291016,XLE
2025-03-28,46.21500015258789,XLE
2025-03-31,46.724998474121094,XLE
2025-04-01,47.0,XLE
2025-04-02,47.064998626708984,XLE
2025-04-03,43.369998931884766,XLE
2025-04-04,39.380001068115234,XLE
2025-04-07,39.125,XLE
2025-04-08,38.220001220703125,XLE
2025-04-09,41.18000030517578,XLE
2025-04-10,38.4900016784668,XLE
2025-04-11,39.44499969482422,XLE
2025-04-14,39.584999084472656,XLE
2025-04-15,39.525001525878906,XLE
2025-04-16,39.849998474121094,XLE
2025-04-17,40.75,XLE
2025-04-21,39.685001373291016,XLE
2025-04-22,40.69499969482422,XLE
2025-04-23,40.619998931884766,XLE
2025-04-24,41.27000045776367,XLE
2025-04-25,41.19499969482422,XLE
2025-04-28,41.48500061035156,XLE
2025-04-29,41.3650016784668,XLE
2025-04-30,40.25,XLE
2025-05-01,40.400001525878906,XLE
2025-05-02,40.9900016784668,XLE
2025-05-05,40.25,XLE
2025-05-06,40.2599983215332,XLE
2025-05-07,40.275001525878906,XLE
2025-05-08,40.80500030517578,XLE
2025-05-09,41.21500015258789,XLE
2025-05-12,42.290000915527344,XLE
2025-05-13,42.8849983215332,XLE
2025-05-14,42.625,XLE
2025-05-15,42.80500030517578,XLE
2025-05-16,42.7400016784668,XLE
2025-05-19,42.185001373291016,XLE
2025-05-20,41.79499816894531,XLE
2025-05-21,41.025001525878906,XLE
2025-05-22,40.8650016784668,XLE
2025-05-23,40.994998931884766,XLE
2025-05-27,41.349998474121094,XLE
2025-05-28,40.82500076293945,XLE
2025-05-29,41.130001068115234,XLE
2025-05-30,40.76499938964844,XLE
2025-06-02,41.29999923706055,XLE
2025-06-03,41.790000915527344,XLE
2025-06-04,40.974998474121094,XLE
2025-06-05,40.935001373291016,XLE
2025-06-06,41.70500183105469,XLE
2025-06-09,41.78499984741211,XLE
2025-06-10,42.529998779296875,XLE
2025-06-11,43.14500045776367,XLE
2025-06-12,43.29499816894531,XLE
2025-06-13,44.04999923706055,XLE
2025-06-16,43.91999816894531,XLE
2025-06-17,44.33000183105469,XLE
2025-06-18,44.040000915527344,XLE
2025-06-20,44.4900016784668,XLE
2025-06-23,43.01499938964844,XLE
2025-06-24,42.45500183105469,XLE
2025-06-25,42.27000045776367,XLE
2025-06-26,42.875,XLE
2025-06-27,42.650001525878906,XLE
2025-06-30,42.404998779296875,XLE
2025-07-01,42.72999954223633,XLE
2025-07-02,43.46500015258789,XLE
2025-07-03,43.51499938964844,XLE
2025-07-07,43.095001220703125,XLE
2025-07-08,44.255001068115234,XLE
2025-07-09,44.029998779296875,XLE
2025-07-10,44.3650016784668,XLE
2025-07-11,44.564998626708984,XLE
2025-07-14,44.07500076293945,XLE
2025-07-15,43.439998626708984,XLE
2025-07-16,43.064998626708984,XLE
2025-07-17,43.33000183105469,XLE
2025-07-18,42.97999954223633,XLE
2025-07-21,42.53499984741211,XLE
2025-07-22,42.73500061035156,XLE
2025-07-23,43.404998779296875,XLE
2025-07-24,43.71500015258789,XLE
2025-07-25,43.54999923706055,XLE
2025-07-28,44.04499816894531,XLE
2025-07-29,44.474998474121094,XLE
2025-07-30,43.84000015258789,XLE
2025-07-31,43.60499954223633,XLE
2025-08-01,42.79499816894531,XLE
2025-08-04,42.70000076293945,XLE
2025-08-05,42.755001068115234,XLE
2025-08-06,42.36000061035156,XLE
2025-08-07,42.19499969482422,XLE
2025-08-08,42.46500015258789,XLE
2025-08-11,42.125,XLE
2025-08-12,42.33000183105469,XLE
2025-08-13,42.81999969482422,XLE
2025-08-14,42.779998779296875,XLE
2025-08-15,42.779998779296875,XLE
2025-08-18,42.525001525878906,XLE
2025-08-19,42.540000915527344,XLE
2025-08-20,42.89500045776367,XLE
2025-08-21,43.189998626708984,XLE
2025-08-22,44.06999969482422,XLE
2025-08-25,44.185001373291016,XLE
2025-08-26,44.1150016784668,XLE
2025-08-27,44.61000061035156,XLE
2025-08-28,44.95000076293945,XLE
2025-08-29,45.19499969482422,XLE
2025-09-02,45.2599983215332,XLE
2025-09-03,44.244998931884766,XLE
2025-09-04,44.540000915527344,XLE
2025-09-05,43.68000030517578,XLE
2025-09-08,43.58000183105469,XLE
2025-09-09,43.790000915527344,XLE
2025-09-10,44.55500030517578,XLE
2025-09-11,44.564998626708984,XLE
2025-09-12,44.29999923706055,XLE
2025-09-15,44.150001525878906,XLE
2025-09-16,44.88999938964844,XLE
2025-09-17,44.994998931884766,XLE
2025-09-18,44.85499954223633,XLE
2025-09-19,44.2599983215332,XLE
2025-09-22,43.834999084472656,XLE
2025-09-23,44.59000015258789,XLE
2025-09-24,45.16999816894531,XLE
2025-09-25,45.57500076293945,XLE
2025-09-26,45.994998931884766,XLE
2025-09-29,45.150001525878906,XLE
2025-09-30,44.66999816894531,XLE
2025-10-01,44.66999816894531,XLE
2025-10-02,44.220001220703125,XLE
2025-10-03,44.45500183105469,XLE
2025-10-06,44.67499923706055,XLE
2025-10-07,44.744998931884766,XLE
2025-10-08,44.48500061035156,XLE
2025-10-09,43.880001068115234,XLE
2025-10-10,42.61000061035156,XLE
2025-10-13,43.189998626708984,XLE
2025-10-14,43.185001373291016,XLE
2025-10-15,43.15999984741211,XLE
2025-10-16,42.63999938964844,XLE
2025-10-17,42.9900016784668,XLE
2025-10-20,43.44499969482422,XLE
2025-10-21,43.345001220703125,XLE
2025-10-22,43.900001525878906,XLE
2025-10-23,44.48500061035156,XLE
2025-10-24,44.03499984741211,XLE
2025-10-27,44.13999938964844,XLE
2025-10-28,43.68000030517578,XLE
2025-10-29,44.005001068115234,XLE
2025-10-30,43.744998931884766,XLE
2025-10-31,44.064998626708984,XLE
2025-11-03,44.06999969482422,XLE
2025-11-04,43.595001220703125,XLE
2025-11-05,43.709999084472656,XLE
2025-11-06,44.1349983215332,XLE
2025-11-07,44.77000045776367,XLE
2025-11-10,45.17499923706055,XLE
2025-11-11,45.76499938964844,XLE
2025-11-12,45.125,XLE
2025-11-13,45.2400016784668,XLE
2025-11-14,46.0099983215332,XLE
2025-11-17,45.16999816894531,XLE
2025-11-18,45.529998779296875,XLE
2025-11-19,44.939998626708984,XLE
2025-11-20,44.43000030517578,XLE
2025-11-21,44.709999084472656,XLE
2025-11-24,44.584999084472656,XLE
2025-11-25,44.30500030517578,XLE
2025-11-26,44.63999938964844,XLE
2025-11-28,45.224998474121094,XLE
2025-12-01,45.65999984741211,XLE
2025-12-02,45.06999969482422,XLE
2025-12-03,45.915000915527344,XLE
2025-12-04,46.11000061035156,XLE
2025-12-05,45.91999816894531,XLE
2025-12-08,45.41999816894531,XLE
2025-12-09,45.70000076293945,XLE
2025-12-10,46.18000030517578,XLE
2025-12-11,45.959999084472656,XLE
2025-12-12,45.5099983215332,XLE
2025-12-15,45.189998626708984,XLE
2025-12-16,43.810001373291016,XLE
2025-12-17,44.779998779296875,XLE
2025-12-18,44.130001068115234,XLE
2025-12-19,44.130001068115234,XLE
2025-12-22,44.209999084472656,XLE
2025-12-23,44.5,XLE
2025-12-24,44.369998931884766,XLE
2025-12-26,44.20000076293945,XLE
2025-12-29,44.619998931884766,XLE
2025-12-30,44.959999084472656,XLE
2025-12-31,44.709999084472656,XLE
2026-01-02,45.650001525878906,XLE
2026-01-05,46.88999938964844,XLE
2026-01-06,45.63999938964844,XLE
2026-01-07,45.130001068115234,XLE
2026-01-08,46.54999923706055,XLE
2026-01-09,46.66999816894531,XLE
2026-01-12,46.34000015258789,XLE
2026-01-13,47.0,XLE
2026-01-14,48.060001373291016,XLE
2026-01-15,47.61000061035156,XLE
2026-01-16,47.689998626708984,XLE
2026-01-20,47.599998474121094,XLE
2026-01-21,48.75,XLE
2026-01-22,48.90999984741211,XLE
2026-01-23,49.189998626708984,XLE
2026-01-26,49.220001220703125,XLE
2026-01-27,49.66999816894531,XLE
2026-01-28,50.04999923706055,XLE
2026-01-29,50.5099983215332,XLE
2026-01-30,51.04999923706055,XLE
2026-02-02,50.04999923706055,XLE
2026-02-03,51.66999816894531,XLE
2026-02-04,52.83000183105469,XLE
2026-02-05,52.209999084472656,XLE
2026-02-06,53.25,XLE
2026-02-09,53.63999938964844,XLE
2026-02-10,53.58000183105469,XLE
2026-02-11,54.97999954223633,XLE
2026-02-12,53.97999954223633,XLE
2026-02-13,54.349998474121094,XLE
2026-02-17,53.75,XLE
2026-02-18,54.779998779296875,XLE
2026-02-19,55.18000030517578,XLE
2026-02-20,54.880001068115234,XLE
2026-02-23,55.150001525878906,XLE
2026-02-24,55.099998474121094,XLE
2026-02-25,54.869998931884766,XLE
2026-02-26,55.04999923706055,XLE
2026-02-27,55.91999816894531,XLE
2026-03-02,57.040000915527344,XLE
2026-03-03,56.52000045776367,XLE
2026-03-04,56.189998626708984,XLE
2026-03-05,56.47999954223633,XLE
2026-03-06,56.56999969482422,XLE
2026-03-09,56.31999969482422,XLE
2026-03-10,55.599998474121094,XLE
2026-03-11,56.97999954223633,XLE
2026-03-12,57.5099983215332,XLE
2026-03-13,57.70000076293945,XLE
2026-03-16,57.900001525878906,XLE
2026-03-17,58.5099983215332,XLE
2026-03-18,58.43000030517578,XLE
2026-03-19,59.36000061035156,XLE
2026-03-20,59.310001373291016,XLE
2026-03-23,59.630001068115234,XLE
2026-03-24,60.84000015258789,XLE
2026-03-25,60.56999969482422,XLE
2026-03-26,61.52000045776367,XLE
2026-03-27,62.560001373291016,XLE
2026-03-30,61.959999084472656,XLE
2026-03-31,61.2599983215332,XLE
2026-04-01,58.970001220703125,XLE
2026-04-02,59.25,XLE
2026-04-06,59.68000030517578,XLE
2026-04-07,60.15999984741211,XLE
2026-04-08,58.04999923706055,XLE
2026-04-09,57.33000183105469,XLE
2026-04-10,56.939998626708984,XLE
2026-04-13,57.11000061035156,XLE
2026-04-14,55.95000076293945,XLE
2026-04-15,55.7599983215332,XLE
2026-04-16,56.58000183105469,XLE
2026-04-17,55.02000045776367,XLE
2026-04-20,55.06999969482422,XLE
2026-04-21,55.869998931884766,XLE
2026-04-22,56.540000915527344,XLE
2026-04-23,56.97999954223633,XLE
2026-04-24,56.869998931884766,XLE
2026-04-27,56.77000045776367,XLE
2026-04-28,57.709999084472656,XLE
2026-04-29,59.029998779296875,XLE
2026-04-30,59.650001525878906,XLE
2026-05-01,58.849998474121094,XLE
2026-05-04,59.38999938964844,XLE
2026-05-05,59.45000076293945,XLE
2026-05-06,57.0,XLE
2026-05-07,55.95000076293945,XLE
2026-05-08,55.70000076293945,XLE
2026-05-11,57.16999816894531,XLE
2026-05-12,57.56999969482422,XLE
2026-05-13,57.630001068115234,XLE
2026-05-14,58.06999969482422,XLE
2026-05-15,59.439998626708984,XLE
2026-05-18,60.58000183105469,XLE
2026-05-19,61.290000915527344,XLE
2026-05-20,59.79999923706055,XLE
2026-05-21,59.130001068115234,XLE
2026-05-22,59.4900016784668,XLE
2026-05-26,57.849998474121094,XLE
2026-05-27,56.9900016784668,XLE
2026-05-28,56.95000076293945,XLE
2026-05-29,56.290000915527344,XLE
2026-06-01,57.29999923706055,XLE
2026-06-02,57.959999084472656,XLE
2026-06-03,58.709999084472656,XLE
2026-06-04,58.75,XLE
2026-06-05,57.66999816894531,XLE
2026-06-08,58.33000183105469,XLE
2026-06-09,57.38999938964844,XLE
2026-06-10,58.25,XLE
2026-06-11,57.119998931884766,XLE
2026-06-12,57.54999923706055,XLE
2026-06-15,55.54999923706055,XLE
2026-06-16,55.36000061035156,XLE
2026-06-17,54.66999816894531,XLE
2026-06-18,53.77000045776367,XLE
2026-06-22,54.060001373291016,XLE
2026-06-23,54.459999084472656,XLE
2026-06-24,53.56999969482422,XLE
2026-06-25,54.09000015258789,XLE
2026-06-26,53.84000015258789,XLE
2026-06-29,53.58000183105469,XLE
2026-06-30,53.11000061035156,XLE
2026-07-01,52.810001373291016,XLE
2026-07-02,53.220001220703125,XLE
2026-07-06,53.130001068115234,XLE
2026-07-07,54.63999938964844,XLE
2026-07-08,55.599998474121094,XLE
2026-07-09,54.81999969482422,XLE
2025-01-07,139.7100067138672,XLV
2025-01-08,140.42999267578125,XLV
2025-01-10,139.63999938964844,XLV
2025-01-13,141.4600067138672,XLV
2025-01-14,140.0,XLV
2025-01-15,140.57000732421875,XLV
2025-01-16,141.1300048828125,XLV
2025-01-17,140.17999267578125,XLV
2025-01-21,142.5,XLV
2025-01-22,142.17999267578125,XLV
2025-01-23,144.0800018310547,XLV
2025-01-24,144.30999755859375,XLV
2025-01-27,147.5500030517578,XLV
2025-01-28,146.52000427246094,XLV
2025-01-29,145.66000366210938,XLV
2025-01-30,147.33999633789062,XLV
2025-01-31,146.8699951171875,XLV
2025-02-03,147.44000244140625,XLV
2025-02-04,147.0399932861328,XLV
2025-02-05,148.4499969482422,XLV
2025-02-06,147.1199951171875,XLV
2025-02-07,146.42999267578125,XLV
2025-02-10,146.3000030517578,XLV
2025-02-11,146.02999877929688,XLV
2025-02-12,145.82000732421875,XLV
2025-02-13,146.38999938964844,XLV
2025-02-14,144.8000030517578,XLV
2025-02-18,144.52000427246094,XLV
2025-02-19,146.39999389648438,XLV
2025-02-20,147.22000122070312,XLV
2025-02-21,146.42999267578125,XLV
2025-02-24,147.6199951171875,XLV
2025-02-25,148.88999938964844,XLV
2025-02-26,147.82000732421875,XLV
2025-02-27,147.22000122070312,XLV
2025-02-28,148.92999267578125,XLV
2025-03-03,149.5800018310547,XLV
2025-03-04,148.19000244140625,XLV
2025-03-05,149.67999267578125,XLV
2025-03-06,149.27000427246094,XLV
2025-03-07,149.27999877929688,XLV
2025-03-10,147.6699981689453,XLV
2025-03-11,146.05999755859375,XLV
2025-03-12,144.60000610351562,XLV
2025-03-13,143.8300018310547,XLV
2025-03-14,144.92999267578125,XLV
2025-03-17,146.77000427246094,XLV
2025-03-18,146.83999633789062,XLV
2025-03-19,146.9199981689453,XLV
2025-03-20,147.00999450683594,XLV
2025-03-21,146.60000610351562,XLV
2025-03-24,147.14999389648438,XLV
2025-03-25,145.27000427246094,XLV
2025-03-26,144.74000549316406,XLV
2025-03-27,144.97000122070312,XLV
2025-03-28,144.52000427246094,XLV
2025-03-31,146.00999450683594,XLV
2025-04-01,143.33999633789062,XLV
2025-04-02,144.3000030517578,XLV
2025-04-03,143.1300048828125,XLV
2025-04-04,135.27999877929688,XLV
2025-04-07,134.47000122070312,XLV
2025-04-08,132.97999572753906,XLV
2025-04-09,138.75999450683594,XLV
2025-04-10,134.88999938964844,XLV
2025-04-11,136.8699951171875,XLV
2025-04-14,138.5399932861328,XLV
2025-04-15,137.69000244140625,XLV
2025-04-16,136.2899932861328,XLV
2025-04-17,135.49000549316406,XLV
2025-04-21,132.57000732421875,XLV
2025-04-22,135.05999755859375,XLV
2025-04-23,135.72999572753906,XLV
2025-04-24,137.38999938964844,XLV
2025-04-25,138.0500030517578,XLV
2025-04-28,138.60000610351562,XLV
2025-04-29,139.27999877929688,XLV
2025-04-30,140.47000122070312,XLV
2025-05-01,136.63999938964844,XLV
2025-05-02,138.52999877929688,XLV
2025-05-05,138.13999938964844,XLV
2025-05-06,134.3300018310547,XLV
2025-05-07,135.36000061035156,XLV
2025-05-08,134.13999938964844,XLV
2025-05-09,132.67999267578125,XLV
2025-05-12,135.9600067138672,XLV
2025-05-13,131.8699951171875,XLV
2025-05-14,128.77000427246094,XLV
2025-05-15,130.4600067138672,XLV
2025-05-16,133.08999633789062,XLV
2025-05-19,134.3699951171875,XLV
2025-05-20,134.6999969482422,XLV
2025-05-21,131.5800018310547,XLV
2025-05-22,130.5500030517578,XLV
2025-05-23,130.33999633789062,XLV
2025-05-27,132.16000366210938,XLV
2025-05-28,131.47999572753906,XLV
2025-05-29,132.36000061035156,XLV
2025-05-30,132.63999938964844,XLV
2025-06-02,132.72000122070312,XLV
2025-06-03,133.02999877929688,XLV
2025-06-04,133.2899932861328,XLV
2025-06-05,133.11000061035156,XLV
2025-06-06,134.3800048828125,XLV
2025-06-09,134.14999389648438,XLV
2025-06-10,135.67999267578125,XLV
2025-06-11,135.75,XLV
2025-06-12,136.80999755859375,XLV
2025-06-13,136.1300048828125,XLV
2025-06-16,135.7100067138672,XLV
2025-06-17,133.47000122070312,XLV
2025-06-18,133.24000549316406,XLV
2025-06-20,132.60000610351562,XLV
2025-06-23,132.16000366210938,XLV
2025-06-24,133.77999877929688,XLV
2025-06-25,133.89999389648438,XLV
2025-06-26,134.22000122070312,XLV
2025-06-27,133.92999267578125,XLV
2025-06-30,134.7899932861328,XLV
2025-07-01,136.7100067138672,XLV
2025-07-02,135.36000061035156,XLV
2025-07-03,135.5,XLV
2025-07-07,134.36000061035156,XLV
2025-07-08,134.97000122070312,XLV
2025-07-09,135.49000549316406,XLV
2025-07-10,136.32000732421875,XLV
2025-07-11,135.19000244140625,XLV
2025-07-14,135.02999877929688,XLV
2025-07-15,132.60000610351562,XLV
2025-07-16,134.25,XLV
2025-07-17,132.72000122070312,XLV
2025-07-18,131.83999633789062,XLV
2025-07-21,131.08999633789062,XLV
2025-07-22,133.52999877929688,XLV
2025-07-23,136.27000427246094,XLV
2025-07-24,135.75999450683594,XLV
2025-07-25,136.47999572753906,XLV
2025-07-28,135.2899932861328,XLV
2025-07-29,134.42999267578125,XLV
2025-07-30,134.19000244140625,XLV
2025-07-31,130.42999267578125,XLV
2025-08-01,131.1300048828125,XLV
2025-08-04,133.00999450683594,XLV
2025-08-05,132.5,XLV
2025-08-06,130.50999450683594,XLV
2025-08-07,129.00999450683594,XLV
2025-08-08,130.16000366210938,XLV
2025-08-11,130.2899932861328,XLV
2025-08-12,131.19000244140625,XLV
2025-08-13,133.2899932861328,XLV
2025-08-14,133.9600067138672,XLV
2025-08-15,136.2100067138672,XLV
2025-08-18,135.88999938964844,XLV
2025-08-19,136.75999450683594,XLV
2025-08-20,137.5,XLV
2025-08-21,137.0399932861328,XLV
2025-08-22,138.1699981689453,XLV
2025-08-25,136.1999969482422,XLV
2025-08-26,137.0500030517578,XLV
2025-08-27,136.97000122070312,XLV
2025-08-28,136.42999267578125,XLV
2025-08-29,137.42999267578125,XLV
2025-09-02,137.55999755859375,XLV
2025-09-03,136.91000366210938,XLV
2025-09-04,137.42999267578125,XLV
2025-09-05,137.89999389648438,XLV
2025-09-08,137.85000610351562,XLV
2025-09-09,138.58999633789062,XLV
2025-09-10,137.3300018310547,XLV
2025-09-11,139.72000122070312,XLV
2025-09-12,138.11000061035156,XLV
2025-09-15,136.92999267578125,XLV
2025-09-16,136.92999267578125,XLV
2025-09-17,137.1999969482422,XLV
2025-09-18,137.47000122070312,XLV
2025-09-19,137.2899932861328,XLV
2025-09-22,136.6300048828125,XLV
2025-09-23,136.94000244140625,XLV
2025-09-24,136.38999938964844,XLV
2025-09-25,134.1300048828125,XLV
2025-09-26,135.5,XLV
2025-09-29,135.89999389648438,XLV
2025-09-30,139.1699981689453,XLV
2025-10-01,143.47000122070312,XLV
2025-10-02,143.19000244140625,XLV
2025-10-03,144.82000732421875,XLV
2025-10-06,144.1199951171875,XLV
2025-10-07,144.22999572753906,XLV
2025-10-08,144.50999450683594,XLV
2025-10-09,144.19000244140625,XLV
2025-10-10,142.11000061035156,XLV
2025-10-13,141.9499969482422,XLV
2025-10-14,142.33999633789062,XLV
2025-10-15,142.55999755859375,XLV
2025-10-16,142.32000732421875,XLV
2025-10-17,143.27000427246094,XLV
2025-10-20,144.7899932861328,XLV
2025-10-21,145.1300048828125,XLV
2025-10-22,145.9600067138672,XLV
2025-10-23,146.0399932861328,XLV
2025-10-24,146.02999877929688,XLV
2025-10-27,146.3699951171875,XLV
2025-10-28,145.4499969482422,XLV
2025-10-29,143.97999572753906,XLV
2025-10-30,144.3000030517578,XLV
2025-10-31,144.25,XLV
2025-11-03,144.4499969482422,XLV
2025-11-04,145.10000610351562,XLV
2025-11-05,145.66000366210938,XLV
2025-11-06,145.94000244140625,XLV
2025-11-07,146.13999938964844,XLV
2025-11-10,147.27999877929688,XLV
2025-11-11,150.67999267578125,XLV
2025-11-12,152.82000732421875,XLV
2025-11-13,152.74000549316406,XLV
2025-11-14,151.8300018310547,XLV
2025-11-17,151.6999969482422,XLV
2025-11-18,152.58999633789062,XLV
2025-11-19,152.3300018310547,XLV
2025-11-20,151.4199981689453,XLV
2025-11-21,154.61000061035156,XLV
2025-11-24,155.25999450683594,XLV
2025-11-25,158.77000427246094,XLV
2025-11-26,158.4199981689453,XLV
2025-11-28,157.64999389648438,XLV
2025-12-01,155.2899932861328,XLV
2025-12-02,154.36000061035156,XLV
2025-12-03,155.0800018310547,XLV
2025-12-04,153.89999389648438,XLV
2025-12-05,153.25999450683594,XLV
2025-12-08,151.42999267578125,XLV
2025-12-09,149.9600067138672,XLV
2025-12-10,152.13999938964844,XLV
2025-12-11,153.5800018310547,XLV
2025-12-12,154.05999755859375,XLV
2025-12-15,156.10000610351562,XLV
2025-12-16,154.07000732421875,XLV
2025-12-17,153.7899932861328,XLV
2025-12-18,153.91000366210938,XLV
2025-12-19,154.94000244140625,XLV
2025-12-22,155.3000030517578,XLV
2025-12-23,154.99000549316406,XLV
2025-12-24,155.8000030517578,XLV
2025-12-26,156.0500030517578,XLV
2025-12-29,155.80999755859375,XLV
2025-12-30,155.67999267578125,XLV
2025-12-31,154.8000030517578,XLV
2026-01-02,155.50999450683594,XLV
2026-01-05,155.0399932861328,XLV
2026-01-06,158.08999633789062,XLV
2026-01-07,159.66000366210938,XLV
2026-01-08,158.1199951171875,XLV
2026-01-09,157.30999755859375,XLV
2026-01-12,157.3800048828125,XLV
2026-01-13,156.74000549316406,XLV
2026-01-14,157.86000061035156,XLV
2026-01-15,156.9600067138672,XLV
2026-01-16,155.74000549316406,XLV
2026-01-20,155.39999389648438,XLV
2026-01-21,158.25999450683594,XLV
2026-01-22,158.2899932861328,XLV
2026-01-23,157.47999572753906,XLV
2026-01-26,158.10000610351562,XLV
2026-01-27,155.4499969482422,XLV
2026-01-28,154.30999755859375,XLV
2026-01-29,153.82000732421875,XLV
2026-01-30,154.74000549316406,XLV
2026-02-02,155.69000244140625,XLV
2026-02-03,154.10000610351562,XLV
2026-02-04,156.02999877929688,XLV
2026-02-05,154.83999633789062,XLV
2026-02-06,157.7100067138672,XLV
2026-02-09,156.32000732421875,XLV
2026-02-10,155.3300018310547,XLV
2026-02-11,156.25,XLV
2026-02-12,156.0,XLV
2026-02-13,157.6699981689453,XLV
2026-02-17,157.3699951171875,XLV
2026-02-18,157.6699981689453,XLV
2026-02-19,157.25999450683594,XLV
2026-02-20,156.82000732421875,XLV
2026-02-23,158.5399932861328,XLV
2026-02-24,157.8699951171875,XLV
2026-02-25,157.8300018310547,XLV
2026-02-26,157.4199981689453,XLV
2026-02-27,160.1999969482422,XLV
2026-03-02,158.52999877929688,XLV
2026-03-03,156.74000549316406,XLV
2026-03-04,157.0500030517578,XLV
2026-03-05,153.91000366210938,XLV
2026-03-06,152.6999969482422,XLV
2026-03-09,154.25999450683594,XLV
2026-03-10,153.14999389648438,XLV
2026-03-11,152.85000610351562,XLV
2026-03-12,150.16000366210938,XLV
2026-03-13,149.7899932861328,XLV
2026-03-16,151.00999450683594,XLV
2026-03-17,149.63999938964844,XLV
2026-03-18,147.13999938964844,XLV
2026-03-19,146.61000061035156,XLV
2026-03-20,145.3300018310547,XLV
2026-03-23,144.77000427246094,XLV
2026-03-24,144.7899932861328,XLV
2026-03-25,146.24000549316406,XLV
2026-03-26,145.74000549316406,XLV
2026-03-27,143.25999450683594,XLV
2026-03-30,143.82000732421875,XLV
2026-03-31,146.61000061035156,XLV
2026-04-01,147.72999572753906,XLV
2026-04-02,146.80999755859375,XLV
2026-04-06,146.27999877929688,XLV
2026-04-07,146.57000732421875,XLV
2026-04-08,149.6699981689453,XLV
2026-04-09,149.3300018310547,XLV
2026-04-10,147.30999755859375,XLV
2026-04-13,147.97000122070312,XLV
2026-04-14,148.8300018310547,XLV
2026-04-15,147.77000427246094,XLV
2026-04-16,146.61000061035156,XLV
2026-04-17,148.8000030517578,XLV
2026-04-20,147.4199981689453,XLV
2026-04-21,145.9199981689453,XLV
2026-04-22,146.3800048828125,XLV
2026-04-23,146.24000549316406,XLV
2026-04-24,144.17999267578125,XLV
2026-04-27,143.4600067138672,XLV
2026-04-28,143.83999633789062,XLV
2026-04-29,142.83999633789062,XLV
2026-04-30,145.99000549316406,XLV
2026-05-01,145.16000366210938,XLV
2026-05-04,144.72999572753906,XLV
2026-05-05,145.3000030517578,XLV
2026-05-06,145.39999389648438,XLV
2026-05-07,144.72000122070312,XLV
2026-05-08,143.49000549316406,XLV
2026-05-11,143.0399932861328,XLV
2026-05-12,145.85000610351562,XLV
2026-05-13,146.7100067138672,XLV
2026-05-14,146.6300048828125,XLV
2026-05-15,145.10000610351562,XLV
2026-05-18,145.72000122070312,XLV
2026-05-19,147.32000732421875,XLV
2026-05-20,147.1300048828125,XLV
2026-05-21,148.14999389648438,XLV
2026-05-22,149.88999938964844,XLV
2026-05-26,148.50999450683594,XLV
2026-05-27,148.7899932861328,XLV
2026-05-28,150.8800048828125,XLV
2026-05-29,149.47000122070312,XLV
2026-06-01,147.83999633789062,XLV
2026-06-02,146.39999389648438,XLV
2026-06-03,147.5500030517578,XLV
2026-06-04,152.0800018310547,XLV
2026-06-05,153.00999450683594,XLV
2026-06-08,152.64999389648438,XLV
2026-06-09,154.57000732421875,XLV
2026-06-10,152.85000610351562,XLV
2026-06-11,154.08999633789062,XLV
2026-06-12,153.80999755859375,XLV
2026-06-15,152.88999938964844,XLV
2026-06-16,152.94000244140625,XLV
2026-06-17,150.7100067138672,XLV
2026-06-18,149.39999389648438,XLV
2026-06-22,150.05999755859375,XLV
2026-06-23,152.17999267578125,XLV
2026-06-24,153.35000610351562,XLV
2026-06-25,155.6300048828125,XLV
2026-06-26,160.33999633789062,XLV
2026-06-29,160.74000549316406,XLV
2026-06-30,158.66000366210938,XLV
2026-07-01,159.5399932861328,XLV
2026-07-02,163.74000549316406,XLV
2026-07-06,161.9600067138672,XLV
2026-07-07,164.44000244140625,XLV
2026-07-08,162.3000030517578,XLV
2026-07-09,162.1699981689453,XLV
2025-01-07,96.37000274658203,AGG
2025-01-08,96.4800033569336,AGG
2025-01-10,95.94000244140625,AGG
2025-01-13,95.8499984741211,AGG
2025-01-14,95.87999725341797,AGG
2025-01-15,96.70999908447266,AGG
2025-01-16,96.91999816894531,AGG
2025-01-17,96.91999816894531,AGG
2025-01-21,97.23999786376953,AGG
2025-01-22,97.01000213623047,AGG
2025-01-23,96.8499984741211,AGG
2025-01-24,97.01000213623047,AGG
2025-01-27,97.55000305175781,AGG
2025-01-28,97.5199966430664,AGG
2025-01-29,97.45999908447266,AGG
2025-01-30,97.5999984741211,AGG
2025-01-31,97.4000015258789,AGG
2025-02-03,97.16999816894531,AGG
2025-02-04,97.3499984741211,AGG
2025-02-05,97.87000274658203,AGG
2025-02-06,97.7699966430664,AGG
2025-02-07,97.45999908447266,AGG
2025-02-10,97.48999786376953,AGG
2025-02-11,97.2699966430664,AGG
2025-02-12,96.76000213623047,AGG
2025-02-13,97.33999633789062,AGG
2025-02-14,97.69999694824219,AGG
2025-02-18,97.30999755859375,AGG
2025-02-19,97.44999694824219,AGG
2025-02-20,97.5999984741211,AGG
2025-02-21,98.0199966430664,AGG
2025-02-24,98.19000244140625,AGG
2025-02-25,98.80000305175781,AGG
2025-02-26,98.95999908447266,AGG
2025-02-27,98.80999755859375,AGG
2025-02-28,99.25,AGG
2025-03-03,99.16000366210938,AGG
2025-03-04,98.91000366210938,AGG
2025-03-05,98.56999969482422,AGG
2025-03-06,98.47000122070312,AGG
2025-03-07,98.3499984741211,AGG
2025-03-10,98.81999969482422,AGG
2025-03-11,98.47000122070312,AGG
2025-03-12,98.18000030517578,AGG
2025-03-13,98.4800033569336,AGG
2025-03-14,98.27999877929688,AGG
2025-03-17,98.41000366210938,AGG
2025-03-18,98.51000213623047,AGG
2025-03-19,98.80000305175781,AGG
2025-03-20,98.86000061035156,AGG
2025-03-21,98.73999786376953,AGG
2025-03-24,98.36000061035156,AGG
2025-03-25,98.44999694824219,AGG
2025-03-26,98.20999908447266,AGG
2025-03-27,98.16000366210938,AGG
2025-03-28,98.7300033569336,AGG
2025-03-31,98.91999816894531,AGG
2025-04-01,98.95999908447266,AGG
2025-04-02,98.8499984741211,AGG
2025-04-03,99.37000274658203,AGG
2025-04-04,99.45999908447266,AGG
2025-04-07,98.19999694824219,AGG
2025-04-08,97.69000244140625,AGG
2025-04-09,97.91000366210938,AGG
2025-04-10,97.13999938964844,AGG
2025-04-11,97.04000091552734,AGG
2025-04-14,97.61000061035156,AGG
2025-04-15,97.80999755859375,AGG
2025-04-16,98.12000274658203,AGG
2025-04-17,97.87000274658203,AGG
2025-04-21,97.27999877929688,AGG
2025-04-22,97.45999908447266,AGG
2025-04-23,97.69999694824219,AGG
2025-04-24,98.23999786376953,AGG
2025-04-25,98.5999984741211,AGG
2025-04-28,98.87000274658203,AGG
2025-04-29,99.11000061035156,AGG
2025-04-30,99.0199966430664,AGG
2025-05-01,98.43000030517578,AGG
2025-05-02,97.94999694824219,AGG
2025-05-05,97.77999877929688,AGG
2025-05-06,98.0199966430664,AGG
2025-05-07,98.16999816894531,AGG
2025-05-08,97.66000366210938,AGG
2025-05-09,97.76000213623047,AGG
2025-05-12,97.43000030517578,AGG
2025-05-13,97.33000183105469,AGG
2025-05-14,97.05000305175781,AGG
2025-05-15,97.5999984741211,AGG
2025-05-16,97.66000366210938,AGG
2025-05-19,97.62999725341797,AGG
2025-05-20,97.45999908447266,AGG
2025-05-21,96.81999969482422,AGG
2025-05-22,97.0999984741211,AGG
2025-05-23,97.23999786376953,AGG
2025-05-27,97.68000030517578,AGG
2025-05-28,97.5,AGG
2025-05-29,97.86000061035156,AGG
2025-05-30,98.0999984741211,AGG
2025-06-02,97.5199966430664,AGG
2025-06-03,97.44999694824219,AGG
2025-06-04,98.02999877929688,AGG
2025-06-05,97.77999877929688,AGG
2025-06-06,97.27999877929688,AGG
2025-06-09,97.4000015258789,AGG
2025-06-10,97.62000274658203,AGG
2025-06-11,97.94999694824219,AGG
2025-06-12,98.30999755859375,AGG
2025-06-13,97.95999908447266,AGG
2025-06-16,97.76000213623047,AGG
2025-06-17,98.05999755859375,AGG
2025-06-18,98.12999725341797,AGG
2025-06-20,98.22000122070312,AGG
2025-06-23,98.41999816894531,AGG
2025-06-24,98.81999969482422,AGG
2025-06-25,98.80999755859375,AGG
2025-06-26,99.08000183105469,AGG
2025-06-27,98.80000305175781,AGG
2025-06-30,99.19999694824219,AGG
2025-07-01,98.79000091552734,AGG
2025-07-02,98.66999816894531,AGG
2025-07-03,98.47000122070312,AGG
2025-07-07,98.12000274658203,AGG
2025-07-08,98.08000183105469,AGG
2025-07-09,98.48999786376953,AGG
2025-07-10,98.45999908447266,AGG
2025-07-11,98.05000305175781,AGG
2025-07-14,98.04000091552734,AGG
2025-07-15,97.75,AGG
2025-07-16,97.88999938964844,AGG
2025-07-17,97.93000030517578,AGG
2025-07-18,98.11000061035156,AGG
2025-07-21,98.37999725341797,AGG
2025-07-22,98.56999969482422,AGG
2025-07-23,98.3499984741211,AGG
2025-07-24,98.29000091552734,AGG
2025-07-25,98.44999694824219,AGG
2025-07-28,98.31999969482422,AGG
2025-07-29,98.8499984741211,AGG
2025-07-30,98.56999969482422,AGG
2025-07-31,98.62000274658203,AGG
2025-08-01,99.13999938964844,AGG
2025-08-04,99.22000122070312,AGG
2025-08-05,99.25,AGG
2025-08-06,99.20999908447266,AGG
2025-08-07,99.12999725341797,AGG
2025-08-08,98.94000244140625,AGG
2025-08-11,99.01000213623047,AGG
2025-08-12,99.01000213623047,AGG
2025-08-13,99.37000274658203,AGG
2025-08-14,99.08999633789062,AGG
2025-08-15,98.94000244140625,AGG
2025-08-18,98.83000183105469,AGG
2025-08-19,99.0199966430664,AGG
2025-08-20,99.08000183105469,AGG
2025-08-21,98.8499984741211,AGG
2025-08-22,99.4000015258789,AGG
2025-08-25,99.25,AGG
2025-08-26,99.37000274658203,AGG
2025-08-27,99.47000122070312,AGG
2025-08-28,99.58999633789062,AGG
2025-08-29,99.45999908447266,AGG
2025-09-02,98.87000274658203,AGG
2025-09-03,99.2300033569336,AGG
2025-09-04,99.62999725341797,AGG
2025-09-05,100.0999984741211,AGG
2025-09-08,100.44000244140625,AGG
2025-09-09,100.23999786376953,AGG
2025-09-10,100.44000244140625,AGG
2025-09-11,100.62999725341797,AGG
2025-09-12,100.54000091552734,AGG
2025-09-15,100.70999908447266,AGG
2025-09-16,100.75,AGG
2025-09-17,100.56999969482422,AGG
2025-09-18,100.29000091552734,AGG
2025-09-19,100.29000091552734,AGG
2025-09-22,100.16999816894531,AGG
2025-09-23,100.33000183105469,AGG
2025-09-24,100.13999938964844,AGG
2025-09-25,100.0,AGG
2025-09-26,100.06999969482422,AGG
2025-09-29,100.26000213623047,AGG
2025-09-30,100.25,AGG
2025-10-01,100.18000030517578,AGG
2025-10-02,100.29000091552734,AGG
2025-10-03,100.18000030517578,AGG
2025-10-06,99.95999908447266,AGG
2025-10-07,100.12999725341797,AGG
2025-10-08,100.13999938964844,AGG
2025-10-09,100.0199966430664,AGG
2025-10-10,100.43000030517578,AGG
2025-10-13,100.62000274658203,AGG
2025-10-14,100.77999877929688,AGG
2025-10-15,100.73999786376953,AGG
2025-10-16,101.0999984741211,AGG
2025-10-17,100.95999908447266,AGG
2025-10-20,101.12999725341797,AGG
2025-10-21,101.2300033569336,AGG
2025-10-22,101.22000122070312,AGG
2025-10-23,101.04000091552734,AGG
2025-10-24,101.13999938964844,AGG
2025-10-27,101.20999908447266,AGG
2025-10-28,101.2699966430664,AGG
2025-10-29,100.79000091552734,AGG
2025-10-30,100.5999984741211,AGG
2025-10-31,100.54000091552734,AGG
2025-11-03,100.08999633789062,AGG
2025-11-04,100.13999938964844,AGG
2025-11-05,99.87000274658203,AGG
2025-11-06,100.23999786376953,AGG
2025-11-07,100.19999694824219,AGG
2025-11-10,100.16000366210938,AGG
2025-11-11,100.45999908447266,AGG
2025-11-12,100.41999816894531,AGG
2025-11-13,100.12000274658203,AGG
2025-11-14,100.0,AGG
2025-11-17,100.0199966430664,AGG
2025-11-18,100.08000183105469,AGG
2025-11-19,100.08000183105469,AGG
2025-11-20,100.19999694824219,AGG
2025-11-21,100.44000244140625,AGG
2025-11-24,100.63999938964844,AGG
2025-11-25,100.80000305175781,AGG
2025-11-26,100.95999908447266,AGG
2025-11-28,100.81999969482422,AGG
2025-12-01,100.05999755859375,AGG
2025-12-02,100.19000244140625,AGG
2025-12-03,100.37999725341797,AGG
2025-12-04,100.13999938964844,AGG
2025-12-05,100.02999877929688,AGG
2025-12-08,99.87000274658203,AGG
2025-12-09,99.77999877929688,AGG
2025-12-10,100.0999984741211,AGG
2025-12-11,100.12000274658203,AGG
2025-12-12,99.80999755859375,AGG
2025-12-15,99.91000366210938,AGG
2025-12-16,100.0999984741211,AGG
2025-12-17,100.06999969482422,AGG
2025-12-18,100.31999969482422,AGG
2025-12-19,99.83999633789062,AGG
2025-12-22,99.80000305175781,AGG
2025-12-23,99.80000305175781,AGG
2025-12-24,100.0199966430664,AGG
2025-12-26,100.04000091552734,AGG
2025-12-29,100.16000366210938,AGG
2025-12-30,100.12000274658203,AGG
2025-12-31,99.87999725341797,AGG
2026-01-02,99.8499984741211,AGG
2026-01-05,100.04000091552734,AGG
2026-01-06,100.0199966430664,AGG
2026-01-07,100.12000274658203,AGG
2026-01-08,99.94000244140625,AGG
2026-01-09,100.16000366210938,AGG
2026-01-12,100.11000061035156,AGG
2026-01-13,100.19999694824219,AGG
2026-01-14,100.3499984741211,AGG
2026-01-15,100.22000122070312,AGG
2026-01-16,100.05000305175781,AGG
2026-01-20,99.66999816894531,AGG
2026-01-21,100.0,AGG
2026-01-22,100.0199966430664,AGG
2026-01-23,100.11000061035156,AGG
2026-01-26,100.26000213623047,AGG
2026-01-27,100.19000244140625,AGG
2026-01-28,100.1500015258789,AGG
2026-01-29,100.1500015258789,AGG
2026-01-30,100.12999725341797,AGG
2026-02-02,99.69000244140625,AGG
2026-02-03,99.69999694824219,AGG
2026-02-04,99.63999938964844,AGG
2026-02-05,100.06999969482422,AGG
2026-02-06,100.12999725341797,AGG
2026-02-09,100.16000366210938,AGG
2026-02-10,100.44999694824219,AGG
2026-02-11,100.22000122070312,AGG
2026-02-12,100.66999816894531,AGG
2026-02-13,100.98999786376953,AGG
2026-02-17,101.0,AGG
2026-02-18,100.86000061035156,AGG
2026-02-19,100.87999725341797,AGG
2026-02-20,100.9000015258789,AGG
2026-02-23,101.0999984741211,AGG
2026-02-24,101.08999633789062,AGG
2026-02-25,101.04000091552734,AGG
2026-02-26,101.19999694824219,AGG
2026-02-27,101.4000015258789,AGG
2026-03-02,100.68000030517578,AGG
2026-03-03,100.56999969482422,AGG
2026-03-04,100.52999877929688,AGG
2026-03-05,100.23999786376953,AGG
2026-03-06,100.12000274658203,AGG
2026-03-09,100.44000244140625,AGG
2026-03-10,100.11000061035156,AGG
2026-03-11,99.66000366210938,AGG
2026-03-12,99.29000091552734,AGG
2026-03-13,99.20999908447266,AGG
2026-03-16,99.5999984741211,AGG
2026-03-17,99.80000305175781,AGG
2026-03-18,99.37999725341797,AGG
2026-03-19,99.48999786376953,AGG
2026-03-20,98.66000366210938,AGG
2026-03-23,99.02999877929688,AGG
2026-03-24,98.76000213623047,AGG
2026-03-25,99.11000061035156,AGG
2026-03-26,98.55000305175781,AGG
2026-03-27,98.54000091552734,AGG
2026-03-30,99.04000091552734,AGG
2026-03-31,99.2699966430664,AGG
2026-04-01,99.0,AGG
2026-04-02,99.2300033569336,AGG
2026-04-06,99.05000305175781,AGG
2026-04-07,99.16999816894531,AGG
2026-04-08,99.43000030517578,AGG
2026-04-09,99.48999786376953,AGG
2026-04-10,99.31999969482422,AGG
2026-04-13,99.5199966430664,AGG
2026-04-14,99.77999877929688,AGG
2026-04-15,99.62000274658203,AGG
2026-04-16,99.4800033569336,AGG
2026-04-17,99.8499984741211,AGG
2026-04-20,99.83999633789062,AGG
2026-04-21,99.47000122070312,AGG
2026-04-22,99.61000061035156,AGG
2026-04-23,99.44999694824219,AGG
2026-04-24,99.58999633789062,AGG
2026-04-27,99.44000244140625,AGG
2026-04-28,99.4000015258789,AGG
2026-04-29,98.95999908447266,AGG
2026-04-30,99.0999984741211,AGG
2026-05-01,98.9000015258789,AGG
2026-05-04,98.58999633789062,AGG
2026-05-05,98.7699966430664,AGG
2026-05-06,99.19000244140625,AGG
2026-05-07,98.94999694824219,AGG
2026-05-08,99.18000030517578,AGG
2026-05-11,98.91999816894531,AGG
2026-05-12,98.62999725341797,AGG
2026-05-13,98.66999816894531,AGG
2026-05-14,98.63999938964844,AGG
2026-05-15,98.0199966430664,AGG
2026-05-18,98.01000213623047,AGG
2026-05-19,97.62999725341797,AGG
2026-05-20,98.22000122070312,AGG
2026-05-21,98.33999633789062,AGG
2026-05-22,98.44000244140625,AGG
2026-05-26,98.72000122070312,AGG
2026-05-27,98.80000305175781,AGG
2026-05-28,99.0,AGG
2026-05-29,99.05999755859375,AGG
2026-06-01,98.68000030517578,AGG
2026-06-02,98.70999908447266,AGG
2026-06-03,98.5,AGG
2026-06-04,98.66000366210938,AGG
2026-06-05,98.16999816894531,AGG
2026-06-08,98.16999816894531,AGG
2026-06-09,98.37000274658203,AGG
2026-06-10,98.30999755859375,AGG
2026-06-11,98.87999725341797,AGG
2026-06-12,98.76000213623047,AGG
2026-06-15,98.8499984741211,AGG
2026-06-16,98.97000122070312,AGG
2026-06-17,98.61000061035156,AGG
2026-06-18,98.9000015258789,AGG
2026-06-22,98.62999725341797,AGG
2026-06-23,98.70999908447266,AGG
2026-06-24,99.19000244140625,AGG
2026-06-25,99.25,AGG
2026-06-26,99.33999633789062,AGG
2026-06-29,99.37000274658203,AGG
2026-06-30,98.9800033569336,AGG
2026-07-01,98.5,AGG
2026-07-02,98.61000061035156,AGG
2026-07-06,98.66000366210938,AGG
2026-07-07,98.20999908447266,AGG
2026-07-08,98.04000091552734,AGG
2026-07-09,98.18000030517578,AGG
2025-01-07,85.91999816894531,TLT
2025-01-08,86.02999877929688,TLT
2025-01-10,85.45999908447266,TLT
2025-01-13,85.43000030517578,TLT
2025-01-14,85.29000091552734,TLT
2025-01-15,86.76000213623047,TLT
2025-01-16,87.04000091552734,TLT
2025-01-17,87.19000244140625,TLT
2025-01-21,87.97000122070312,TLT
2025-01-22,87.51000213623047,TLT
2025-01-23,86.83000183105469,TLT
2025-01-24,87.22000122070312,TLT
2025-01-27,88.25,TLT
2025-01-28,88.19000244140625,TLT
2025-01-29,88.01000213623047,TLT
2025-01-30,88.33999633789062,TLT
2025-01-31,87.76000213623047,TLT
2025-02-03,88.16000366210938,TLT
2025-02-04,88.43000030517578,TLT
2025-02-05,89.88999938964844,TLT
2025-02-06,89.8499984741211,TLT
2025-02-07,89.2699966430664,TLT
2025-02-10,89.0,TLT
2025-02-11,88.43000030517578,TLT
2025-02-12,87.2300033569336,TLT
2025-02-13,88.68000030517578,TLT
2025-02-14,89.1500015258789,TLT
2025-02-18,88.0999984741211,TLT
2025-02-19,88.20999908447266,TLT
2025-02-20,88.54000091552734,TLT
2025-02-21,89.61000061035156,TLT
2025-02-24,89.87000274658203,TLT
2025-02-25,91.41999816894531,TLT
2025-02-26,91.95999908447266,TLT
2025-02-27,91.30999755859375,TLT
2025-02-28,92.43000030517578,TLT
2025-03-03,92.56999969482422,TLT
2025-03-04,91.43000030517578,TLT
2025-03-05,90.69999694824219,TLT
2025-03-06,90.4000015258789,TLT
2025-03-07,90.11000061035156,TLT
2025-03-10,91.05000305175781,TLT
2025-03-11,90.4000015258789,TLT
2025-03-12,89.86000061035156,TLT
2025-03-13,90.6500015258789,TLT
2025-03-14,90.16999816894531,TLT
2025-03-17,90.62000274658203,TLT
2025-03-18,90.70999908447266,TLT
2025-03-19,91.18000030517578,TLT
2025-03-20,91.23999786376953,TLT
2025-03-21,90.69999694824219,TLT
2025-03-24,89.7699966430664,TLT
2025-03-25,89.76000213623047,TLT
2025-03-26,89.16999816894531,TLT
2025-03-27,88.91000366210938,TLT
2025-03-28,90.13999938964844,TLT
2025-03-31,91.02999877929688,TLT
2025-04-01,91.48999786376953,TLT
2025-04-02,91.43000030517578,TLT
2025-04-03,91.8499984741211,TLT
2025-04-04,92.8499984741211,TLT
2025-04-07,90.05000305175781,TLT
2025-04-08,88.3499984741211,TLT
2025-04-09,88.87000274658203,TLT
2025-04-10,86.41999816894531,TLT
2025-04-11,86.88999938964844,TLT
2025-04-14,87.51000213623047,TLT
2025-04-15,87.81999969482422,TLT
2025-04-16,88.30999755859375,TLT
2025-04-17,87.52999877929688,TLT
2025-04-21,86.0,TLT
2025-04-22,86.4800033569336,TLT
2025-04-23,87.31999969482422,TLT
2025-04-24,88.23999786376953,TLT
2025-04-25,88.88999938964844,TLT
2025-04-28,89.44999694824219,TLT
2025-04-29,90.19999694824219,TLT
2025-04-30,89.47000122070312,TLT
2025-05-01,88.69000244140625,TLT
2025-05-02,87.7300033569336,TLT
2025-05-05,87.23999786376953,TLT
2025-05-06,87.52999877929688,TLT
2025-05-07,87.9000015258789,TLT
2025-05-08,86.91999816894531,TLT
2025-05-09,87.05000305175781,TLT
2025-05-12,86.23999786376953,TLT
2025-05-13,85.88999938964844,TLT
2025-05-14,85.31999969482422,TLT
2025-05-15,86.06999969482422,TLT
2025-05-16,86.30000305175781,TLT
2025-05-19,86.05000305175781,TLT
2025-05-20,85.43000030517578,TLT
2025-05-21,83.97000122070312,TLT
2025-05-22,84.41000366210938,TLT
2025-05-23,84.55000305175781,TLT
2025-05-27,85.7300033569336,TLT
2025-05-28,85.36000061035156,TLT
2025-05-29,86.1500015258789,TLT
2025-05-30,86.27999877929688,TLT
2025-06-02,85.16000366210938,TLT
2025-06-03,85.01000213623047,TLT
2025-06-04,86.38999938964844,TLT
2025-06-05,86.44999694824219,TLT
2025-06-06,85.3499984741211,TLT
2025-06-09,85.44000244140625,TLT
2025-06-10,85.87999725341797,TLT
2025-06-11,86.13999938964844,TLT
2025-06-12,87.16999816894531,TLT
2025-06-13,86.33000183105469,TLT
2025-06-16,85.45999908447266,TLT
2025-06-17,86.5,TLT
2025-06-18,86.6500015258789,TLT
2025-06-20,86.48999786376953,TLT
2025-06-23,86.7699966430664,TLT
2025-06-24,87.4000015258789,TLT
2025-06-25,87.51000213623047,TLT
2025-06-26,87.94999694824219,TLT
2025-06-27,87.38999938964844,TLT
2025-06-30,88.25,TLT
2025-07-01,88.13999938964844,TLT
2025-07-02,87.58000183105469,TLT
2025-07-03,86.97000122070312,TLT
2025-07-07,86.13999938964844,TLT
2025-07-08,86.02999877929688,TLT
2025-07-09,86.93000030517578,TLT
2025-07-10,86.98999786376953,TLT
2025-07-11,85.79000091552734,TLT
2025-07-14,85.61000061035156,TLT
2025-07-15,85.01000213623047,TLT
2025-07-16,85.12999725341797,TLT
2025-07-17,85.11000061035156,TLT
2025-07-18,85.23999786376953,TLT
2025-07-21,86.0,TLT
2025-07-22,86.5199966430664,TLT
2025-07-23,86.04000091552734,TLT
2025-07-24,85.88999938964844,TLT
2025-07-25,86.43000030517578,TLT
2025-07-28,85.87000274658203,TLT
2025-07-29,87.31999969482422,TLT
2025-07-30,86.87000274658203,TLT
2025-07-31,86.91999816894531,TLT
2025-08-01,87.81999969482422,TLT
2025-08-04,88.05999755859375,TLT
2025-08-05,88.33000183105469,TLT
2025-08-06,87.81999969482422,TLT
2025-08-07,87.66999816894531,TLT
2025-08-08,87.29000091552734,TLT
2025-08-11,87.38999938964844,TLT
2025-08-12,86.94999694824219,TLT
2025-08-13,87.66999816894531,TLT
2025-08-14,87.0199966430664,TLT
2025-08-15,86.4000015258789,TLT
2025-08-18,86.1500015258789,TLT
2025-08-19,86.6500015258789,TLT
2025-08-20,86.83999633789062,TLT
2025-08-21,86.41000366210938,TLT
2025-08-22,87.05000305175781,TLT
2025-08-25,86.80000305175781,TLT
2025-08-26,86.75,TLT
2025-08-27,86.6500015258789,TLT
2025-08-28,87.22000122070312,TLT
2025-08-29,86.5999984741211,TLT
2025-09-02,85.62999725341797,TLT
2025-09-03,86.56999969482422,TLT
2025-09-04,87.2300033569336,TLT
2025-09-05,88.55999755859375,TLT
2025-09-08,89.73999786376953,TLT
2025-09-09,89.2300033569336,TLT
2025-09-10,89.73999786376953,TLT
2025-09-11,90.33999633789062,TLT
2025-09-12,89.94999694824219,TLT
2025-09-15,90.16000366210938,TLT
2025-09-16,90.3499984741211,TLT
2025-09-17,90.12000274658203,TLT
2025-09-18,89.19000244140625,TLT
2025-09-19,89.0199966430664,TLT
2025-09-22,88.69999694824219,TLT
2025-09-23,89.31999969482422,TLT
2025-09-24,88.9800033569336,TLT
2025-09-25,88.9800033569336,TLT
2025-09-26,88.9000015258789,TLT
2025-09-29,89.62999725341797,TLT
2025-09-30,89.37000274658203,TLT
2025-10-01,89.29000091552734,TLT
2025-10-02,89.55000305175781,TLT
2025-10-03,89.37999725341797,TLT
2025-10-06,88.66999816894531,TLT
2025-10-07,89.18000030517578,TLT
2025-10-08,89.25,TLT
2025-10-09,89.18000030517578,TLT
2025-10-10,90.62000274658203,TLT
2025-10-13,90.56999969482422,TLT
2025-10-14,90.86000061035156,TLT
2025-10-15,90.66000366210938,TLT
2025-10-16,91.33999633789062,TLT
2025-10-17,91.19999694824219,TLT
2025-10-20,91.55000305175781,TLT
2025-10-21,92.0,TLT
2025-10-22,92.05999755859375,TLT
2025-10-23,91.43000030517578,TLT
2025-10-24,91.47000122070312,TLT
2025-10-27,91.77999877929688,TLT
2025-10-28,92.0199966430664,TLT
2025-10-29,91.08999633789062,TLT
2025-10-30,90.55999755859375,TLT
2025-10-31,90.29000091552734,TLT
2025-11-03,89.73999786376953,TLT
2025-11-04,89.94000244140625,TLT
2025-11-05,88.95999908447266,TLT
2025-11-06,89.76000213623047,TLT
2025-11-07,89.56999969482422,TLT
2025-11-10,89.55000305175781,TLT
2025-11-11,89.95999908447266,TLT
2025-11-12,90.12000274658203,TLT
2025-11-13,89.37999725341797,TLT
2025-11-14,88.87000274658203,TLT
2025-11-17,89.08999633789062,TLT
2025-11-18,89.05999755859375,TLT
2025-11-19,88.87999725341797,TLT
2025-11-20,89.2300033569336,TLT
2025-11-21,89.5,TLT
2025-11-24,90.01000213623047,TLT
2025-11-25,90.23999786376953,TLT
2025-11-26,90.63999938964844,TLT
2025-11-28,90.20999908447266,TLT
2025-12-01,88.7699966430664,TLT
2025-12-02,88.80999755859375,TLT
2025-12-03,89.05999755859375,TLT
2025-12-04,88.58000183105469,TLT
2025-12-05,88.16999816894531,TLT
2025-12-08,87.87999725341797,TLT
2025-12-09,87.97000122070312,TLT
2025-12-10,88.30999755859375,TLT
2025-12-11,88.19000244140625,TLT
2025-12-12,87.33999633789062,TLT
2025-12-15,87.4000015258789,TLT
2025-12-16,87.87999725341797,TLT
2025-12-17,87.80000305175781,TLT
2025-12-18,88.22000122070312,TLT
2025-12-19,87.55000305175781,TLT
2025-12-22,87.36000061035156,TLT
2025-12-23,87.5,TLT
2025-12-24,88.02999877929688,TLT
2025-12-26,87.73999786376953,TLT
2025-12-29,88.06999969482422,TLT
2025-12-30,87.86000061035156,TLT
2025-12-31,87.16000366210938,TLT
2026-01-02,87.02999877929688,TLT
2026-01-05,87.45999908447266,TLT
2026-01-06,87.27999877929688,TLT
2026-01-07,87.79000091552734,TLT
2026-01-08,87.3499984741211,TLT
2026-01-09,87.93000030517578,TLT
2026-01-12,87.66999816894531,TLT
2026-01-13,87.81999969482422,TLT
2026-01-14,88.33000183105469,TLT
2026-01-15,88.30999755859375,TLT
2026-01-16,87.80000305175781,TLT
2026-01-20,86.6500015258789,TLT
2026-01-21,87.30999755859375,TLT
2026-01-22,87.69000244140625,TLT
2026-01-23,87.93000030517578,TLT
2026-01-26,88.3499984741211,TLT
2026-01-27,87.80000305175781,TLT
2026-01-28,87.5999984741211,TLT
2026-01-29,87.62000274658203,TLT
2026-01-30,87.12999725341797,TLT
2026-02-02,86.55000305175781,TLT
2026-02-03,86.76000213623047,TLT
2026-02-04,86.54000091552734,TLT
2026-02-05,87.4800033569336,TLT
2026-02-06,87.54000091552734,TLT
2026-02-09,87.5199966430664,TLT
2026-02-10,88.52999877929688,TLT
2026-02-11,88.05999755859375,TLT
2026-02-12,89.2300033569336,TLT
2026-02-13,89.72000122070312,TLT
2026-02-17,89.87000274658203,TLT
2026-02-18,89.52999877929688,TLT
2026-02-19,89.62000274658203,TLT
2026-02-20,89.41000366210938,TLT
2026-02-23,89.73999786376953,TLT
2026-02-24,89.9000015258789,TLT
2026-02-25,89.91000366210938,TLT
2026-02-26,90.2699966430664,TLT
2026-02-27,90.81999969482422,TLT
2026-03-02,89.61000061035156,TLT
2026-03-03,89.43000030517578,TLT
2026-03-04,89.1500015258789,TLT
2026-03-05,88.79000091552734,TLT
2026-03-06,88.45999908447266,TLT
2026-03-09,89.2300033569336,TLT
2026-03-10,88.27999877929688,TLT
2026-03-11,87.13999938964844,TLT
2026-03-12,86.97000122070312,TLT
2026-03-13,86.54000091552734,TLT
2026-03-16,87.20999908447266,TLT
2026-03-17,87.44999694824219,TLT
2026-03-18,86.95999908447266,TLT
2026-03-19,87.48999786376953,TLT
2026-03-20,85.83000183105469,TLT
2026-03-23,86.38999938964844,TLT
2026-03-24,86.01000213623047,TLT
2026-03-25,86.83999633789062,TLT
2026-03-26,86.11000061035156,TLT
2026-03-27,85.63999938964844,TLT
2026-03-30,86.77999877929688,TLT
2026-03-31,86.69000244140625,TLT
2026-04-01,86.26000213623047,TLT
2026-04-02,86.79000091552734,TLT
2026-04-06,86.6500015258789,TLT
2026-04-07,86.63999938964844,TLT
2026-04-08,86.91999816894531,TLT
2026-04-09,86.69999694824219,TLT
2026-04-10,86.48999786376953,TLT
2026-04-13,86.75,TLT
2026-04-14,87.20999908447266,TLT
2026-04-15,86.83000183105469,TLT
2026-04-16,86.27999877929688,TLT
2026-04-17,87.06999969482422,TLT
2026-04-20,87.05000305175781,TLT
2026-04-21,86.56999969482422,TLT
2026-04-22,86.73999786376953,TLT
2026-04-23,86.55000305175781,TLT
2026-04-24,86.70999908447266,TLT
2026-04-27,86.27999877929688,TLT
2026-04-28,86.37000274658203,TLT
2026-04-29,85.69999694824219,TLT
2026-04-30,85.62000274658203,TLT
2026-05-01,85.61000061035156,TLT
2026-05-04,84.95999908447266,TLT
2026-05-05,85.43000030517578,TLT
2026-05-06,86.08000183105469,TLT
2026-05-07,85.6500015258789,TLT
2026-05-08,86.08000183105469,TLT
2026-05-11,85.55999755859375,TLT
2026-05-12,84.98999786376953,TLT
2026-05-13,84.80000305175781,TLT
2026-05-14,84.91999816894531,TLT
2026-05-15,83.66000366210938,TLT
2026-05-18,83.55999755859375,TLT
2026-05-19,83.0199966430664,TLT
2026-05-20,83.91000366210938,TLT
2026-05-21,84.22000122070312,TLT
2026-05-22,84.68000030517578,TLT
2026-05-26,85.0999984741211,TLT
2026-05-27,85.30000305175781,TLT
2026-05-28,85.73999786376953,TLT
2026-05-29,85.76000213623047,TLT
2026-06-01,85.47000122070312,TLT
2026-06-02,85.6500015258789,TLT
2026-06-03,85.30999755859375,TLT
2026-06-04,85.5,TLT
2026-06-05,85.05999755859375,TLT
2026-06-08,84.62000274658203,TLT
2026-06-09,85.12000274658203,TLT
2026-06-10,84.87999725341797,TLT
2026-06-11,85.9800033569336,TLT
2026-06-12,85.7699966430664,TLT
2026-06-15,85.72000122070312,TLT
2026-06-16,86.19000244140625,TLT
2026-06-17,86.33000183105469,TLT
2026-06-18,86.75,TLT
2026-06-22,86.08999633789062,TLT
2026-06-23,86.19999694824219,TLT
2026-06-24,87.37999725341797,TLT
2026-06-25,87.3499984741211,TLT
2026-06-26,87.36000061035156,TLT
2026-06-29,87.44999694824219,TLT
2026-06-30,86.41999816894531,TLT
2026-07-01,85.5199966430664,TLT
2026-07-02,85.51000213623047,TLT
2026-07-06,85.44999694824219,TLT
2026-07-07,84.55000305175781,TLT
2026-07-08,84.36000061035156,TLT
2026-07-09,84.48999786376953,TLT
2025-01-07,81.93000030517578,SHY
2025-01-08,81.9800033569336,SHY
2025-01-10,81.83000183105469,SHY
2025-01-13,81.8499984741211,SHY
2025-01-14,81.87000274658203,SHY
2025-01-15,82.05000305175781,SHY
2025-01-16,82.0999984741211,SHY
2025-01-17,82.08000183105469,SHY
2025-01-21,82.11000061035156,SHY
2025-01-22,82.08999633789062,SHY
2025-01-23,82.08999633789062,SHY
2025-01-24,82.13999938964844,SHY
2025-01-27,82.26000213623047,SHY
2025-01-28,82.27999877929688,SHY
2025-01-29,82.2300033569336,SHY
2025-01-30,82.27999877929688,SHY
2025-01-31,82.29000091552734,SHY
2025-02-03,81.95999908447266,SHY
2025-02-04,82.04000091552734,SHY
2025-02-05,82.08999633789062,SHY
2025-02-06,82.05999755859375,SHY
2025-02-07,81.97000122070312,SHY
2025-02-10,82.01000213623047,SHY
2025-02-11,81.98999786376953,SHY
2025-02-12,81.87999725341797,SHY
2025-02-13,81.98999786376953,SHY
2025-02-14,82.0999984741211,SHY
2025-02-18,82.02999877929688,SHY
2025-02-19,82.08999633789062,SHY
2025-02-20,82.0999984741211,SHY
2025-02-21,82.23999786376953,SHY
2025-02-24,82.30000305175781,SHY
2025-02-25,82.41000366210938,SHY
2025-02-26,82.44000244140625,SHY
2025-02-27,82.47000122070312,SHY
2025-02-28,82.62000274658203,SHY
2025-03-03,82.41999816894531,SHY
2025-03-04,82.43000030517578,SHY
2025-03-05,82.33999633789062,SHY
2025-03-06,82.38999938964844,SHY
2025-03-07,82.37999725341797,SHY
2025-03-10,82.52999877929688,SHY
2025-03-11,82.4800033569336,SHY
2025-03-12,82.41999816894531,SHY
2025-03-13,82.4800033569336,SHY
2025-03-14,82.41999816894531,SHY
2025-03-17,82.38999938964844,SHY
2025-03-18,82.38999938964844,SHY
2025-03-19,82.51000213623047,SHY
2025-03-20,82.52999877929688,SHY
2025-03-21,82.58000183105469,SHY
2025-03-24,82.47000122070312,SHY
2025-03-25,82.5,SHY
2025-03-26,82.4800033569336,SHY
2025-03-27,82.5199966430664,SHY
2025-03-28,82.66999816894531,SHY
2025-03-31,82.7300033569336,SHY
2025-04-01,82.4800033569336,SHY
2025-04-02,82.41999816894531,SHY
2025-04-03,82.7300033569336,SHY
2025-04-04,82.68000030517578,SHY
2025-04-07,82.69000244140625,SHY
2025-04-08,82.63999938964844,SHY
2025-04-09,82.58999633789062,SHY
2025-04-10,82.58000183105469,SHY
2025-04-11,82.43000030517578,SHY
2025-04-14,82.61000061035156,SHY
2025-04-15,82.61000061035156,SHY
2025-04-16,82.72000122070312,SHY
2025-04-17,82.75,SHY
2025-04-21,82.69999694824219,SHY
2025-04-22,82.7300033569336,SHY
2025-04-23,82.66999816894531,SHY
2025-04-24,82.7699966430664,SHY
2025-04-25,82.83999633789062,SHY
2025-04-28,82.95999908447266,SHY
2025-04-29,83.01000213623047,SHY
2025-04-30,83.12000274658203,SHY
2025-05-01,82.69000244140625,SHY
2025-05-02,82.52999877929688,SHY
2025-05-05,82.5199966430664,SHY
2025-05-06,82.58999633789062,SHY
2025-05-07,82.62000274658203,SHY
2025-05-08,82.44999694824219,SHY
2025-05-09,82.48999786376953,SHY
2025-05-12,82.33999633789062,SHY
2025-05-13,82.31999969482422,SHY
2025-05-14,82.26000213623047,SHY
2025-05-15,82.41999816894531,SHY
2025-05-16,82.4000015258789,SHY
2025-05-19,82.43000030517578,SHY
2025-05-20,82.44000244140625,SHY
2025-05-21,82.38999938964844,SHY
2025-05-22,82.44000244140625,SHY
2025-05-23,82.48999786376953,SHY
2025-05-27,82.5199966430664,SHY
2025-05-28,82.45999908447266,SHY
2025-05-29,82.55000305175781,SHY
2025-05-30,82.6500015258789,SHY
2025-06-02,82.30999755859375,SHY
2025-06-03,82.29000091552734,SHY
2025-06-04,82.44000244140625,SHY
2025-06-05,82.3499984741211,SHY
2025-06-06,82.20999908447266,SHY
2025-06-09,82.2699966430664,SHY
2025-06-10,82.2699966430664,SHY
2025-06-11,82.4000015258789,SHY
2025-06-12,82.47000122070312,SHY
2025-06-13,82.41000366210938,SHY
2025-06-16,82.4000015258789,SHY
2025-06-17,82.44000244140625,SHY
2025-06-18,82.4800033569336,SHY
2025-06-20,82.54000091552734,SHY
2025-06-23,82.6500015258789,SHY
2025-06-24,82.72000122070312,SHY
2025-06-25,82.7300033569336,SHY
2025-06-26,82.83000183105469,SHY
2025-06-27,82.80000305175781,SHY
2025-06-30,82.86000061035156,SHY
2025-07-01,82.51000213623047,SHY
2025-07-02,82.5,SHY
2025-07-03,82.41000366210938,SHY
2025-07-07,82.38999938964844,SHY
2025-07-08,82.4000015258789,SHY
2025-07-09,82.47000122070312,SHY
2025-07-10,82.47000122070312,SHY
2025-07-11,82.44999694824219,SHY
2025-07-14,82.45999908447266,SHY
2025-07-15,82.37999725341797,SHY
2025-07-16,82.48999786376953,SHY
2025-07-17,82.45999908447266,SHY
2025-07-18,82.52999877929688,SHY
2025-07-21,82.58000183105469,SHY
2025-07-22,82.63999938964844,SHY
2025-07-23,82.56999969482422,SHY
2025-07-24,82.5,SHY
2025-07-25,82.55000305175781,SHY
2025-07-28,82.54000091552734,SHY
2025-07-29,82.61000061035156,SHY
2025-07-30,82.5199966430664,SHY
2025-07-31,82.5199966430664,SHY
2025-08-01,82.66000366210938,SHY
2025-08-04,82.68000030517578,SHY
2025-08-05,82.6500015258789,SHY
2025-08-06,82.68000030517578,SHY
2025-08-07,82.63999938964844,SHY
2025-08-08,82.62000274658203,SHY
2025-08-11,82.62000274658203,SHY
2025-08-12,82.68000030517578,SHY
2025-08-13,82.79000091552734,SHY
2025-08-14,82.69999694824219,SHY
2025-08-15,82.66999816894531,SHY
2025-08-18,82.66999816894531,SHY
2025-08-19,82.70999908447266,SHY
2025-08-20,82.73999786376953,SHY
2025-08-21,82.66999816894531,SHY
2025-08-22,82.8499984741211,SHY
2025-08-25,82.80999755859375,SHY
2025-08-26,82.87999725341797,SHY
2025-08-27,82.94000244140625,SHY
2025-08-28,82.91000366210938,SHY
2025-08-29,82.9800033569336,SHY
2025-09-02,82.68000030517578,SHY
2025-09-03,82.73999786376953,SHY
2025-09-04,82.80000305175781,SHY
2025-09-05,82.91999816894531,SHY
2025-09-08,82.97000122070312,SHY
2025-09-09,82.9000015258789,SHY
2025-09-10,82.91000366210938,SHY
2025-09-11,82.94000244140625,SHY
2025-09-12,82.93000030517578,SHY
2025-09-15,82.95999908447266,SHY
2025-09-16,83.0,SHY
2025-09-17,82.95999908447266,SHY
2025-09-18,82.93000030517578,SHY
2025-09-19,82.95999908447266,SHY
2025-09-22,82.91999816894531,SHY
2025-09-23,82.94999694824219,SHY
2025-09-24,82.91000366210938,SHY
2025-09-25,82.83999633789062,SHY
2025-09-26,82.88999938964844,SHY
2025-09-29,82.91999816894531,SHY
2025-09-30,82.95999908447266,SHY
2025-10-01,82.80000305175781,SHY
2025-10-02,82.81999969482422,SHY
2025-10-03,82.79000091552734,SHY
2025-10-06,82.7699966430664,SHY
2025-10-07,82.80999755859375,SHY
2025-10-08,82.80000305175781,SHY
2025-10-09,82.79000091552734,SHY
2025-10-10,82.93000030517578,SHY
2025-10-13,83.08999633789062,SHY
2025-10-14,83.02999877929688,SHY
2025-10-15,82.98999786376953,SHY
2025-10-16,83.0999984741211,SHY
2025-10-17,83.08999633789062,SHY
2025-10-20,83.0999984741211,SHY
2025-10-21,83.12000274658203,SHY
2025-10-22,83.12000274658203,SHY
2025-10-23,83.05999755859375,SHY
2025-10-24,83.11000061035156,SHY
2025-10-27,83.08999633789062,SHY
2025-10-28,83.0999984741211,SHY
2025-10-29,82.94000244140625,SHY
2025-10-30,82.94999694824219,SHY
2025-10-31,82.9800033569336,SHY
2025-11-03,82.72000122070312,SHY
2025-11-04,82.75,SHY
2025-11-05,82.69000244140625,SHY
2025-11-06,82.79000091552734,SHY
2025-11-07,82.83000183105469,SHY
2025-11-10,82.80999755859375,SHY
2025-11-11,82.87999725341797,SHY
2025-11-12,82.8499984741211,SHY
2025-11-13,82.80000305175781,SHY
2025-11-14,82.83000183105469,SHY
2025-11-17,82.81999969482422,SHY
2025-11-18,82.87000274658203,SHY
2025-11-19,82.86000061035156,SHY
2025-11-20,82.93000030517578,SHY
2025-11-21,83.02999877929688,SHY
2025-11-24,83.04000091552734,SHY
2025-11-25,83.08999633789062,SHY
2025-11-26,83.08000183105469,SHY
2025-11-28,83.08000183105469,SHY
2025-12-01,82.76000213623047,SHY
2025-12-02,82.80999755859375,SHY
2025-12-03,82.86000061035156,SHY
2025-12-04,82.80000305175781,SHY
2025-12-05,82.7699966430664,SHY
2025-12-08,82.75,SHY
2025-12-09,82.70999908447266,SHY
2025-12-10,82.8499984741211,SHY
2025-12-11,82.86000061035156,SHY
2025-12-12,82.87000274658203,SHY
2025-12-15,82.91999816894531,SHY
2025-12-16,82.95999908447266,SHY
2025-12-17,82.97000122070312,SHY
2025-12-18,83.02999877929688,SHY
2025-12-19,82.76000213623047,SHY
2025-12-22,82.72000122070312,SHY
2025-12-23,82.68000030517578,SHY
2025-12-24,82.7300033569336,SHY
2025-12-26,82.79000091552734,SHY
2025-12-29,82.83000183105469,SHY
2025-12-30,82.8499984741211,SHY
2025-12-31,82.81999969482422,SHY
2026-01-02,82.86000061035156,SHY
2026-01-05,82.88999938964844,SHY
2026-01-06,82.9000015258789,SHY
2026-01-07,82.88999938964844,SHY
2026-01-08,82.86000061035156,SHY
2026-01-09,82.83000183105469,SHY
2026-01-12,82.83000183105469,SHY
2026-01-13,82.8499984741211,SHY
2026-01-14,82.87000274658203,SHY
2026-01-15,82.80999755859375,SHY
2026-01-16,82.79000091552734,SHY
2026-01-20,82.80000305175781,SHY
2026-01-21,82.83999633789062,SHY
2026-01-22,82.80999755859375,SHY
2026-01-23,82.83999633789062,SHY
2026-01-26,82.87000274658203,SHY
2026-01-27,82.88999938964844,SHY
2026-01-28,82.88999938964844,SHY
2026-01-29,82.91999816894531,SHY
2026-01-30,82.98999786376953,SHY
2026-02-02,82.69999694824219,SHY
2026-02-03,82.69000244140625,SHY
2026-02-04,82.7300033569336,SHY
2026-02-05,82.86000061035156,SHY
2026-02-06,82.86000061035156,SHY
2026-02-09,82.87999725341797,SHY
2026-02-10,82.93000030517578,SHY
2026-02-11,82.8499984741211,SHY
2026-02-12,82.93000030517578,SHY
2026-02-13,83.05999755859375,SHY
2026-02-17,83.02999877929688,SHY
2026-02-18,82.9800033569336,SHY
2026-02-19,82.9800033569336,SHY
2026-02-20,82.98999786376953,SHY
2026-02-23,83.05999755859375,SHY
2026-02-24,83.05999755859375,SHY
2026-02-25,83.04000091552734,SHY
2026-02-26,83.06999969482422,SHY
2026-02-27,83.18000030517578,SHY
2026-03-02,82.80999755859375,SHY
2026-03-03,82.80000305175781,SHY
2026-03-04,82.75,SHY
2026-03-05,82.69000244140625,SHY
2026-03-06,82.7300033569336,SHY
2026-03-09,82.7699966430664,SHY
2026-03-10,82.72000122070312,SHY
2026-03-11,82.63999938964844,SHY
2026-03-12,82.5,SHY
2026-03-13,82.55000305175781,SHY
2026-03-16,82.6500015258789,SHY
2026-03-17,82.66000366210938,SHY
2026-03-18,82.51000213623047,SHY
2026-03-19,82.48999786376953,SHY
2026-03-20,82.30999755859375,SHY
2026-03-23,82.43000030517578,SHY
2026-03-24,82.30999755859375,SHY
2026-03-25,82.4000015258789,SHY
2026-03-26,82.22000122070312,SHY
2026-03-27,82.38999938964844,SHY
2026-03-30,82.5,SHY
2026-03-31,82.56999969482422,SHY
2026-04-01,82.31999969482422,SHY
2026-04-02,82.36000061035156,SHY
2026-04-06,82.27999877929688,SHY
2026-04-07,82.33999633789062,SHY
2026-04-08,82.41999816894531,SHY
2026-04-09,82.44000244140625,SHY
2026-04-10,82.41000366210938,SHY
2026-04-13,82.47000122070312,SHY
2026-04-14,82.52999877929688,SHY
2026-04-15,82.51000213623047,SHY
2026-04-16,82.4800033569336,SHY
2026-04-17,82.63999938964844,SHY
2026-04-20,82.5999984741211,SHY
2026-04-21,82.4800033569336,SHY
2026-04-22,82.5199966430664,SHY
2026-04-23,82.4800033569336,SHY
2026-04-24,82.56999969482422,SHY
2026-04-27,82.55000305175781,SHY
2026-04-28,82.5,SHY
2026-04-29,82.38999938964844,SHY
2026-04-30,82.4800033569336,SHY
2026-05-01,82.25,SHY
2026-05-04,82.1500015258789,SHY
2026-05-05,82.19000244140625,SHY
2026-05-06,82.30000305175781,SHY
2026-05-07,82.2300033569336,SHY
2026-05-08,82.30000305175781,SHY
2026-05-11,82.22000122070312,SHY
2026-05-12,82.16000366210938,SHY
2026-05-13,82.19000244140625,SHY
2026-05-14,82.16000366210938,SHY
2026-05-15,82.05999755859375,SHY
2026-05-18,82.0999984741211,SHY
2026-05-19,82.04000091552734,SHY
2026-05-20,82.1500015258789,SHY
2026-05-21,82.13999938964844,SHY
2026-05-22,82.12000274658203,SHY
2026-05-26,82.20999908447266,SHY
2026-05-27,82.22000122070312,SHY
2026-05-28,82.26000213623047,SHY
2026-05-29,82.30000305175781,SHY
2026-06-01,82.01000213623047,SHY
2026-06-02,82.01000213623047,SHY
2026-06-03,81.97000122070312,SHY
2026-06-04,82.02999877929688,SHY
2026-06-05,81.86000061035156,SHY
2026-06-08,81.9000015258789,SHY
2026-06-09,81.94000244140625,SHY
2026-06-10,81.94000244140625,SHY
2026-06-11,82.08999633789062,SHY
2026-06-12,82.06999969482422,SHY
2026-06-15,82.11000061035156,SHY
2026-06-16,82.12999725341797,SHY
2026-06-17,81.87999725341797,SHY
2026-06-18,81.98999786376953,SHY
2026-06-22,81.91000366210938,SHY
2026-06-23,81.97000122070312,SHY
2026-06-24,82.06999969482422,SHY
2026-06-25,82.08999633789062,SHY
2026-06-26,82.19000244140625,SHY
2026-06-29,82.16999816894531,SHY
2026-06-30,82.11000061035156,SHY
2026-07-01,81.83999633789062,SHY
2026-07-02,81.94000244140625,SHY
2026-07-06,81.9800033569336,SHY
2026-07-07,81.86000061035156,SHY
2026-07-08,81.83999633789062,SHY
2026-07-09,81.91000366210938,SHY
2025-01-07,91.83999633789062,IEF
2025-01-08,92.0,IEF
2025-01-10,91.33000183105469,IEF
2025-01-13,91.16999816894531,IEF
2025-01-14,91.19999694824219,IEF
2025-01-15,92.16000366210938,IEF
2025-01-16,92.37999725341797,IEF
2025-01-17,92.44999694824219,IEF
2025-01-21,92.76000213623047,IEF
2025-01-22,92.5199966430664,IEF
2025-01-23,92.27999877929688,IEF
2025-01-24,92.47000122070312,IEF
2025-01-27,93.06999969482422,IEF
2025-01-28,93.08000183105469,IEF
2025-01-29,92.97000122070312,IEF
2025-01-30,93.16999816894531,IEF
2025-01-31,93.0199966430664,IEF
2025-02-03,92.79000091552734,IEF
2025-02-04,93.0199966430664,IEF
2025-02-05,93.55999755859375,IEF
2025-02-06,93.44999694824219,IEF
2025-02-07,93.13999938964844,IEF
2025-02-10,93.12000274658203,IEF
2025-02-11,92.87999725341797,IEF
2025-02-12,92.23999786376953,IEF
2025-02-13,92.93000030517578,IEF
2025-02-14,93.31999969482422,IEF
2025-02-18,92.81999969482422,IEF
2025-02-19,92.97000122070312,IEF
2025-02-20,93.16000366210938,IEF
2025-02-21,93.70999908447266,IEF
2025-02-24,93.91000366210938,IEF
2025-02-25,94.6500015258789,IEF
2025-02-26,94.91000366210938,IEF
2025-02-27,94.80000305175781,IEF
2025-02-28,95.31999969482422,IEF
2025-03-03,95.38999938964844,IEF
2025-03-04,95.08999633789062,IEF
2025-03-05,94.55999755859375,IEF
2025-03-06,94.51000213623047,IEF
2025-03-07,94.38999938964844,IEF
2025-03-10,95.05000305175781,IEF
2025-03-11,94.70999908447266,IEF
2025-03-12,94.43000030517578,IEF
2025-03-13,94.80999755859375,IEF
2025-03-14,94.4800033569336,IEF
2025-03-17,94.55999755859375,IEF
2025-03-18,94.66999816894531,IEF
2025-03-19,94.95999908447266,IEF
2025-03-20,95.0999984741211,IEF
2025-03-21,95.0199966430664,IEF
2025-03-24,94.47000122070312,IEF
2025-03-25,94.62999725341797,IEF
2025-03-26,94.41000366210938,IEF
2025-03-27,94.33000183105469,IEF
2025-03-28,95.08999633789062,IEF
2025-03-31,95.37000274658203,IEF
2025-04-01,95.4000015258789,IEF
2025-04-02,95.30999755859375,IEF
2025-04-03,96.29000091552734,IEF
2025-04-04,96.55999755859375,IEF
2025-04-07,95.41000366210938,IEF
2025-04-08,94.93000030517578,IEF
2025-04-09,94.62999725341797,IEF
2025-04-10,94.04000091552734,IEF
2025-04-11,93.51000213623047,IEF
2025-04-14,94.26000213623047,IEF
2025-04-15,94.54000091552734,IEF
2025-04-16,94.94999694824219,IEF
2025-04-17,94.68000030517578,IEF
2025-04-21,94.16999816894531,IEF
2025-04-22,94.23999786376953,IEF
2025-04-23,94.33999633789062,IEF
2025-04-24,94.8499984741211,IEF
2025-04-25,95.20999908447266,IEF
2025-04-28,95.58999633789062,IEF
2025-04-29,95.91999816894531,IEF
2025-04-30,96.06999969482422,IEF
2025-05-01,95.33999633789062,IEF
2025-05-02,94.69999694824219,IEF
2025-05-05,94.52999877929688,IEF
2025-05-06,94.7699966430664,IEF
2025-05-07,95.0199966430664,IEF
2025-05-08,94.27999877929688,IEF
2025-05-09,94.3499984741211,IEF
2025-05-12,93.75,IEF
2025-05-13,93.68000030517578,IEF
2025-05-14,93.33000183105469,IEF
2025-05-15,93.94000244140625,IEF
2025-05-16,93.97000122070312,IEF
2025-05-19,93.91999816894531,IEF
2025-05-20,93.80000305175781,IEF
2025-05-21,93.1500015258789,IEF
2025-05-22,93.5,IEF
2025-05-23,93.7699966430664,IEF
2025-05-27,94.16000366210938,IEF
2025-05-28,93.9000015258789,IEF
2025-05-29,94.29000091552734,IEF
2025-05-30,94.56999969482422,IEF
2025-06-02,93.94000244140625,IEF
2025-06-03,93.8499984741211,IEF
2025-06-04,94.54000091552734,IEF
2025-06-05,94.26000213623047,IEF
2025-06-06,93.51000213623047,IEF
2025-06-09,93.68000030517578,IEF
2025-06-10,93.83999633789062,IEF
2025-06-11,94.2300033569336,IEF
2025-06-12,94.63999938964844,IEF
2025-06-13,94.29000091552734,IEF
2025-06-16,94.0199966430664,IEF
2025-06-17,94.4800033569336,IEF
2025-06-18,94.54000091552734,IEF
2025-06-20,94.5999984741211,IEF
2025-06-23,94.93000030517578,IEF
2025-06-24,95.26000213623047,IEF
2025-06-25,95.30000305175781,IEF
2025-06-26,95.63999938964844,IEF
2025-06-27,95.38999938964844,IEF
2025-06-30,95.7699966430664,IEF
2025-07-01,95.29000091552734,IEF
2025-07-02,95.08999633789062,IEF
2025-07-03,94.76000213623047,IEF
2025-07-07,94.45999908447266,IEF
2025-07-08,94.31999969482422,IEF
2025-07-09,94.80999755859375,IEF
2025-07-10,94.76000213623047,IEF
2025-07-11,94.31999969482422,IEF
2025-07-14,94.27999877929688,IEF
2025-07-15,93.91000366210938,IEF
2025-07-16,94.16999816894531,IEF
2025-07-17,94.13999938964844,IEF
2025-07-18,94.4000015258789,IEF
2025-07-21,94.7300033569336,IEF
2025-07-22,95.0,IEF
2025-07-23,94.66000366210938,IEF
2025-07-24,94.5199966430664,IEF
2025-07-25,94.73999786376953,IEF
2025-07-28,94.52999877929688,IEF
2025-07-29,95.1500015258789,IEF
2025-07-30,94.81999969482422,IEF
2025-07-31,94.9000015258789,IEF
2025-08-01,95.68000030517578,IEF
2025-08-04,95.80999755859375,IEF
2025-08-05,95.73999786376953,IEF
2025-08-06,95.66999816894531,IEF
2025-08-07,95.5999984741211,IEF
2025-08-08,95.37999725341797,IEF
2025-08-11,95.41000366210938,IEF
2025-08-12,95.38999938964844,IEF
2025-08-13,95.7300033569336,IEF
2025-08-14,95.41999816894531,IEF
2025-08-15,95.2300033569336,IEF
2025-08-18,95.13999938964844,IEF
2025-08-19,95.37999725341797,IEF
2025-08-20,95.5199966430664,IEF
2025-08-21,95.23999786376953,IEF
2025-08-22,95.7699966430664,IEF
2025-08-25,95.58000183105469,IEF
2025-08-26,95.83000183105469,IEF
2025-08-27,96.01000213623047,IEF
2025-08-28,96.2300033569336,IEF
2025-08-29,96.1500015258789,IEF
2025-09-02,95.55000305175781,IEF
2025-09-03,95.87999725341797,IEF
2025-09-04,96.30999755859375,IEF
2025-09-05,96.77999877929688,IEF
2025-09-08,97.08000183105469,IEF
2025-09-09,96.8499984741211,IEF
2025-09-10,97.11000061035156,IEF
2025-09-11,97.26000213623047,IEF
2025-09-12,96.9800033569336,IEF
2025-09-15,97.13999938964844,IEF
2025-09-16,97.19999694824219,IEF
2025-09-17,96.98999786376953,IEF
2025-09-18,96.66999816894531,IEF
2025-09-19,96.62999725341797,IEF
2025-09-22,96.47000122070312,IEF
2025-09-23,96.73999786376953,IEF
2025-09-24,96.4800033569336,IEF
2025-09-25,96.2699966430664,IEF
2025-09-26,96.22000122070312,IEF
2025-09-29,96.5,IEF
2025-09-30,96.45999908447266,IEF
2025-10-01,96.48999786376953,IEF
2025-10-02,96.58999633789062,IEF
2025-10-03,96.4000015258789,IEF
2025-10-06,96.12000274658203,IEF
2025-10-07,96.36000061035156,IEF
2025-10-08,96.37999725341797,IEF
2025-10-09,96.30999755859375,IEF
2025-10-10,96.91000366210938,IEF
2025-10-13,96.95999908447266,IEF
2025-10-14,97.20999908447266,IEF
2025-10-15,97.0999984741211,IEF
2025-10-16,97.55000305175781,IEF
2025-10-17,97.38999938964844,IEF
2025-10-20,97.5199966430664,IEF
2025-10-21,97.69999694824219,IEF
2025-10-22,97.72000122070312,IEF
2025-10-23,97.4000015258789,IEF
2025-10-24,97.48999786376953,IEF
2025-10-27,97.48999786376953,IEF
2025-10-28,97.58000183105469,IEF
2025-10-29,96.94999694824219,IEF
2025-10-30,96.80999755859375,IEF
2025-10-31,96.8499984741211,IEF
2025-11-03,96.5,IEF
2025-11-04,96.62000274658203,IEF
2025-11-05,96.16000366210938,IEF
2025-11-06,96.6500015258789,IEF
2025-11-07,96.69000244140625,IEF
2025-11-10,96.55999755859375,IEF
2025-11-11,96.86000061035156,IEF
2025-11-12,96.87999725341797,IEF
2025-11-13,96.5999984741211,IEF
2025-11-14,96.44000244140625,IEF
2025-11-17,96.55000305175781,IEF
2025-11-18,96.70999908447266,IEF
2025-11-19,96.63999938964844,IEF
2025-11-20,96.87000274658203,IEF
2025-11-21,97.19000244140625,IEF
2025-11-24,97.33999633789062,IEF
2025-11-25,97.58999633789062,IEF
2025-11-26,97.66999816894531,IEF
2025-11-28,97.5,IEF
2025-12-01,96.69000244140625,IEF
2025-12-02,96.7699966430664,IEF
2025-12-03,96.97000122070312,IEF
2025-12-04,96.66999816894531,IEF
2025-12-05,96.47000122070312,IEF
2025-12-08,96.2699966430664,IEF
2025-12-09,96.12999725341797,IEF
2025-12-10,96.44000244140625,IEF
2025-12-11,96.44999694824219,IEF
2025-12-12,96.19000244140625,IEF
2025-12-15,96.2699966430664,IEF
2025-12-16,96.54000091552734,IEF
2025-12-17,96.5199966430664,IEF
2025-12-18,96.7699966430664,IEF
2025-12-19,96.23999786376953,IEF
2025-12-22,96.13999938964844,IEF
2025-12-23,96.0999984741211,IEF
2025-12-24,96.3499984741211,IEF
2025-12-26,96.44000244140625,IEF
2025-12-29,96.58000183105469,IEF
2025-12-30,96.4800033569336,IEF
2025-12-31,96.16000366210938,IEF
2026-01-02,96.08000183105469,IEF
2026-01-05,96.37000274658203,IEF
2026-01-06,96.30000305175781,IEF
2026-01-07,96.4800033569336,IEF
2026-01-08,96.19000244140625,IEF
2026-01-09,96.30000305175781,IEF
2026-01-12,96.18000030517578,IEF
2026-01-13,96.30000305175781,IEF
2026-01-14,96.5,IEF
2026-01-15,96.30000305175781,IEF
2026-01-16,95.93000030517578,IEF
2026-01-20,95.55000305175781,IEF
2026-01-21,95.80000305175781,IEF
2026-01-22,95.79000091552734,IEF
2026-01-23,95.94999694824219,IEF
2026-01-26,96.08999633789062,IEF
2026-01-27,95.9800033569336,IEF
2026-01-28,95.9000015258789,IEF
2026-01-29,96.0,IEF
2026-01-30,95.94000244140625,IEF
2026-02-02,95.44000244140625,IEF
2026-02-03,95.52999877929688,IEF
2026-02-04,95.51000213623047,IEF
2026-02-05,96.06999969482422,IEF
2026-02-06,96.06999969482422,IEF
2026-02-09,96.08999633789062,IEF
2026-02-10,96.51000213623047,IEF
2026-02-11,96.23999786376953,IEF
2026-02-12,96.83000183105469,IEF
2026-02-13,97.20999908447266,IEF
2026-02-17,97.19999694824219,IEF
2026-02-18,97.0,IEF
2026-02-19,97.08999633789062,IEF
2026-02-20,97.08999633789062,IEF
2026-02-23,97.44000244140625,IEF
2026-02-24,97.41999816894531,IEF
2026-02-25,97.33999633789062,IEF
2026-02-26,97.5999984741211,IEF
2026-02-27,97.98999786376953,IEF
2026-03-02,97.12000274658203,IEF
2026-03-03,97.01000213623047,IEF
2026-03-04,96.80999755859375,IEF
2026-03-05,96.51000213623047,IEF
2026-03-06,96.44999694824219,IEF
2026-03-09,96.75,IEF
2026-03-10,96.44000244140625,IEF
2026-03-11,96.0,IEF
2026-03-12,95.69000244140625,IEF
2026-03-13,95.58999633789062,IEF
2026-03-16,96.0199966430664,IEF
2026-03-17,96.19000244140625,IEF
2026-03-18,95.75,IEF
2026-03-19,95.73999786376953,IEF
2026-03-20,94.87999725341797,IEF
2026-03-23,95.18000030517578,IEF
2026-03-24,94.86000061035156,IEF
2026-03-25,95.36000061035156,IEF
2026-03-26,94.58999633789062,IEF
2026-03-27,94.5999984741211,IEF
2026-03-30,95.2699966430664,IEF
2026-03-31,95.44000244140625,IEF
2026-04-01,95.04000091552734,IEF
2026-04-02,95.26000213623047,IEF
2026-04-06,95.01000213623047,IEF
2026-04-07,95.25,IEF
2026-04-08,95.45999908447266,IEF
2026-04-09,95.43000030517578,IEF
2026-04-10,95.2699966430664,IEF
2026-04-13,95.4800033569336,IEF
2026-04-14,95.79000091552734,IEF
2026-04-15,95.58000183105469,IEF
2026-04-16,95.41000366210938,IEF
2026-04-17,95.93000030517578,IEF
2026-04-20,95.83999633789062,IEF
2026-04-21,95.41999816894531,IEF
2026-04-22,95.5199966430664,IEF
2026-04-23,95.37000274658203,IEF
2026-04-24,95.55999755859375,IEF
2026-04-27,95.33999633789062,IEF
2026-04-28,95.25,IEF
2026-04-29,94.80000305175781,IEF
2026-04-30,94.9800033569336,IEF
2026-05-01,94.73999786376953,IEF
2026-05-04,94.38999938964844,IEF
2026-05-05,94.52999877929688,IEF
2026-05-06,95.0,IEF
2026-05-07,94.70999908447266,IEF
2026-05-08,94.95999908447266,IEF
2026-05-11,94.63999938964844,IEF
2026-05-12,94.31999969482422,IEF
2026-05-13,94.31999969482422,IEF
2026-05-14,94.26000213623047,IEF
2026-05-15,93.51000213623047,IEF
2026-05-18,93.47000122070312,IEF
2026-05-19,93.11000061035156,IEF
2026-05-20,93.73999786376953,IEF
2026-05-21,93.80000305175781,IEF
2026-05-22,93.87999725341797,IEF
2026-05-26,94.27999877929688,IEF
2026-05-27,94.31999969482422,IEF
2026-05-28,94.54000091552734,IEF
2026-05-29,94.6500015258789,IEF
2026-06-01,94.16999816894531,IEF
2026-06-02,94.23999786376953,IEF
2026-06-03,94.0,IEF
2026-06-04,94.12000274658203,IEF
2026-06-05,93.62000274658203,IEF
2026-06-08,93.5199966430664,IEF
2026-06-09,93.77999877929688,IEF
2026-06-10,93.69000244140625,IEF
2026-06-11,94.33999633789062,IEF
2026-06-12,94.18000030517578,IEF
2026-06-15,94.27999877929688,IEF
2026-06-16,94.5199966430664,IEF
2026-06-17,94.0199966430664,IEF
2026-06-18,94.36000061035156,IEF
2026-06-22,94.0,IEF
2026-06-23,94.12000274658203,IEF
2026-06-24,94.7300033569336,IEF
2026-06-25,94.79000091552734,IEF
2026-06-26,95.02999877929688,IEF
2026-06-29,95.05999755859375,IEF
2026-06-30,94.56999969482422,IEF
2026-07-01,94.02999877929688,IEF
2026-07-02,94.12000274658203,IEF
2026-07-06,94.18000030517578,IEF
2026-07-07,93.69999694824219,IEF
2026-07-08,93.51000213623047,IEF
2026-07-09,93.70999908447266,IEF
2025-01-07,106.31999969482422,TIP
2025-01-08,106.5999984741211,TIP
2025-01-10,106.22000122070312,TIP
2025-01-13,106.22000122070312,TIP
2025-01-14,106.26000213623047,TIP
2025-01-15,107.0,TIP
2025-01-16,107.13999938964844,TIP
2025-01-17,107.18000030517578,TIP
2025-01-21,107.26000213623047,TIP
2025-01-22,107.13999938964844,TIP
2025-01-23,107.23999786376953,TIP
2025-01-24,107.43000030517578,TIP
2025-01-27,107.87999725341797,TIP
2025-01-28,107.94999694824219,TIP
2025-01-29,107.81999969482422,TIP
2025-01-30,107.93000030517578,TIP
2025-01-31,108.01000213623047,TIP
2025-02-03,108.26000213623047,TIP
2025-02-04,108.44000244140625,TIP
2025-02-05,108.91999816894531,TIP
2025-02-06,108.7300033569336,TIP
2025-02-07,108.44000244140625,TIP
2025-02-10,108.48999786376953,TIP
2025-02-11,108.45999908447266,TIP
2025-02-12,107.80999755859375,TIP
2025-02-13,108.41000366210938,TIP
2025-02-14,108.61000061035156,TIP
2025-02-18,108.26000213623047,TIP
2025-02-19,108.4800033569336,TIP
2025-02-20,108.69999694824219,TIP
2025-02-21,108.91999816894531,TIP
2025-02-24,109.16000366210938,TIP
2025-02-25,109.62000274658203,TIP
2025-02-26,109.70999908447266,TIP
2025-02-27,109.58000183105469,TIP
2025-02-28,110.33999633789062,TIP
2025-03-03,110.63999938964844,TIP
2025-03-04,110.25,TIP
2025-03-05,109.69000244140625,TIP
2025-03-06,109.63999938964844,TIP
2025-03-07,109.45999908447266,TIP
2025-03-10,109.94999694824219,TIP
2025-03-11,109.6500015258789,TIP
2025-03-12,109.5199966430664,TIP
2025-03-13,109.68000030517578,TIP
2025-03-14,109.41999816894531,TIP
2025-03-17,109.44999694824219,TIP
2025-03-18,109.56999969482422,TIP
2025-03-19,110.12999725341797,TIP
2025-03-20,110.2300033569336,TIP
2025-03-21,110.0999984741211,TIP
2025-03-24,109.81999969482422,TIP
2025-03-25,110.0,TIP
2025-03-26,109.86000061035156,TIP
2025-03-27,110.08999633789062,TIP
2025-03-28,110.6500015258789,TIP
2025-03-31,111.08999633789062,TIP
2025-04-01,110.44999694824219,TIP
2025-04-02,110.27999877929688,TIP
2025-04-03,110.97000122070312,TIP
2025-04-04,110.5999984741211,TIP
2025-04-07,109.2699966430664,TIP
2025-04-08,109.0,TIP
2025-04-09,109.2300033569336,TIP
2025-04-10,107.93000030517578,TIP
2025-04-11,107.97000122070312,TIP
2025-04-14,108.48999786376953,TIP
2025-04-15,108.4800033569336,TIP
2025-04-16,108.77999877929688,TIP
2025-04-17,109.02999877929688,TIP
2025-04-21,108.47000122070312,TIP
2025-04-22,108.87000274658203,TIP
2025-04-23,109.19000244140625,TIP
2025-04-24,109.7699966430664,TIP
2025-04-25,109.81999969482422,TIP
2025-04-28,110.19999694824219,TIP
2025-04-29,110.38999938964844,TIP
2025-04-30,110.5199966430664,TIP
2025-05-01,109.61000061035156,TIP
2025-05-02,109.04000091552734,TIP
2025-05-05,108.93000030517578,TIP
2025-05-06,109.26000213623047,TIP
2025-05-07,109.37000274658203,TIP
2025-05-08,108.9800033569336,TIP
2025-05-09,109.08000183105469,TIP
2025-05-12,108.2300033569336,TIP
2025-05-13,108.48999786376953,TIP
2025-05-14,108.37999725341797,TIP
2025-05-15,108.69000244140625,TIP
2025-05-16,108.87999725341797,TIP
2025-05-19,108.88999938964844,TIP
2025-05-20,108.7300033569336,TIP
2025-05-21,108.13999938964844,TIP
2025-05-22,108.45999908447266,TIP
2025-05-23,108.55999755859375,TIP
2025-05-27,108.87000274658203,TIP
2025-05-28,108.62000274658203,TIP
2025-05-29,108.93000030517578,TIP
2025-05-30,109.29000091552734,TIP
2025-06-02,108.6500015258789,TIP
2025-06-03,108.55000305175781,TIP
2025-06-04,108.97000122070312,TIP
2025-06-05,108.6500015258789,TIP
2025-06-06,108.06999969482422,TIP
2025-06-09,108.22000122070312,TIP
2025-06-10,108.2699966430664,TIP
2025-06-11,108.44999694824219,TIP
2025-06-12,108.76000213623047,TIP
2025-06-13,108.5999984741211,TIP
2025-06-16,108.44999694824219,TIP
2025-06-17,109.0199966430664,TIP
2025-06-18,109.0999984741211,TIP
2025-06-20,109.29000091552734,TIP
2025-06-23,109.37999725341797,TIP
2025-06-24,109.5199966430664,TIP
2025-06-25,109.58000183105469,TIP
2025-06-26,109.9000015258789,TIP
2025-06-27,109.76000213623047,TIP
2025-06-30,110.04000091552734,TIP
2025-07-01,109.5999984741211,TIP
2025-07-02,109.55000305175781,TIP
2025-07-03,109.36000061035156,TIP
2025-07-07,109.22000122070312,TIP
2025-07-08,109.12999725341797,TIP
2025-07-09,109.54000091552734,TIP
2025-07-10,109.51000213623047,TIP
2025-07-11,109.33000183105469,TIP
2025-07-14,109.4000015258789,TIP
2025-07-15,109.11000061035156,TIP
2025-07-16,109.4800033569336,TIP
2025-07-17,109.58000183105469,TIP
2025-07-18,109.69999694824219,TIP
2025-07-21,109.9800033569336,TIP
2025-07-22,110.08000183105469,TIP
2025-07-23,109.6500015258789,TIP
2025-07-24,109.7300033569336,TIP
2025-07-25,109.83000183105469,TIP
2025-07-28,109.69000244140625,TIP
2025-07-29,110.27999877929688,TIP
2025-07-30,109.8499984741211,TIP
2025-07-31,109.66999816894531,TIP
2025-08-01,110.16999816894531,TIP
2025-08-04,110.48999786376953,TIP
2025-08-05,110.38999938964844,TIP
2025-08-06,110.30000305175781,TIP
2025-08-07,110.41999816894531,TIP
2025-08-08,110.3499984741211,TIP
2025-08-11,110.3499984741211,TIP
2025-08-12,110.16000366210938,TIP
2025-08-13,110.58000183105469,TIP
2025-08-14,110.25,TIP
2025-08-15,110.04000091552734,TIP
2025-08-18,109.91999816894531,TIP
2025-08-19,110.02999877929688,TIP
2025-08-20,110.1500015258789,TIP
2025-08-21,110.16999816894531,TIP
2025-08-22,110.91999816894531,TIP
2025-08-25,110.70999908447266,TIP
2025-08-26,110.97000122070312,TIP
2025-08-27,111.22000122070312,TIP
2025-08-28,111.29000091552734,TIP
2025-08-29,111.16999816894531,TIP
2025-09-02,110.55000305175781,TIP
2025-09-03,110.80000305175781,TIP
2025-09-04,110.97000122070312,TIP
2025-09-05,111.45999908447266,TIP
2025-09-08,111.69000244140625,TIP
2025-09-09,111.47000122070312,TIP
2025-09-10,111.63999938964844,TIP
2025-09-11,111.81999969482422,TIP
2025-09-12,111.66999816894531,TIP
2025-09-15,111.77999877929688,TIP
2025-09-16,111.87999725341797,TIP
2025-09-17,111.80999755859375,TIP
2025-09-18,111.5,TIP
2025-09-19,111.44000244140625,TIP
2025-09-22,111.16999816894531,TIP
2025-09-23,111.47000122070312,TIP
2025-09-24,111.2699966430664,TIP
2025-09-25,111.08999633789062,TIP
2025-09-26,111.11000061035156,TIP
2025-09-29,111.25,TIP
2025-09-30,111.22000122070312,TIP
2025-10-01,111.22000122070312,TIP
2025-10-02,111.16999816894531,TIP
2025-10-03,111.05000305175781,TIP
2025-10-06,110.86000061035156,TIP
2025-10-07,111.16999816894531,TIP
2025-10-08,111.25,TIP
2025-10-09,111.12000274658203,TIP
2025-10-10,111.51000213623047,TIP
2025-10-13,111.79000091552734,TIP
2025-10-14,111.66999816894531,TIP
2025-10-15,111.63999938964844,TIP
2025-10-16,111.9000015258789,TIP
2025-10-17,111.68000030517578,TIP
2025-10-20,111.77999877929688,TIP
2025-10-21,112.0199966430664,TIP
2025-10-22,112.19999694824219,TIP
2025-10-23,111.9800033569336,TIP
2025-10-24,111.97000122070312,TIP
2025-10-27,111.94000244140625,TIP
2025-10-28,112.02999877929688,TIP
2025-10-29,111.44000244140625,TIP
2025-10-30,111.19999694824219,TIP
2025-10-31,111.37999725341797,TIP
2025-11-03,110.94000244140625,TIP
2025-11-04,110.98999786376953,TIP
2025-11-05,110.58000183105469,TIP
2025-11-06,110.87999725341797,TIP
2025-11-07,110.9000015258789,TIP
2025-11-10,110.91999816894531,TIP
2025-11-11,111.37000274658203,TIP
2025-11-12,111.12999725341797,TIP
2025-11-13,110.87999725341797,TIP
2025-11-14,110.75,TIP
2025-11-17,110.7699966430664,TIP
2025-11-18,110.8499984741211,TIP
2025-11-19,110.70999908447266,TIP
2025-11-20,110.76000213623047,TIP
2025-11-21,111.0199966430664,TIP
2025-11-24,111.06999969482422,TIP
2025-11-25,111.2699966430664,TIP
2025-11-26,111.51000213623047,TIP
2025-11-28,111.26000213623047,TIP
2025-12-01,110.5,TIP
2025-12-02,110.52999877929688,TIP
2025-12-03,110.77999877929688,TIP
2025-12-04,110.62999725341797,TIP
2025-12-05,110.44999694824219,TIP
2025-12-08,110.2300033569336,TIP
2025-12-09,110.08999633789062,TIP
2025-12-10,110.44999694824219,TIP
2025-12-11,110.4000015258789,TIP
2025-12-12,110.2300033569336,TIP
2025-12-15,110.1500015258789,TIP
2025-12-16,110.16999816894531,TIP
2025-12-17,110.29000091552734,TIP
2025-12-18,110.5,TIP
2025-12-19,109.94000244140625,TIP
2025-12-22,109.77999877929688,TIP
2025-12-23,109.83000183105469,TIP
2025-12-24,110.05999755859375,TIP
2025-12-26,110.05000305175781,TIP
2025-12-29,110.1500015258789,TIP
2025-12-30,110.12999725341797,TIP
2025-12-31,109.91000366210938,TIP
2026-01-02,109.86000061035156,TIP
2026-01-05,110.16000366210938,TIP
2026-01-06,110.08000183105469,TIP
2026-01-07,110.25,TIP
2026-01-08,110.02999877929688,TIP
2026-01-09,110.18000030517578,TIP
2026-01-12,110.18000030517578,TIP
2026-01-13,110.27999877929688,TIP
2026-01-14,110.4000015258789,TIP
2026-01-15,110.2300033569336,TIP
2026-01-16,110.0199966430664,TIP
2026-01-20,109.69000244140625,TIP
2026-01-21,110.12000274658203,TIP
2026-01-22,110.01000213623047,TIP
2026-01-23,110.2300033569336,TIP
2026-01-26,110.37999725341797,TIP
2026-01-27,110.38999938964844,TIP
2026-01-28,110.44000244140625,TIP
2026-01-29,110.5199966430664,TIP
2026-01-30,110.4800033569336,TIP
2026-02-02,110.19000244140625,TIP
2026-02-03,110.37000274658203,TIP
2026-02-04,110.25,TIP
2026-02-05,110.55999755859375,TIP
2026-02-06,110.66999816894531,TIP
2026-02-09,110.76000213623047,TIP
2026-02-10,110.98999786376953,TIP
2026-02-11,110.80999755859375,TIP
2026-02-12,111.25,TIP
2026-02-13,111.38999938964844,TIP
2026-02-17,111.2300033569336,TIP
2026-02-18,111.16000366210938,TIP
2026-02-19,111.25,TIP
2026-02-20,111.19000244140625,TIP
2026-02-23,111.29000091552734,TIP
2026-02-24,111.30999755859375,TIP
2026-02-25,111.41000366210938,TIP
2026-02-26,111.70999908447266,TIP
2026-02-27,111.87999725341797,TIP
2026-03-02,111.56999969482422,TIP
2026-03-03,111.5,TIP
2026-03-04,111.25,TIP
2026-03-05,111.22000122070312,TIP
2026-03-06,111.43000030517578,TIP
2026-03-09,111.61000061035156,TIP
2026-03-10,111.23999786376953,TIP
2026-03-11,111.06999969482422,TIP
2026-03-12,110.93000030517578,TIP
2026-03-13,110.70999908447266,TIP
2026-03-16,111.05999755859375,TIP
2026-03-17,111.44999694824219,TIP
2026-03-18,111.23999786376953,TIP
2026-03-19,111.11000061035156,TIP
2026-03-20,110.22000122070312,TIP
2026-03-23,110.19000244140625,TIP
2026-03-24,109.83000183105469,TIP
2026-03-25,110.16000366210938,TIP
2026-03-26,109.76000213623047,TIP
2026-03-27,109.66999816894531,TIP
2026-03-30,110.3499984741211,TIP
2026-03-31,110.36000061035156,TIP
2026-04-01,110.36000061035156,TIP
2026-04-02,110.80999755859375,TIP
2026-04-06,110.76000213623047,TIP
2026-04-07,110.88999938964844,TIP
2026-04-08,110.91000366210938,TIP
2026-04-09,110.95999908447266,TIP
2026-04-10,111.0199966430664,TIP
2026-04-13,111.27999877929688,TIP
2026-04-14,111.52999877929688,TIP
2026-04-15,111.43000030517578,TIP
2026-04-16,111.19000244140625,TIP
2026-04-17,111.4800033569336,TIP
2026-04-20,111.41000366210938,TIP
2026-04-21,111.22000122070312,TIP
2026-04-22,111.38999938964844,TIP
2026-04-23,111.56999969482422,TIP
2026-04-24,111.80000305175781,TIP
2026-04-27,111.7699966430664,TIP
2026-04-28,111.7300033569336,TIP
2026-04-29,111.38999938964844,TIP
2026-04-30,111.55999755859375,TIP
2026-05-01,111.3499984741211,TIP
2026-05-04,111.1500015258789,TIP
2026-05-05,111.06999969482422,TIP
2026-05-06,111.1500015258789,TIP
2026-05-07,111.02999877929688,TIP
2026-05-08,111.4000015258789,TIP
2026-05-11,111.30999755859375,TIP
2026-05-12,111.12000274658203,TIP
2026-05-13,111.12000274658203,TIP
2026-05-14,111.01000213623047,TIP
2026-05-15,110.61000061035156,TIP
2026-05-18,110.4800033569336,TIP
2026-05-19,110.11000061035156,TIP
2026-05-20,110.37000274658203,TIP
2026-05-21,110.37000274658203,TIP
2026-05-22,110.37999725341797,TIP
2026-05-26,110.81999969482422,TIP
2026-05-27,110.87999725341797,TIP
2026-05-28,111.18000030517578,TIP
2026-05-29,111.20999908447266,TIP
2026-06-01,109.9800033569336,TIP
2026-06-02,109.97000122070312,TIP
2026-06-03,109.7699966430664,TIP
2026-06-04,109.77999877929688,TIP
2026-06-05,109.25,TIP
2026-06-08,109.12999725341797,TIP
2026-06-09,109.31999969482422,TIP
2026-06-10,109.20999908447266,TIP
2026-06-11,109.5999984741211,TIP
2026-06-12,109.61000061035156,TIP
2026-06-15,109.76000213623047,TIP
2026-06-16,109.76000213623047,TIP
2026-06-17,109.02999877929688,TIP
2026-06-18,109.38999938964844,TIP
2026-06-22,108.94000244140625,TIP
2026-06-23,108.9000015258789,TIP
2026-06-24,109.31999969482422,TIP
2026-06-25,109.5,TIP
2026-06-26,109.69999694824219,TIP
2026-06-29,109.9000015258789,TIP
2026-06-30,109.43000030517578,TIP
2026-07-01,108.16999816894531,TIP
2026-07-02,108.33000183105469,TIP
2026-07-06,108.48999786376953,TIP
2026-07-07,108.16999816894531,TIP
2026-07-08,108.05000305175781,TIP
2026-07-09,108.12000274658203,TIP
2025-01-07,87.45999908447266,VNQ
2025-01-08,87.69000244140625,VNQ
2025-01-10,85.55000305175781,VNQ
2025-01-13,86.5999984741211,VNQ
2025-01-14,87.38999938964844,VNQ
2025-01-15,87.88999938964844,VNQ
2025-01-16,89.70999908447266,VNQ
2025-01-17,89.6500015258789,VNQ
2025-01-21,91.33000183105469,VNQ
2025-01-22,89.73999786376953,VNQ
2025-01-23,90.4000015258789,VNQ
2025-01-24,90.70999908447266,VNQ
2025-01-27,91.91999816894531,VNQ
2025-01-28,90.80999755859375,VNQ
2025-01-29,89.61000061035156,VNQ
2025-01-30,90.75,VNQ
2025-01-31,90.55000305175781,VNQ
2025-02-03,90.36000061035156,VNQ
2025-02-04,90.43000030517578,VNQ
2025-02-05,91.69999694824219,VNQ
2025-02-06,91.93000030517578,VNQ
2025-02-07,91.62999725341797,VNQ
2025-02-10,91.58999633789062,VNQ
2025-02-11,91.98999786376953,VNQ
2025-02-12,91.13999938964844,VNQ
2025-02-13,92.05000305175781,VNQ
2025-02-14,91.62999725341797,VNQ
2025-02-18,92.04000091552734,VNQ
2025-02-19,92.11000061035156,VNQ
2025-02-20,92.55000305175781,VNQ
2025-02-21,91.63999938964844,VNQ
2025-02-24,92.0,VNQ
2025-02-25,93.12999725341797,VNQ
2025-02-26,92.73999786376953,VNQ
2025-02-27,93.11000061035156,VNQ
2025-02-28,93.9000015258789,VNQ
2025-03-03,94.33999633789062,VNQ
2025-03-04,93.25,VNQ
2025-03-05,94.29000091552734,VNQ
2025-03-06,91.87000274658203,VNQ
2025-03-07,92.41999816894531,VNQ
2025-03-10,91.52999877929688,VNQ
2025-03-11,90.45999908447266,VNQ
2025-03-12,90.18000030517578,VNQ
2025-03-13,88.4000015258789,VNQ
2025-03-14,90.16999816894531,VNQ
2025-03-17,91.70999908447266,VNQ
2025-03-18,91.2300033569336,VNQ
2025-03-19,91.33999633789062,VNQ
2025-03-20,91.27999877929688,VNQ
2025-03-21,90.2699966430664,VNQ
2025-03-24,91.66000366210938,VNQ
2025-03-25,89.70999908447266,VNQ
2025-03-26,90.05999755859375,VNQ
2025-03-27,89.83000183105469,VNQ
2025-03-28,89.70999908447266,VNQ
2025-03-31,90.54000091552734,VNQ
2025-04-01,90.58000183105469,VNQ
2025-04-02,91.12999725341797,VNQ
2025-04-03,88.0199966430664,VNQ
2025-04-04,84.19999694824219,VNQ
2025-04-07,81.98999786376953,VNQ
2025-04-08,79.79000091552734,VNQ
2025-04-09,84.55000305175781,VNQ
2025-04-10,82.62000274658203,VNQ
2025-04-11,83.62999725341797,VNQ
2025-04-14,85.36000061035156,VNQ
2025-04-15,85.62000274658203,VNQ
2025-04-16,85.55999755859375,VNQ
2025-04-17,86.83999633789062,VNQ
2025-04-21,85.02999877929688,VNQ
2025-04-22,86.68000030517578,VNQ
2025-04-23,86.83999633789062,VNQ
2025-04-24,87.16000366210938,VNQ
2025-04-25,87.01000213623047,VNQ
2025-04-28,87.55000305175781,VNQ
2025-04-29,88.0199966430664,VNQ
2025-04-30,88.33000183105469,VNQ
2025-05-01,88.62000274658203,VNQ
2025-05-02,89.70999908447266,VNQ
2025-05-05,89.51000213623047,VNQ
2025-05-06,88.81999969482422,VNQ
2025-05-07,88.91999816894531,VNQ
2025-05-08,88.56999969482422,VNQ
2025-05-09,89.16000366210938,VNQ
2025-05-12,89.5999984741211,VNQ
2025-05-13,88.45999908447266,VNQ
2025-05-14,87.58999633789062,VNQ
2025-05-15,89.19000244140625,VNQ
2025-05-16,90.30000305175781,VNQ
2025-05-19,90.31999969482422,VNQ
2025-05-20,89.79000091552734,VNQ
2025-05-21,87.4000015258789,VNQ
2025-05-22,87.0,VNQ
2025-05-23,87.08999633789062,VNQ
2025-05-27,88.61000061035156,VNQ
2025-05-28,88.5199966430664,VNQ
2025-05-29,89.31999969482422,VNQ
2025-05-30,89.31999969482422,VNQ
2025-06-02,89.44000244140625,VNQ
2025-06-03,89.26000213623047,VNQ
2025-06-04,89.51000213623047,VNQ
2025-06-05,89.44000244140625,VNQ
2025-06-06,89.87000274658203,VNQ
2025-06-09,89.98999786376953,VNQ
2025-06-10,90.76000213623047,VNQ
2025-06-11,90.2699966430664,VNQ
2025-06-12,90.70999908447266,VNQ
2025-06-13,89.83000183105469,VNQ
2025-06-16,89.9000015258789,VNQ
2025-06-17,89.58000183105469,VNQ
2025-06-18,89.88999938964844,VNQ
2025-06-20,89.83000183105469,VNQ
2025-06-23,91.18000030517578,VNQ
2025-06-24,91.41999816894531,VNQ
2025-06-25,89.22000122070312,VNQ
2025-06-26,88.2699966430664,VNQ
2025-06-27,88.48999786376953,VNQ
2025-06-30,89.05999755859375,VNQ
2025-07-01,89.70999908447266,VNQ
2025-07-02,89.91999816894531,VNQ
2025-07-03,90.0199966430664,VNQ
2025-07-07,89.25,VNQ
2025-07-08,89.12000274658203,VNQ
2025-07-09,89.19000244140625,VNQ
2025-07-10,89.75,VNQ
2025-07-11,89.76000213623047,VNQ
2025-07-14,90.33999633789062,VNQ
2025-07-15,89.01000213623047,VNQ
2025-07-16,89.8499984741211,VNQ
2025-07-17,89.75,VNQ
2025-07-18,89.94000244140625,VNQ
2025-07-21,90.30999755859375,VNQ
2025-07-22,91.86000061035156,VNQ
2025-07-23,92.04000091552734,VNQ
2025-07-24,91.72000122070312,VNQ
2025-07-25,91.7300033569336,VNQ
2025-07-28,90.26000213623047,VNQ
2025-07-29,91.70999908447266,VNQ
2025-07-30,90.41000366210938,VNQ
2025-07-31,89.13999938964844,VNQ
2025-08-01,88.91999816894531,VNQ
2025-08-04,89.83000183105469,VNQ
2025-08-05,90.23999786376953,VNQ
2025-08-06,89.54000091552734,VNQ
2025-08-07,89.80000305175781,VNQ
2025-08-08,89.05999755859375,VNQ
2025-08-11,88.47000122070312,VNQ
2025-08-12,88.97000122070312,VNQ
2025-08-13,89.80000305175781,VNQ
2025-08-14,89.16000366210938,VNQ
2025-08-15,89.66999816894531,VNQ
2025-08-18,88.91000366210938,VNQ
2025-08-19,90.44000244140625,VNQ
2025-08-20,90.69999694824219,VNQ
2025-08-21,90.43000030517578,VNQ
2025-08-22,92.18000030517578,VNQ
2025-08-25,91.6500015258789,VNQ
2025-08-26,91.41000366210938,VNQ
2025-08-27,91.9800033569336,VNQ
2025-08-28,91.73999786376953,VNQ
2025-08-29,92.23999786376953,VNQ
2025-09-02,90.70999908447266,VNQ
2025-09-03,90.76000213623047,VNQ
2025-09-04,91.44000244140625,VNQ
2025-09-05,92.47000122070312,VNQ
2025-09-08,91.93000030517578,VNQ
2025-09-09,91.72000122070312,VNQ
2025-09-10,91.56999969482422,VNQ
2025-09-11,93.23999786376953,VNQ
2025-09-12,92.80999755859375,VNQ
2025-09-15,92.66000366210938,VNQ
2025-09-16,92.16999816894531,VNQ
2025-09-17,92.05000305175781,VNQ
2025-09-18,92.25,VNQ
2025-09-19,91.6500015258789,VNQ
2025-09-22,91.66999816894531,VNQ
2025-09-23,92.16999816894531,VNQ
2025-09-24,90.4000015258789,VNQ
2025-09-25,90.12999725341797,VNQ
2025-09-26,91.0199966430664,VNQ
2025-09-29,91.05000305175781,VNQ
2025-09-30,91.41999816894531,VNQ
2025-10-01,91.55999755859375,VNQ
2025-10-02,91.08000183105469,VNQ
2025-10-03,91.41999816894531,VNQ
2025-10-06,90.55999755859375,VNQ
2025-10-07,90.2300033569336,VNQ
2025-10-08,89.76000213623047,VNQ
2025-10-09,89.2699966430664,VNQ
2025-10-10,88.12999725341797,VNQ
2025-10-13,88.69000244140625,VNQ
2025-10-14,89.5999984741211,VNQ
2025-10-15,90.9000015258789,VNQ
2025-10-16,90.58000183105469,VNQ
2025-10-17,91.16999816894531,VNQ
2025-10-20,92.08999633789062,VNQ
2025-10-21,91.83000183105469,VNQ
2025-10-22,92.22000122070312,VNQ
2025-10-23,92.16000366210938,VNQ
2025-10-24,92.43000030517578,VNQ
2025-10-27,92.69000244140625,VNQ
2025-10-28,90.87000274658203,VNQ
2025-10-29,88.52999877929688,VNQ
2025-10-30,88.94999694824219,VNQ
2025-10-31,89.18000030517578,VNQ
2025-11-03,89.05000305175781,VNQ
2025-11-04,89.19999694824219,VNQ
2025-11-05,89.27999877929688,VNQ
2025-11-06,88.8499984741211,VNQ
2025-11-07,90.2300033569336,VNQ
2025-11-10,90.18000030517578,VNQ
2025-11-11,91.19000244140625,VNQ
2025-11-12,90.51000213623047,VNQ
2025-11-13,89.4000015258789,VNQ
2025-11-14,89.58999633789062,VNQ
2025-11-17,88.8499984741211,VNQ
2025-11-18,89.20999908447266,VNQ
2025-11-19,88.51000213623047,VNQ
2025-11-20,88.13999938964844,VNQ
2025-11-21,89.56999969482422,VNQ
2025-11-24,89.80999755859375,VNQ
2025-11-25,90.63999938964844,VNQ
2025-11-26,91.04000091552734,VNQ
2025-11-28,91.33999633789062,VNQ
2025-12-01,90.29000091552734,VNQ
2025-12-02,89.97000122070312,VNQ
2025-12-03,90.19999694824219,VNQ
2025-12-04,89.9800033569336,VNQ
2025-12-05,89.87999725341797,VNQ
2025-12-08,89.19000244140625,VNQ
2025-12-09,88.8499984741211,VNQ
2025-12-10,89.16999816894531,VNQ
2025-12-11,89.55999755859375,VNQ
2025-12-12,89.44999694824219,VNQ
2025-12-15,89.7300033569336,VNQ
2025-12-16,89.06999969482422,VNQ
2025-12-17,89.4000015258789,VNQ
2025-12-18,88.93000030517578,VNQ
2025-12-19,88.58999633789062,VNQ
2025-12-22,88.23999786376953,VNQ
2025-12-23,88.18000030517578,VNQ
2025-12-24,88.76000213623047,VNQ
2025-12-26,88.86000061035156,VNQ
2025-12-29,89.04000091552734,VNQ
2025-12-30,89.22000122070312,VNQ
2025-12-31,88.48999786376953,VNQ
2026-01-02,88.5199966430664,VNQ
2026-01-05,88.72000122070312,VNQ
2026-01-06,89.37000274658203,VNQ
2026-01-07,88.5,VNQ
2026-01-08,89.29000091552734,VNQ
2026-01-09,89.47000122070312,VNQ
2026-01-12,89.58999633789062,VNQ
2026-01-13,90.08999633789062,VNQ
2026-01-14,90.87000274658203,VNQ
2026-01-15,91.5,VNQ
2026-01-16,92.62000274658203,VNQ
2026-01-20,90.9000015258789,VNQ
2026-01-21,91.26000213623047,VNQ
2026-01-22,90.36000061035156,VNQ
2026-01-23,90.54000091552734,VNQ
2026-01-26,90.41999816894531,VNQ
2026-01-27,90.38999938964844,VNQ
2026-01-28,89.45999908447266,VNQ
2026-01-29,90.70999908447266,VNQ
2026-01-30,90.80000305175781,VNQ
2026-02-02,89.86000061035156,VNQ
2026-02-03,89.66000366210938,VNQ
2026-02-04,90.94999694824219,VNQ
2026-02-05,90.81999969482422,VNQ
2026-02-06,92.25,VNQ
2026-02-09,92.63999938964844,VNQ
2026-02-10,93.87999725341797,VNQ
2026-02-11,93.36000061035156,VNQ
2026-02-12,93.25,VNQ
2026-02-13,94.58999633789062,VNQ
2026-02-17,95.48999786376953,VNQ
2026-02-18,94.37000274658203,VNQ
2026-02-19,94.16999816894531,VNQ
2026-02-20,94.87999725341797,VNQ
2026-02-23,94.88999938964844,VNQ
2026-02-24,95.12999725341797,VNQ
2026-02-25,94.87000274658203,VNQ
2026-02-26,95.5199966430664,VNQ
2026-02-27,95.69000244140625,VNQ
2026-03-02,95.93000030517578,VNQ
2026-03-03,95.41999816894531,VNQ
2026-03-04,95.54000091552734,VNQ
2026-03-05,94.58000183105469,VNQ
2026-03-06,93.55000305175781,VNQ
2026-03-09,93.76000213623047,VNQ
2026-03-10,93.62000274658203,VNQ
2026-03-11,92.6500015258789,VNQ
2026-03-12,92.01000213623047,VNQ
2026-03-13,92.16000366210938,VNQ
2026-03-16,92.93000030517578,VNQ
2026-03-17,93.33999633789062,VNQ
2026-03-18,91.95999908447266,VNQ
2026-03-19,91.58999633789062,VNQ
2026-03-20,88.75,VNQ
2026-03-23,89.44000244140625,VNQ
2026-03-24,87.91000366210938,VNQ
2026-03-25,87.83999633789062,VNQ
2026-03-26,87.72000122070312,VNQ
2026-03-27,87.0,VNQ
2026-03-30,87.33000183105469,VNQ
2026-03-31,88.69999694824219,VNQ
2026-04-01,89.0199966430664,VNQ
2026-04-02,90.2300033569336,VNQ
2026-04-06,90.36000061035156,VNQ
2026-04-07,90.48999786376953,VNQ
2026-04-08,92.12000274658203,VNQ
2026-04-09,92.77999877929688,VNQ
2026-04-10,92.9800033569336,VNQ
2026-04-13,93.33000183105469,VNQ
2026-04-14,94.22000122070312,VNQ
2026-04-15,94.29000091552734,VNQ
2026-04-16,95.16000366210938,VNQ
2026-04-17,96.68000030517578,VNQ
2026-04-20,97.02999877929688,VNQ
2026-04-21,95.30999755859375,VNQ
2026-04-22,94.5199966430664,VNQ
2026-04-23,95.48999786376953,VNQ
2026-04-24,95.30000305175781,VNQ
2026-04-27,94.77999877929688,VNQ
2026-04-28,95.6500015258789,VNQ
2026-04-29,94.9000015258789,VNQ
2026-04-30,96.33000183105469,VNQ
2026-05-01,96.05999755859375,VNQ
2026-05-04,95.45999908447266,VNQ
2026-05-05,95.76000213623047,VNQ
2026-05-06,97.08999633789062,VNQ
2026-05-07,96.38999938964844,VNQ
2026-05-08,96.62000274658203,VNQ
2026-05-11,96.69000244140625,VNQ
2026-05-12,96.69000244140625,VNQ
2026-05-13,95.88999938964844,VNQ
2026-05-14,95.31999969482422,VNQ
2026-05-15,93.91000366210938,VNQ
2026-05-18,95.01000213623047,VNQ
2026-05-19,95.27999877929688,VNQ
2026-05-20,96.48999786376953,VNQ
2026-05-21,96.66999816894531,VNQ
2026-05-22,96.7699966430664,VNQ
2026-05-26,97.22000122070312,VNQ
2026-05-27,96.91999816894531,VNQ
2026-05-28,96.55000305175781,VNQ
2026-05-29,95.69999694824219,VNQ
2026-06-01,94.08999633789062,VNQ
2026-06-02,94.5199966430664,VNQ
2026-06-03,94.41000366210938,VNQ
2026-06-04,96.0999984741211,VNQ
2026-06-05,96.79000091552734,VNQ
2026-06-08,95.47000122070312,VNQ
2026-06-09,97.66999816894531,VNQ
2026-06-10,97.68000030517578,VNQ
2026-06-11,97.61000061035156,VNQ
2026-06-12,98.51000213623047,VNQ
2026-06-15,97.81999969482422,VNQ
2026-06-16,98.05999755859375,VNQ
2026-06-17,95.61000061035156,VNQ
2026-06-18,95.55999755859375,VNQ
2026-06-22,96.58999633789062,VNQ
2026-06-23,97.86000061035156,VNQ
2026-06-24,97.01000213623047,VNQ
2026-06-25,97.19000244140625,VNQ
2026-06-26,98.66999816894531,VNQ
2026-06-29,98.1500015258789,VNQ
2026-06-30,96.43000030517578,VNQ
2026-07-01,96.81999969482422,VNQ
2026-07-02,98.0199966430664,VNQ
2026-07-06,97.23999786376953,VNQ
2026-07-07,98.4000015258789,VNQ
2026-07-08,96.80000305175781,VNQ
2026-07-09,97.08999633789062,VNQ
2025-01-07,108.25,IJS
2025-01-08,107.95999908447266,IJS
2025-01-10,105.80999755859375,IJS
2025-01-13,106.44999694824219,IJS
2025-01-14,108.0,IJS
2025-01-15,109.6500015258789,IJS
2025-01-16,109.97000122070312,IJS
2025-01-17,110.45999908447266,IJS
2025-01-21,112.2300033569336,IJS
2025-01-22,111.16999816894531,IJS
2025-01-23,111.51000213623047,IJS
2025-01-24,111.5999984741211,IJS
2025-01-27,111.91000366210938,IJS
2025-01-28,111.29000091552734,IJS
2025-01-29,110.55999755859375,IJS
2025-01-30,111.51000213623047,IJS
2025-01-31,110.47000122070312,IJS
2025-02-03,108.5199966430664,IJS
2025-02-04,109.81999969482422,IJS
2025-02-05,110.58000183105469,IJS
2025-02-06,110.37000274658203,IJS
2025-02-07,108.55000305175781,IJS
2025-02-10,108.73999786376953,IJS
2025-02-11,109.25,IJS
2025-02-12,107.58000183105469,IJS
2025-02-13,109.01000213623047,IJS
2025-02-14,108.93000030517578,IJS
2025-02-18,109.6500015258789,IJS
2025-02-19,109.12000274658203,IJS
2025-02-20,108.25,IJS
2025-02-21,105.97000122070312,IJS
2025-02-24,105.56999969482422,IJS
2025-02-25,105.75,IJS
2025-02-26,105.12999725341797,IJS
2025-02-27,103.83000183105469,IJS
2025-02-28,104.51000213623047,IJS
2025-03-03,101.95999908447266,IJS
2025-03-04,100.25,IJS
2025-03-05,101.44000244140625,IJS
2025-03-06,100.6500015258789,IJS
2025-03-07,101.48999786376953,IJS
2025-03-10,99.18000030517578,IJS
2025-03-11,98.19000244140625,IJS
2025-03-12,97.58999633789062,IJS
2025-03-13,96.30000305175781,IJS
2025-03-14,98.4000015258789,IJS
2025-03-17,99.58999633789062,IJS
2025-03-18,98.75,IJS
2025-03-19,99.73999786376953,IJS
2025-03-20,99.41000366210938,IJS
2025-03-21,98.54000091552734,IJS
2025-03-24,100.6500015258789,IJS
2025-03-25,100.04000091552734,IJS
2025-03-26,99.87000274658203,IJS
2025-03-27,99.5,IJS
2025-03-28,97.19000244140625,IJS
2025-03-31,97.4800033569336,IJS
2025-04-01,97.62000274658203,IJS
2025-04-02,99.08000183105469,IJS
2025-04-03,91.69999694824219,IJS
2025-04-04,87.79000091552734,IJS
2025-04-07,86.2699966430664,IJS
2025-04-08,83.54000091552734,IJS
2025-04-09,90.69999694824219,IJS
2025-04-10,86.13999938964844,IJS
2025-04-11,86.9800033569336,IJS
2025-04-14,88.19999694824219,IJS
2025-04-15,87.75,IJS
2025-04-16,86.9800033569336,IJS
2025-04-17,88.0199966430664,IJS
2025-04-21,86.54000091552734,IJS
2025-04-22,88.69000244140625,IJS
2025-04-23,89.61000061035156,IJS
2025-04-24,91.55000305175781,IJS
2025-04-25,91.41999816894531,IJS
2025-04-28,91.88999938964844,IJS
2025-04-29,92.41999816894531,IJS
2025-04-30,91.81999969482422,IJS
2025-05-01,92.05999755859375,IJS
2025-05-02,93.87000274658203,IJS
2025-05-05,92.98999786376953,IJS
2025-05-06,92.37999725341797,IJS
2025-05-07,92.41000366210938,IJS
2025-05-08,94.55000305175781,IJS
2025-05-09,94.5199966430664,IJS
2025-05-12,98.44000244140625,IJS
2025-05-13,98.75,IJS
2025-05-14,97.69999694824219,IJS
2025-05-15,98.51000213623047,IJS
2025-05-16,99.08000183105469,IJS
2025-05-19,98.33999633789062,IJS
2025-05-20,98.11000061035156,IJS
2025-05-21,94.94999694824219,IJS
2025-05-22,95.04000091552734,IJS
2025-05-23,94.43000030517578,IJS
2025-05-27,97.01000213623047,IJS
2025-05-28,95.83999633789062,IJS
2025-05-29,96.30999755859375,IJS
2025-05-30,95.73999786376953,IJS
2025-06-02,95.20999908447266,IJS
2025-06-03,96.97000122070312,IJS
2025-06-04,96.5999984741211,IJS
2025-06-05,96.48999786376953,IJS
2025-06-06,97.61000061035156,IJS
2025-06-09,99.0,IJS
2025-06-10,100.04000091552734,IJS
2025-06-11,99.33999633789062,IJS
2025-06-12,98.97000122070312,IJS
2025-06-13,97.0,IJS
2025-06-16,97.73999786376953,IJS
2025-06-17,96.41000366210938,IJS
2025-06-18,96.95999908447266,IJS
2025-06-20,96.87000274658203,IJS
2025-06-23,98.12999725341797,IJS
2025-06-24,99.05000305175781,IJS
2025-06-25,98.12000274658203,IJS
2025-06-26,99.55000305175781,IJS
2025-06-27,99.68000030517578,IJS
2025-06-30,99.48999786376953,IJS
2025-07-01,101.88999938964844,IJS
2025-07-02,103.37999725341797,IJS
2025-07-03,103.77999877929688,IJS
2025-07-07,102.04000091552734,IJS
2025-07-08,103.19999694824219,IJS
2025-07-09,103.81999969482422,IJS
2025-07-10,104.95999908447266,IJS
2025-07-11,103.70999908447266,IJS
2025-07-14,103.72000122070312,IJS
2025-07-15,101.33999633789062,IJS
2025-07-16,101.9800033569336,IJS
2025-07-17,103.16000366210938,IJS
2025-07-18,102.3499984741211,IJS
2025-07-21,102.33000183105469,IJS
2025-07-22,103.97000122070312,IJS
2025-07-23,105.27999877929688,IJS
2025-07-24,103.41999816894531,IJS
2025-07-25,104.05000305175781,IJS
2025-07-28,103.73999786376953,IJS
2025-07-29,103.2300033569336,IJS
2025-07-30,101.93000030517578,IJS
2025-07-31,100.86000061035156,IJS
2025-08-01,98.98999786376953,IJS
2025-08-04,100.63999938964844,IJS
2025-08-05,101.25,IJS
2025-08-06,101.30999755859375,IJS
2025-08-07,101.30999755859375,IJS
2025-08-08,101.76000213623047,IJS
2025-08-11,101.4800033569336,IJS
2025-08-12,104.94000244140625,IJS
2025-08-13,107.70999908447266,IJS
2025-08-14,106.31999969482422,IJS
2025-08-15,105.63999938964844,IJS
2025-08-18,105.73999786376953,IJS
2025-08-19,106.22000122070312,IJS
2025-08-20,105.5,IJS
2025-08-21,105.2699966430664,IJS
2025-08-22,109.70999908447266,IJS
2025-08-25,108.9000015258789,IJS
2025-08-26,109.0,IJS
2025-08-27,110.04000091552734,IJS
2025-08-28,109.69000244140625,IJS
2025-08-29,109.55000305175781,IJS
2025-09-02,108.70999908447266,IJS
2025-09-03,108.61000061035156,IJS
2025-09-04,110.4800033569336,IJS
2025-09-05,111.16999816894531,IJS
2025-09-08,110.87000274658203,IJS
2025-09-09,109.83999633789062,IJS
2025-09-10,109.69999694824219,IJS
2025-09-11,111.93000030517578,IJS
2025-09-12,110.4800033569336,IJS
2025-09-15,110.63999938964844,IJS
2025-09-16,109.87999725341797,IJS
2025-09-17,109.95999908447266,IJS
2025-09-18,112.19999694824219,IJS
2025-09-19,110.95999908447266,IJS
2025-09-22,111.0,IJS
2025-09-23,110.70999908447266,IJS
2025-09-24,110.05999755859375,IJS
2025-09-25,108.95999908447266,IJS
2025-09-26,110.2699966430664,IJS
2025-09-29,110.4000015258789,IJS
2025-09-30,110.58999633789062,IJS
2025-10-01,111.37000274658203,IJS
2025-10-02,111.61000061035156,IJS
2025-10-03,112.3499984741211,IJS
2025-10-06,111.8499984741211,IJS
2025-10-07,110.23999786376953,IJS
2025-10-08,111.19000244140625,IJS
2025-10-09,109.8499984741211,IJS
2025-10-10,105.91000366210938,IJS
2025-10-13,108.36000061035156,IJS
2025-10-14,110.02999877929688,IJS
2025-10-15,110.95999908447266,IJS
2025-10-16,109.68000030517578,IJS
2025-10-17,109.19999694824219,IJS
2025-10-20,111.05999755859375,IJS
2025-10-21,111.38999938964844,IJS
2025-10-22,110.87000274658203,IJS
2025-10-23,112.23999786376953,IJS
2025-10-24,113.18000030517578,IJS
2025-10-27,113.05999755859375,IJS
2025-10-28,112.41999816894531,IJS
2025-10-29,111.29000091552734,IJS
2025-10-30,109.97000122070312,IJS
2025-10-31,110.19999694824219,IJS
2025-11-03,110.47000122070312,IJS
2025-11-04,109.08000183105469,IJS
2025-11-05,111.05999755859375,IJS
2025-11-06,109.13999938964844,IJS
2025-11-07,110.37999725341797,IJS
2025-11-10,111.80999755859375,IJS
2025-11-11,112.37000274658203,IJS
2025-11-12,112.5199966430664,IJS
2025-11-13,110.12000274658203,IJS
2025-11-14,110.18000030517578,IJS
2025-11-17,107.6500015258789,IJS
2025-11-18,107.38999938964844,IJS
2025-11-19,107.12000274658203,IJS
2025-11-20,104.72000122070312,IJS
2025-11-21,108.12000274658203,IJS
2025-11-24,109.52999877929688,IJS
2025-11-25,112.5,IJS
2025-11-26,113.19000244140625,IJS
2025-11-28,113.36000061035156,IJS
2025-12-01,113.12999725341797,IJS
2025-12-02,113.1500015258789,IJS
2025-12-03,114.76000213623047,IJS
2025-12-04,114.2300033569336,IJS
2025-12-05,114.23999786376953,IJS
2025-12-08,113.83999633789062,IJS
2025-12-09,114.41999816894531,IJS
2025-12-10,117.08000183105469,IJS
2025-12-11,118.2300033569336,IJS
2025-12-12,117.06999969482422,IJS
2025-12-15,116.69000244140625,IJS
2025-12-16,115.27999877929688,IJS
2025-12-17,115.27999877929688,IJS
2025-12-18,115.41999816894531,IJS
2025-12-19,115.41999816894531,IJS
2025-12-22,115.80000305175781,IJS
2025-12-23,115.05999755859375,IJS
2025-12-24,115.68000030517578,IJS
2025-12-26,115.7300033569336,IJS
2025-12-29,115.27999877929688,IJS
2025-12-30,114.7699966430664,IJS
2025-12-31,113.72000122070312,IJS
2026-01-02,114.68000030517578,IJS
2026-01-05,116.29000091552734,IJS
2026-01-06,118.20999908447266,IJS
2026-01-07,117.08999633789062,IJS
2026-01-08,119.51000213623047,IJS
2026-01-09,120.43000030517578,IJS
2026-01-12,119.95999908447266,IJS
2026-01-13,119.86000061035156,IJS
2026-01-14,120.7300033569336,IJS
2026-01-15,122.55999755859375,IJS
2026-01-16,121.91000366210938,IJS
2026-01-20,119.93000030517578,IJS
2026-01-21,123.41999816894531,IJS
2026-01-22,123.8499984741211,IJS
2026-01-23,121.5999984741211,IJS
2026-01-26,121.37999725341797,IJS
2026-01-27,121.2300033569336,IJS
2026-01-28,120.52999877929688,IJS
2026-01-29,121.51000213623047,IJS
2026-01-30,121.0999984741211,IJS
2026-02-02,122.30999755859375,IJS
2026-02-03,122.5199966430664,IJS
2026-02-04,124.9800033569336,IJS
2026-02-05,123.56999969482422,IJS
2026-02-06,126.52999877929688,IJS
2026-02-09,126.08000183105469,IJS
2026-02-10,126.36000061035156,IJS
2026-02-11,126.04000091552734,IJS
2026-02-12,123.47000122070312,IJS
2026-02-13,124.88999938964844,IJS
2026-02-17,124.61000061035156,IJS
2026-02-18,125.4000015258789,IJS
2026-02-19,125.16999816894531,IJS
2026-02-20,125.73999786376953,IJS
2026-02-23,122.51000213623047,IJS
2026-02-24,123.58999633789062,IJS
2026-02-25,123.69999694824219,IJS
2026-02-26,124.44999694824219,IJS
2026-02-27,122.80000305175781,IJS
2026-03-02,123.41000366210938,IJS
2026-03-03,122.45999908447266,IJS
2026-03-04,123.2300033569336,IJS
2026-03-05,121.29000091552734,IJS
2026-03-06,118.69999694824219,IJS
2026-03-09,118.61000061035156,IJS
2026-03-10,118.08000183105469,IJS
2026-03-11,118.0,IJS
2026-03-12,116.08999633789062,IJS
2026-03-13,115.93000030517578,IJS
2026-03-16,116.3499984741211,IJS
2026-03-17,117.05000305175781,IJS
2026-03-18,115.69000244140625,IJS
2026-03-19,116.0999984741211,IJS
2026-03-20,114.58000183105469,IJS
2026-03-23,116.69000244140625,IJS
2026-03-24,117.81999969482422,IJS
2026-03-25,119.05999755859375,IJS
2026-03-26,118.48999786376953,IJS
2026-03-27,116.54000091552734,IJS
2026-03-30,115.91000366210938,IJS
2026-03-31,118.44999694824219,IJS
2026-04-01,118.66999816894531,IJS
2026-04-02,118.93000030517578,IJS
2026-04-06,119.52999877929688,IJS
2026-04-07,119.77999877929688,IJS
2026-04-08,122.3499984741211,IJS
2026-04-09,123.25,IJS
2026-04-10,122.87999725341797,IJS
2026-04-13,124.38999938964844,IJS
2026-04-14,124.62000274658203,IJS
2026-04-15,124.58999633789062,IJS
2026-04-16,125.1500015258789,IJS
2026-04-17,127.45999908447266,IJS
2026-04-20,128.33999633789062,IJS
2026-04-21,127.69999694824219,IJS
2026-04-22,127.93000030517578,IJS
2026-04-23,128.00999450683594,IJS
2026-04-24,128.61000061035156,IJS
2026-04-27,129.05999755859375,IJS
2026-04-28,128.6999969482422,IJS
2026-04-29,127.6500015258789,IJS
2026-04-30,129.2899932861328,IJS
2026-05-01,129.3699951171875,IJS
2026-05-04,127.7699966430664,IJS
2026-05-05,129.2899932861328,IJS
2026-05-06,130.1699981689453,IJS
2026-05-07,129.1999969482422,IJS
2026-05-08,129.77999877929688,IJS
2026-05-11,128.47000122070312,IJS
2026-05-12,127.11000061035156,IJS
2026-05-13,126.55000305175781,IJS
2026-05-14,127.37999725341797,IJS
2026-05-15,125.63999938964844,IJS
2026-05-18,126.20999908447266,IJS
2026-05-19,124.9800033569336,IJS
2026-05-20,127.66999816894531,IJS
2026-05-21,128.32000732421875,IJS
2026-05-22,129.44000244140625,IJS
2026-05-26,131.00999450683594,IJS
2026-05-27,131.47000122070312,IJS
2026-05-28,131.6999969482422,IJS
2026-05-29,130.69000244140625,IJS
2026-06-01,130.89999389648438,IJS
2026-06-02,132.3000030517578,IJS
2026-06-03,130.69000244140625,IJS
2026-06-04,132.47999572753906,IJS
2026-06-05,130.1699981689453,IJS
2026-06-08,131.1300048828125,IJS
2026-06-09,132.3800048828125,IJS
2026-06-10,131.64999389648438,IJS
2026-06-11,134.02999877929688,IJS
2026-06-12,135.4600067138672,IJS
2026-06-15,134.27999877929688,IJS
2026-06-16,133.60000610351562,IJS
2026-06-17,131.2100067138672,IJS
2026-06-18,133.32000732421875,IJS
2026-06-22,133.00999450683594,IJS
2026-06-23,132.7100067138672,IJS
2026-06-24,134.0399932861328,IJS
2026-06-25,135.61000061035156,IJS
2026-06-26,136.92999267578125,IJS
2026-06-29,136.33999633789062,IJS
2026-06-30,136.67999267578125,IJS
2026-07-01,136.5,IJS
2026-07-02,135.4499969482422,IJS
2026-07-06,135.3699951171875,IJS
2026-07-07,134.3300018310547,IJS
2026-07-08,132.66000366210938,IJS
2026-07-09,134.3300018310547,IJS
2025-01-07,244.55999755859375,GLD
2025-01-08,245.86000061035156,GLD
2025-01-10,248.2100067138672,GLD
2025-01-13,245.74000549316406,GLD
2025-01-14,247.02999877929688,GLD
2025-01-15,248.8800048828125,GLD
2025-01-16,250.60000610351562,GLD
2025-01-17,249.27000427246094,GLD
2025-01-21,253.1300048828125,GLD
2025-01-22,254.42999267578125,GLD
2025-01-23,254.07000732421875,GLD
2025-01-24,255.64999389648438,GLD
2025-01-27,252.99000549316406,GLD
2025-01-28,255.17999267578125,GLD
2025-01-29,254.1999969482422,GLD
2025-01-30,258.04998779296875,GLD
2025-01-31,258.55999755859375,GLD
2025-02-03,259.94000244140625,GLD
2025-02-04,262.5,GLD
2025-02-05,264.1300048828125,GLD
2025-02-06,263.42999267578125,GLD
2025-02-07,263.8999938964844,GLD
2025-02-10,268.3699951171875,GLD
2025-02-11,267.3900146484375,GLD
2025-02-12,267.6700134277344,GLD
2025-02-13,270.30999755859375,GLD
2025-02-14,266.2900085449219,GLD
2025-02-18,270.70001220703125,GLD
2025-02-19,270.8500061035156,GLD
2025-02-20,270.989990234375,GLD
2025-02-21,270.739990234375,GLD
2025-02-24,272.2099914550781,GLD
2025-02-25,268.6199951171875,GLD
2025-02-26,269.0299987792969,GLD
2025-02-27,264.92999267578125,GLD
2025-02-28,263.2699890136719,GLD
2025-03-03,266.739990234375,GLD
2025-03-04,269.05999755859375,GLD
2025-03-05,269.6199951171875,GLD
2025-03-06,268.25,GLD
2025-03-07,268.3900146484375,GLD
2025-03-10,266.0400085449219,GLD
2025-03-11,269.1600036621094,GLD
2025-03-12,270.3299865722656,GLD
2025-03-13,275.1300048828125,GLD
2025-03-14,275.239990234375,GLD
2025-03-17,276.7300109863281,GLD
2025-03-18,279.9599914550781,GLD
2025-03-19,281.1099853515625,GLD
2025-03-20,280.75,GLD
2025-03-21,278.489990234375,GLD
2025-03-24,277.25,GLD
2025-03-25,278.4700012207031,GLD
2025-03-26,278.239990234375,GLD
2025-03-27,281.9700012207031,GLD
2025-03-28,284.05999755859375,GLD
2025-03-31,288.1400146484375,GLD
2025-04-01,287.57000732421875,GLD
2025-04-02,288.1600036621094,GLD
2025-04-03,286.4200134277344,GLD
2025-04-04,279.7200012207031,GLD
2025-04-07,273.7099914550781,GLD
2025-04-08,275.20001220703125,GLD
2025-04-09,285.3800048828125,GLD
2025-04-10,292.3500061035156,GLD
2025-04-11,297.92999267578125,GLD
2025-04-14,296.2300109863281,GLD
2025-04-15,297.7799987792969,GLD
2025-04-16,307.4700012207031,GLD
2025-04-17,306.1199951171875,GLD
2025-04-21,315.5899963378906,GLD
2025-04-22,311.1099853515625,GLD
2025-04-23,303.6499938964844,GLD
2025-04-24,308.07000732421875,GLD
2025-04-25,304.7300109863281,GLD
2025-04-28,309.07000732421875,GLD
2025-04-29,306.05999755859375,GLD
2025-04-30,303.7699890136719,GLD
2025-05-01,297.4599914550781,GLD
2025-05-02,297.9800109863281,GLD
2025-05-05,306.8800048828125,GLD
2025-05-06,315.4800109863281,GLD
2025-05-07,310.75,GLD
2025-05-08,304.6300048828125,GLD
2025-05-09,306.8399963378906,GLD
2025-05-12,298.19000244140625,GLD
2025-05-13,299.4599914550781,GLD
2025-05-14,293.1600036621094,GLD
2025-05-15,297.8399963378906,GLD
2025-05-16,294.239990234375,GLD
2025-05-19,298.0299987792969,GLD
2025-05-20,303.5799865722656,GLD
2025-05-21,305.82000732421875,GLD
2025-05-22,303.1099853515625,GLD
2025-05-23,309.75,GLD
2025-05-27,304.5,GLD
2025-05-28,303.80999755859375,GLD
2025-05-29,305.6099853515625,GLD
2025-05-30,303.6000061035156,GLD
2025-06-02,311.6700134277344,GLD
2025-06-03,308.9100036621094,GLD
2025-06-04,310.8999938964844,GLD
2025-06-05,309.3299865722656,GLD
2025-06-06,305.17999267578125,GLD
2025-06-09,306.6199951171875,GLD
2025-06-10,306.7099914550781,GLD
2025-06-11,308.3699951171875,GLD
2025-06-12,312.20001220703125,GLD
2025-06-13,316.2900085449219,GLD
2025-06-16,311.7799987792969,GLD
2025-06-17,311.94000244140625,GLD
2025-06-18,310.260009765625,GLD
2025-06-20,310.1300048828125,GLD
2025-06-23,311.0799865722656,GLD
2025-06-24,306.19000244140625,GLD
2025-06-25,307.1199951171875,GLD
2025-06-26,306.7799987792969,GLD
2025-06-27,301.2200012207031,GLD
2025-06-30,304.8299865722656,GLD
2025-07-01,307.54998779296875,GLD
2025-07-02,309.25,GLD
2025-07-03,307.1400146484375,GLD
2025-07-07,307.3699951171875,GLD
2025-07-08,304.1600036621094,GLD
2025-07-09,305.5199890136719,GLD
2025-07-10,306.20001220703125,GLD
2025-07-11,309.1400146484375,GLD
2025-07-14,308.010009765625,GLD
2025-07-15,306.7300109863281,GLD
2025-07-16,308.260009765625,GLD
2025-07-17,307.5899963378906,GLD
2025-07-18,308.3900146484375,GLD
2025-07-21,313.1300048828125,GLD
2025-07-22,316.1000061035156,GLD
2025-07-23,312.17999267578125,GLD
2025-07-24,310.2699890136719,GLD
2025-07-25,307.3999938964844,GLD
2025-07-28,305.4100036621094,GLD
2025-07-29,306.25,GLD
2025-07-30,300.9599914550781,GLD
2025-07-31,302.9599914550781,GLD
2025-08-01,309.1099853515625,GLD
2025-08-04,310.9100036621094,GLD
2025-08-05,311.1600036621094,GLD
2025-08-06,310.5,GLD
2025-08-07,313.1199951171875,GLD
2025-08-08,313.04998779296875,GLD
2025-08-11,308.54998779296875,GLD
2025-08-12,308.2699890136719,GLD
2025-08-13,309.2099914550781,GLD
2025-08-14,307.25,GLD
2025-08-15,307.42999267578125,GLD
2025-08-18,306.95001220703125,GLD
2025-08-19,305.2699890136719,GLD
2025-08-20,308.3599853515625,GLD
2025-08-21,307.2900085449219,GLD
2025-08-22,310.5799865722656,GLD
2025-08-25,309.8299865722656,GLD
2025-08-26,312.0799865722656,GLD
2025-08-27,312.7099914550781,GLD
2025-08-28,315.0299987792969,GLD
2025-08-29,318.07000732421875,GLD
2025-09-02,325.5899963378906,GLD
2025-09-03,328.1400146484375,GLD
2025-09-04,326.69000244140625,GLD
2025-09-05,331.04998779296875,GLD
2025-09-08,334.82000732421875,GLD
2025-09-09,334.05999755859375,GLD
2025-09-10,335.260009765625,GLD
2025-09-11,334.760009765625,GLD
2025-09-12,335.4200134277344,GLD
2025-09-15,338.9100036621094,GLD
2025-09-16,339.5899963378906,GLD
2025-09-17,336.9700012207031,GLD
2025-09-18,335.6199951171875,GLD
2025-09-19,339.17999267578125,GLD
2025-09-22,345.04998779296875,GLD
2025-09-23,346.4599914550781,GLD
2025-09-24,343.32000732421875,GLD
2025-09-25,344.75,GLD
2025-09-26,346.739990234375,GLD
2025-09-29,352.4599914550781,GLD
2025-09-30,355.4700012207031,GLD
2025-10-01,356.0299987792969,GLD
2025-10-02,354.7900085449219,GLD
2025-10-03,357.6400146484375,GLD
2025-10-06,364.3800048828125,GLD
2025-10-07,366.260009765625,GLD
2025-10-08,372.29998779296875,GLD
2025-10-09,365.42999267578125,GLD
2025-10-10,369.1199951171875,GLD
2025-10-13,378.0899963378906,GLD
2025-10-14,380.7900085449219,GLD
2025-10-15,387.3900146484375,GLD
2025-10-16,396.45001220703125,GLD
2025-10-17,388.989990234375,GLD
2025-10-20,403.1499938964844,GLD
2025-10-21,377.239990234375,GLD
2025-10-22,377.2799987792969,GLD
2025-10-23,378.7900085449219,GLD
2025-10-24,377.5199890136719,GLD
2025-10-27,367.010009765625,GLD
2025-10-28,364.3800048828125,GLD
2025-10-29,363.0,GLD
2025-10-30,370.1300048828125,GLD
2025-10-31,368.1199951171875,GLD
2025-11-03,368.7799987792969,GLD
2025-11-04,362.32000732421875,GLD
2025-11-05,366.510009765625,GLD
2025-11-06,366.07000732421875,GLD
2025-11-07,368.30999755859375,GLD
2025-11-10,378.3800048828125,GLD
2025-11-11,379.8699951171875,GLD
2025-11-12,385.989990234375,GLD
2025-11-13,382.8699951171875,GLD
2025-11-14,375.9599914550781,GLD
2025-11-17,371.6499938964844,GLD
2025-11-18,374.3500061035156,GLD
2025-11-19,374.9599914550781,GLD
2025-11-20,374.8500061035156,GLD
2025-11-21,374.2699890136719,GLD
2025-11-24,380.20001220703125,GLD
2025-11-25,380.0799865722656,GLD
2025-11-26,383.1199951171875,GLD
2025-11-28,387.8800048828125,GLD
2025-12-01,389.75,GLD
2025-12-02,387.239990234375,GLD
2025-12-03,386.8800048828125,GLD
2025-12-04,387.1300048828125,GLD
2025-12-05,386.44000244140625,GLD
2025-12-08,385.4200134277344,GLD
2025-12-09,387.3999938964844,GLD
2025-12-10,389.04998779296875,GLD
2025-12-11,393.239990234375,GLD
2025-12-12,395.44000244140625,GLD
2025-12-15,395.79998779296875,GLD
2025-12-16,395.8900146484375,GLD
2025-12-17,399.2900085449219,GLD
2025-12-18,398.57000732421875,GLD
2025-12-19,399.0199890136719,GLD
2025-12-22,408.2300109863281,GLD
2025-12-23,413.6400146484375,GLD
2025-12-24,411.92999267578125,GLD
2025-12-26,416.739990234375,GLD
2025-12-29,398.6000061035156,GLD
2025-12-30,398.8900146484375,GLD
2025-12-31,396.30999755859375,GLD
2026-01-02,398.2799987792969,GLD
2026-01-05,408.760009765625,GLD
2026-01-06,413.17999267578125,GLD
2026-01-07,409.2300109863281,GLD
2026-01-08,411.489990234375,GLD
2026-01-09,414.4700012207031,GLD
2026-01-12,422.2300109863281,GLD
2026-01-13,421.6300048828125,GLD
2026-01-14,425.94000244140625,GLD
2026-01-15,423.3299865722656,GLD
2026-01-16,421.2900085449219,GLD
2026-01-20,437.2300109863281,GLD
2026-01-21,443.6000061035156,GLD
2026-01-22,451.7900085449219,GLD
2026-01-23,458.0,GLD
2026-01-26,464.70001220703125,GLD
2026-01-27,476.1000061035156,GLD
2026-01-28,494.55999755859375,GLD
2026-01-29,495.8999938964844,GLD
2026-01-30,444.95001220703125,GLD
2026-02-02,427.1300048828125,GLD
2026-02-03,454.2900085449219,GLD
2026-02-04,453.9700012207031,GLD
2026-02-05,441.8800048828125,GLD
2026-02-06,455.4599914550781,GLD
2026-02-09,467.0299987792969,GLD
2026-02-10,462.3999938964844,GLD
2026-02-11,467.6300048828125,GLD
2026-02-12,451.3900146484375,GLD
2026-02-13,462.6199951171875,GLD
2026-02-17,448.20001220703125,GLD
2026-02-18,458.2799987792969,GLD
2026-02-19,459.55999755859375,GLD
2026-02-20,468.6199951171875,GLD
2026-02-23,481.2799987792969,GLD
2026-02-24,474.6099853515625,GLD
2026-02-25,473.4200134277344,GLD
2026-02-26,477.4800109863281,GLD
2026-02-27,483.75,GLD
2026-03-02,490.0,GLD
2026-03-03,468.1400146484375,GLD
2026-03-04,471.79998779296875,GLD
2026-03-05,466.1300048828125,GLD
2026-03-06,473.510009765625,GLD
2026-03-09,472.5299987792969,GLD
2026-03-10,477.8599853515625,GLD
2026-03-11,476.239990234375,GLD
2026-03-12,466.8800048828125,GLD
2026-03-13,460.8399963378906,GLD
2026-03-16,460.42999267578125,GLD
2026-03-17,459.2699890136719,GLD
2026-03-18,444.739990234375,GLD
2026-03-19,426.4100036621094,GLD
2026-03-20,413.3800048828125,GLD
2026-03-23,404.0400085449219,GLD
2026-03-24,404.1300048828125,GLD
2026-03-25,416.2900085449219,GLD
2026-03-26,400.6400146484375,GLD
2026-03-27,414.70001220703125,GLD
2026-03-30,414.5799865722656,GLD
2026-03-31,430.2900085449219,GLD
2026-04-01,437.82000732421875,GLD
2026-04-02,429.4100036621094,GLD
2026-04-06,427.6499938964844,GLD
2026-04-07,431.80999755859375,GLD
2026-04-08,434.5299987792969,GLD
2026-04-09,437.9100036621094,GLD
2026-04-10,437.1300048828125,GLD
2026-04-13,435.3599853515625,GLD
2026-04-14,445.0899963378906,GLD
2026-04-15,440.4599914550781,GLD
2026-04-16,440.0799865722656,GLD
2026-04-17,445.92999267578125,GLD
2026-04-20,442.0899963378906,GLD
2026-04-21,429.57000732421875,GLD
2026-04-22,435.260009765625,GLD
2026-04-23,431.0400085449219,GLD
2026-04-24,433.25,GLD
2026-04-27,429.8900146484375,GLD
2026-04-28,421.9100036621094,GLD
2026-04-29,417.4100036621094,GLD
2026-04-30,423.6600036621094,GLD
2026-05-01,423.17999267578125,GLD
2026-05-04,414.7099914550781,GLD
2026-05-05,418.2699890136719,GLD
2026-05-06,430.9599914550781,GLD
2026-05-07,431.67999267578125,GLD
2026-05-08,433.7699890136719,GLD
2026-05-11,434.6499938964844,GLD
2026-05-12,432.92999267578125,GLD
2026-05-13,430.5,GLD
2026-05-14,427.2099914550781,GLD
2026-05-15,417.2900085449219,GLD
2026-05-18,418.42999267578125,GLD
2026-05-19,411.5,GLD
2026-05-20,417.3999938964844,GLD
2026-05-21,416.989990234375,GLD
2026-05-22,413.82000732421875,GLD
2026-05-26,414.0,GLD
2026-05-27,408.489990234375,GLD
2026-05-28,412.7699890136719,GLD
2026-05-29,417.1199951171875,GLD
2026-06-01,411.260009765625,GLD
2026-06-02,411.95001220703125,GLD
2026-06-03,407.8699951171875,GLD
2026-06-04,411.2699890136719,GLD
2026-06-05,396.239990234375,GLD
2026-06-08,397.2699890136719,GLD
2026-06-09,390.7799987792969,GLD
2026-06-10,374.5799865722656,GLD
2026-06-11,386.32000732421875,GLD
2026-06-12,386.5400085449219,GLD
2026-06-15,396.54998779296875,GLD
2026-06-16,397.6300048828125,GLD
2026-06-17,388.6000061035156,GLD
2026-06-18,387.1199951171875,GLD
2026-06-22,384.5899963378906,GLD
2026-06-23,377.32000732421875,GLD
2026-06-24,365.9200134277344,GLD
2026-06-25,369.4599914550781,GLD
2026-06-26,373.6300048828125,GLD
2026-06-29,368.5799865722656,GLD
2026-06-30,368.3800048828125,GLD
2026-07-01,370.6000061035156,GLD
2026-07-02,378.1300048828125,GLD
2026-07-06,382.1300048828125,GLD
2026-07-07,377.489990234375,GLD
2026-07-08,374.45001220703125,GLD
2026-07-09,378.17999267578125,GLD
2025-01-07,21.6200008392334,DBC
2025-01-08,21.579999923706055,DBC
2025-01-10,22.15999984741211,DBC
2025-01-13,22.31999969482422,DBC
2025-01-14,22.309999465942383,DBC
2025-01-15,22.670000076293945,DBC
2025-01-16,22.56999969482422,DBC
2025-01-17,22.469999313354492,DBC
2025-01-21,22.360000610351562,DBC
2025-01-22,22.34000015258789,DBC
2025-01-23,22.260000228881836,DBC
2025-01-24,22.270000457763672,DBC
2025-01-27,21.93000030517578,DBC
2025-01-28,21.950000762939453,DBC
2025-01-29,21.989999771118164,DBC
2025-01-30,22.010000228881836,DBC
2025-01-31,21.969999313354492,DBC
2025-02-03,22.139999389648438,DBC
2025-02-04,22.200000762939453,DBC
2025-02-05,22.059999465942383,DBC
2025-02-06,22.06999969482422,DBC
2025-02-07,22.079999923706055,DBC
2025-02-10,22.399999618530273,DBC
2025-02-11,22.56999969482422,DBC
2025-02-12,22.31999969482422,DBC
2025-02-13,22.43000030517578,DBC
2025-02-14,22.440000534057617,DBC
2025-02-18,22.770000457763672,DBC
2025-02-19,22.950000762939453,DBC
2025-02-20,22.979999542236328,DBC
2025-02-21,22.65999984741211,DBC
2025-02-24,22.579999923706055,DBC
2025-02-25,22.329999923706055,DBC
2025-02-26,22.139999389648438,DBC
2025-02-27,22.170000076293945,DBC
2025-02-28,22.0,DBC
2025-03-03,21.860000610351562,DBC
2025-03-04,21.93000030517578,DBC
2025-03-05,21.8700008392334,DBC
2025-03-06,21.760000228881836,DBC
2025-03-07,21.950000762939453,DBC
2025-03-10,21.809999465942383,DBC
2025-03-11,21.93000030517578,DBC
2025-03-12,21.93000030517578,DBC
2025-03-13,21.850000381469727,DBC
2025-03-14,21.969999313354492,DBC
2025-03-17,22.1200008392334,DBC
2025-03-18,22.06999969482422,DBC
2025-03-19,22.209999084472656,DBC
2025-03-20,22.25,DBC
2025-03-21,22.1200008392334,DBC
2025-03-24,22.200000762939453,DBC
2025-03-25,22.229999542236328,DBC
2025-03-26,22.200000762939453,DBC
2025-03-27,22.260000228881836,DBC
2025-03-28,22.190000534057617,DBC
2025-03-31,22.5,DBC
2025-04-01,22.510000228881836,DBC
2025-04-02,22.649999618530273,DBC
2025-04-03,21.739999771118164,DBC
2025-04-04,20.950000762939453,DBC
2025-04-07,20.6200008392334,DBC
2025-04-08,20.15999984741211,DBC
2025-04-09,20.889999389648438,DBC
2025-04-10,20.6299991607666,DBC
2025-04-11,20.93000030517578,DBC
2025-04-14,20.940000534057617,DBC
2025-04-15,20.889999389648438,DBC
2025-04-16,21.149999618530273,DBC
2025-04-17,21.3700008392334,DBC
2025-04-21,21.190000534057617,DBC
2025-04-22,21.290000915527344,DBC
2025-04-23,21.1299991607666,DBC
2025-04-24,21.31999969482422,DBC
2025-04-25,21.350000381469727,DBC
2025-04-28,21.229999542236328,DBC
2025-04-29,20.959999084472656,DBC
2025-04-30,20.56999969482422,DBC
2025-05-01,20.670000076293945,DBC
2025-05-02,20.760000228881836,DBC
2025-05-05,20.639999389648438,DBC
2025-05-06,20.950000762939453,DBC
2025-05-07,20.690000534057617,DBC
2025-05-08,20.959999084472656,DBC
2025-05-09,21.1200008392334,DBC
2025-05-12,21.260000228881836,DBC
2025-05-13,21.59000015258789,DBC
2025-05-14,21.479999542236328,DBC
2025-05-15,21.270000457763672,DBC
2025-05-16,21.190000534057617,DBC
2025-05-19,21.15999984741211,DBC
2025-05-20,21.43000030517578,DBC
2025-05-21,21.399999618530273,DBC
2025-05-22,21.290000915527344,DBC
2025-05-23,21.40999984741211,DBC
2025-05-27,21.219999313354492,DBC
2025-05-28,21.149999618530273,DBC
2025-05-29,21.040000915527344,DBC
2025-05-30,20.8799991607666,DBC
2025-06-02,21.31999969482422,DBC
2025-06-03,21.459999084472656,DBC
2025-06-04,21.3799991607666,DBC
2025-06-05,21.479999542236328,DBC
2025-06-06,21.649999618530273,DBC
2025-06-09,21.670000076293945,DBC
2025-06-10,21.6200008392334,DBC
2025-06-11,21.969999313354492,DBC
2025-06-12,21.969999313354492,DBC
2025-06-13,22.649999618530273,DBC
2025-06-16,22.600000381469727,DBC
2025-06-17,23.079999923706055,DBC
2025-06-18,23.139999389648438,DBC
2025-06-20,23.260000228881836,DBC
2025-06-23,22.399999618530273,DBC
2025-06-24,21.860000610351562,DBC
2025-06-25,21.829999923706055,DBC
2025-06-26,21.90999984741211,DBC
2025-06-27,21.799999237060547,DBC
2025-06-30,21.809999465942383,DBC
2025-07-01,21.93000030517578,DBC
2025-07-02,22.290000915527344,DBC
2025-07-03,22.280000686645508,DBC
2025-07-07,22.260000228881836,DBC
2025-07-08,22.329999923706055,DBC
2025-07-09,22.290000915527344,DBC
2025-07-10,22.219999313354492,DBC
2025-07-11,22.510000228881836,DBC
2025-07-14,22.31999969482422,DBC
2025-07-15,22.280000686645508,DBC
2025-07-16,22.309999465942383,DBC
2025-07-17,22.489999771118164,DBC
2025-07-18,22.530000686645508,DBC
2025-07-21,22.479999542236328,DBC
2025-07-22,22.440000534057617,DBC
2025-07-23,22.3799991607666,DBC
2025-07-24,22.399999618530273,DBC
2025-07-25,22.170000076293945,DBC
2025-07-28,22.399999618530273,DBC
2025-07-29,22.690000534057617,DBC
2025-07-30,22.639999389648438,DBC
2025-07-31,22.450000762939453,DBC
2025-08-01,22.09000015258789,DBC
2025-08-04,22.010000228881836,DBC
2025-08-05,21.81999969482422,DBC
2025-08-06,21.770000457763672,DBC
2025-08-07,21.84000015258789,DBC
2025-08-08,21.84000015258789,DBC
2025-08-11,21.8700008392334,DBC
2025-08-12,21.780000686645508,DBC
2025-08-13,21.75,DBC
2025-08-14,21.84000015258789,DBC
2025-08-15,21.770000457763672,DBC
2025-08-18,21.790000915527344,DBC
2025-08-19,21.6200008392334,DBC
2025-08-20,21.860000610351562,DBC
2025-08-21,21.989999771118164,DBC
2025-08-22,22.079999923706055,DBC
2025-08-25,22.190000534057617,DBC
2025-08-26,22.020000457763672,DBC
2025-08-27,22.040000915527344,DBC
2025-08-28,22.18000030517578,DBC
2025-08-29,22.209999084472656,DBC
2025-09-02,22.56999969482422,DBC
2025-09-03,22.3700008392334,DBC
2025-09-04,22.209999084472656,DBC
2025-09-05,22.030000686645508,DBC
2025-09-08,22.18000030517578,DBC
2025-09-09,22.239999771118164,DBC
2025-09-10,22.389999389648438,DBC
2025-09-11,22.219999313354492,DBC
2025-09-12,22.350000381469727,DBC
2025-09-15,22.549999237060547,DBC
2025-09-16,22.780000686645508,DBC
2025-09-17,22.540000915527344,DBC
2025-09-18,22.440000534057617,DBC
2025-09-19,22.260000228881836,DBC
2025-09-22,22.260000228881836,DBC
2025-09-23,22.489999771118164,DBC
2025-09-24,22.639999389648438,DBC
2025-09-25,22.799999237060547,DBC
2025-09-26,22.809999465942383,DBC
2025-09-29,22.6200008392334,DBC
2025-09-30,22.530000686645508,DBC
2025-10-01,22.489999771118164,DBC
2025-10-02,22.34000015258789,DBC
2025-10-03,22.40999984741211,DBC
2025-10-06,22.639999389648438,DBC
2025-10-07,22.729999542236328,DBC
2025-10-08,22.760000228881836,DBC
2025-10-09,22.549999237060547,DBC
2025-10-10,22.06999969482422,DBC
2025-10-13,22.350000381469727,DBC
2025-10-14,22.100000381469727,DBC
2025-10-15,22.18000030517578,DBC
2025-10-16,22.139999389648438,DBC
2025-10-17,22.1200008392334,DBC
2025-10-20,22.34000015258789,DBC
2025-10-21,22.110000610351562,DBC
2025-10-22,22.459999084472656,DBC
2025-10-23,22.84000015258789,DBC
2025-10-24,22.850000381469727,DBC
2025-10-27,22.799999237060547,DBC
2025-10-28,22.59000015258789,DBC
2025-10-29,22.709999084472656,DBC
2025-10-30,22.719999313354492,DBC
2025-10-31,22.8799991607666,DBC
2025-11-03,23.049999237060547,DBC
2025-11-04,22.889999389648438,DBC
2025-11-05,22.81999969482422,DBC
2025-11-06,22.850000381469727,DBC
2025-11-07,22.899999618530273,DBC
2025-11-10,23.149999618530273,DBC
2025-11-11,23.299999237060547,DBC
2025-11-12,23.040000915527344,DBC
2025-11-13,22.920000076293945,DBC
2025-11-14,22.969999313354492,DBC
2025-11-17,22.940000534057617,DBC
2025-11-18,23.1299991607666,DBC
2025-11-19,22.899999618530273,DBC
2025-11-20,22.68000030517578,DBC
2025-11-21,22.530000686645508,DBC
2025-11-24,22.639999389648438,DBC
2025-11-25,22.520000457763672,DBC
2025-11-26,22.760000228881836,DBC
2025-11-28,23.059999465942383,DBC
2025-12-01,23.1200008392334,DBC
2025-12-02,23.020000457763672,DBC
2025-12-03,23.1299991607666,DBC
2025-12-04,23.190000534057617,DBC
2025-12-05,23.329999923706055,DBC
2025-12-08,23.040000915527344,DBC
2025-12-09,22.989999771118164,DBC
2025-12-10,23.1299991607666,DBC
2025-12-11,23.110000610351562,DBC
2025-12-12,22.920000076293945,DBC
2025-12-15,22.809999465942383,DBC
2025-12-16,22.579999923706055,DBC
2025-12-17,22.850000381469727,DBC
2025-12-18,22.690000534057617,DBC
2025-12-19,22.850000381469727,DBC
2025-12-22,22.389999389648438,DBC
2025-12-23,22.639999389648438,DBC
2025-12-24,22.6299991607666,DBC
2025-12-26,22.700000762939453,DBC
2025-12-29,22.489999771118164,DBC
2025-12-30,22.639999389648438,DBC
2025-12-31,22.360000610351562,DBC
2026-01-02,22.389999389648438,DBC
2026-01-05,22.809999465942383,DBC
2026-01-06,22.799999237060547,DBC
2026-01-07,22.59000015258789,DBC
2026-01-08,22.8799991607666,DBC
2026-01-09,22.899999618530273,DBC
2026-01-12,23.190000534057617,DBC
2026-01-13,23.3700008392334,DBC
2026-01-14,23.389999389648438,DBC
2026-01-15,23.200000762939453,DBC
2026-01-16,23.15999984741211,DBC
2026-01-20,23.479999542236328,DBC
2026-01-21,23.75,DBC
2026-01-22,23.739999771118164,DBC
2026-01-23,24.18000030517578,DBC
2026-01-26,24.290000915527344,DBC
2026-01-27,24.6200008392334,DBC
2026-01-28,24.940000534057617,DBC
2026-01-29,25.299999237060547,DBC
2026-01-30,24.43000030517578,DBC
2026-02-02,23.540000915527344,DBC
2026-02-03,24.149999618530273,DBC
2026-02-04,24.190000534057617,DBC
2026-02-05,23.760000228881836,DBC
2026-02-06,24.010000228881836,DBC
2026-02-09,24.25,DBC
2026-02-10,24.139999389648438,DBC
2026-02-11,24.3700008392334,DBC
2026-02-12,23.799999237060547,DBC
2026-02-13,23.8799991607666,DBC
2026-02-17,23.59000015258789,DBC
2026-02-18,24.209999084472656,DBC
2026-02-19,24.43000030517578,DBC
2026-02-20,24.600000381469727,DBC
2026-02-23,24.75,DBC
2026-02-24,24.719999313354492,DBC
2026-02-25,24.75,DBC
2026-02-26,24.760000228881836,DBC
2026-02-27,25.100000381469727,DBC
2026-03-02,25.809999465942383,DBC
2026-03-03,25.90999984741211,DBC
2026-03-04,26.139999389648438,DBC
2026-03-05,26.520000457763672,DBC
2026-03-06,27.510000228881836,DBC
2026-03-09,27.139999389648438,DBC
2026-03-10,27.600000381469727,DBC
2026-03-11,28.1299991607666,DBC
2026-03-12,28.860000610351562,DBC
2026-03-13,28.709999084472656,DBC
2026-03-16,28.309999465942383,DBC
2026-03-17,28.760000228881836,DBC
2026-03-18,29.270000457763672,DBC
2026-03-19,28.84000015258789,DBC
2026-03-20,28.940000534057617,DBC
2026-03-23,27.75,DBC
2026-03-24,28.239999771118164,DBC
2026-03-25,28.170000076293945,DBC
2026-03-26,28.440000534057617,DBC
2026-03-27,29.100000381469727,DBC
2026-03-30,29.260000228881836,DBC
2026-03-31,28.950000762939453,DBC
2026-04-01,28.68000030517578,DBC
2026-04-02,29.329999923706055,DBC
2026-04-06,29.479999542236328,DBC
2026-04-07,29.3700008392334,DBC
2026-04-08,28.559999465942383,DBC
2026-04-09,28.709999084472656,DBC
2026-04-10,28.5,DBC
2026-04-13,28.959999084472656,DBC
2026-04-14,28.84000015258789,DBC
2026-04-15,28.889999389648438,DBC
2026-04-16,29.110000610351562,DBC
2026-04-17,28.290000915527344,DBC
2026-04-20,28.670000076293945,DBC
2026-04-21,29.209999084472656,DBC
2026-04-22,29.510000228881836,DBC
2026-04-23,29.889999389648438,DBC
2026-04-24,29.860000610351562,DBC
2026-04-27,30.09000015258789,DBC
2026-04-28,30.34000015258789,DBC
2026-04-29,31.079999923706055,DBC
2026-04-30,31.100000381469727,DBC
2026-05-01,30.809999465942383,DBC
2026-05-04,31.329999923706055,DBC
2026-05-05,31.200000762939453,DBC
2026-05-06,30.209999084472656,DBC
2026-05-07,30.25,DBC
2026-05-08,30.299999237060547,DBC
2026-05-11,31.059999465942383,DBC
2026-05-12,31.690000534057617,DBC
2026-05-13,31.3700008392334,DBC
2026-05-14,31.149999618530273,DBC
2026-05-15,31.190000534057617,DBC
2026-05-18,31.3799991607666,DBC
2026-05-19,31.610000610351562,DBC
2026-05-20,30.8799991607666,DBC
2026-05-21,30.700000762939453,DBC
2026-05-22,30.540000915527344,DBC
2026-05-26,30.030000686645508,DBC
2026-05-27,29.489999771118164,DBC
2026-05-28,29.719999313354492,DBC
2026-05-29,29.479999542236328,DBC
2026-06-01,29.989999771118164,DBC
2026-06-02,30.1200008392334,DBC
2026-06-03,30.290000915527344,DBC
2026-06-04,29.8799991607666,DBC
2026-06-05,29.229999542236328,DBC
2026-06-08,29.469999313354492,DBC
2026-06-09,29.06999969482422,DBC
2026-06-10,29.170000076293945,DBC
2026-06-11,28.850000381469727,DBC
2026-06-12,28.549999237060547,DBC
2026-06-15,28.219999313354492,DBC
2026-06-16,27.899999618530273,DBC
2026-06-17,27.709999084472656,DBC
2026-06-18,27.6299991607666,DBC
2026-06-22,27.40999984741211,DBC
2026-06-23,27.1200008392334,DBC
2026-06-24,26.450000762939453,DBC
2026-06-25,26.93000030517578,DBC
2026-06-26,26.56999969482422,DBC
2026-06-29,26.559999465942383,DBC
2026-06-30,26.65999984741211,DBC
2026-07-01,26.450000762939453,DBC
2026-07-02,26.56999969482422,DBC
2026-07-06,27.0,DBC
2026-07-07,27.350000381469727,DBC
2026-07-08,27.799999237060547,DBC
2026-07-09,27.579999923706055,DBC
