date,symbol,close,volume
2024-11-18,AGG,97.75,5260600
2024-11-19,AGG,97.88999938964844,4735900
2024-11-20,AGG,97.79000091552734,5551100
2024-11-21,AGG,97.73999786376953,6348500
2024-11-22,AGG,97.80999755859375,4989600
2024-11-25,AGG,98.69000244140625,9246200
2024-11-26,AGG,98.54000091552734,11303100
2024-11-27,AGG,98.80999755859375,8749800
2024-11-29,AGG,99.19999694824219,9623200
2024-12-02,AGG,98.9000015258789,18397600
2024-12-03,AGG,98.70999908447266,6889800
2024-12-04,AGG,99.02999877929688,7448900
2024-12-05,AGG,99.05000305175781,8786700
2024-12-06,AGG,99.33000183105469,12890600
2024-12-09,AGG,99.04000091552734,10689000
2024-12-10,AGG,98.91999816894531,5984500
2024-12-11,AGG,98.69000244140625,8095800
2024-12-12,AGG,98.29000091552734,12353100
2024-12-13,AGG,97.91999816894531,6566300
2024-12-16,AGG,98.01000213623047,7124100
2024-12-17,AGG,98.01000213623047,7239200
2024-12-18,AGG,96.94999694824219,14261400
2024-12-19,AGG,96.69999694824219,15490100
2024-12-20,AGG,96.95999908447266,8657700
2024-12-23,AGG,96.66000366210938,10540800
2024-12-24,AGG,96.7699966430664,4739300
2024-12-26,AGG,96.83999633789062,10620200
2024-12-27,AGG,96.63999938964844,8601300
2024-12-30,AGG,97.0199966430664,10154500
2024-12-31,AGG,96.9000015258789,12276700
2025-01-02,AGG,96.91000366210938,5547700
2025-01-03,AGG,96.80999755859375,5331000
2025-01-06,AGG,96.70999908447266,9248300
2025-01-07,AGG,96.37000274658203,9153300
2025-01-08,AGG,96.4800033569336,7444500
2025-01-10,AGG,95.94000244140625,9822000
2025-01-13,AGG,95.8499984741211,10420700
2025-01-14,AGG,95.87999725341797,5487600
2025-01-15,AGG,96.70999908447266,9563000
2025-01-16,AGG,96.91999816894531,9810800
2025-01-17,AGG,96.91999816894531,5360200
2025-01-21,AGG,97.23999786376953,7725900
2025-01-22,AGG,97.01000213623047,7283400
2025-01-23,AGG,96.8499984741211,7707000
2025-01-24,AGG,97.01000213623047,6459400
2025-01-27,AGG,97.55000305175781,7602000
2025-01-28,AGG,97.5199966430664,5730300
2025-01-29,AGG,97.45999908447266,5912800
2025-01-30,AGG,97.5999984741211,6802900
2025-01-31,AGG,97.4000015258789,10750100
2025-02-03,AGG,97.16999816894531,9977100
2025-02-04,AGG,97.3499984741211,8483500
2025-02-05,AGG,97.87000274658203,9716700
2025-02-06,AGG,97.7699966430664,6629400
2025-02-07,AGG,97.45999908447266,6422300
2025-02-10,AGG,97.48999786376953,6038700
2025-02-11,AGG,97.2699966430664,8001100
2025-02-12,AGG,96.76000213623047,6404900
2025-02-13,AGG,97.33999633789062,7041200
2025-02-14,AGG,97.69999694824219,6257500
2025-02-18,AGG,97.30999755859375,8159400
2025-02-19,AGG,97.44999694824219,5604800
2025-02-20,AGG,97.5999984741211,27958700
2025-02-21,AGG,98.0199966430664,7070600
2025-02-24,AGG,98.19000244140625,7298300
2025-02-25,AGG,98.80000305175781,5801200
2025-02-26,AGG,98.95999908447266,5035900
2025-02-27,AGG,98.80999755859375,6263200
2025-02-28,AGG,99.25,14453000
2025-03-03,AGG,99.16000366210938,7533500
2025-03-04,AGG,98.91000366210938,7532400
2025-03-05,AGG,98.56999969482422,7302600
2025-03-06,AGG,98.47000122070312,9946200
2025-03-07,AGG,98.3499984741211,6450700
2025-03-10,AGG,98.81999969482422,12318600
2025-03-11,AGG,98.47000122070312,10187900
2025-03-12,AGG,98.18000030517578,8436700
2025-03-13,AGG,98.4800033569336,7959500
2025-03-14,AGG,98.27999877929688,8949800
2025-03-17,AGG,98.41000366210938,10605800
2025-03-18,AGG,98.51000213623047,9022000
2025-03-19,AGG,98.80000305175781,6763800
2025-03-20,AGG,98.86000061035156,6556800
2025-03-21,AGG,98.73999786376953,5028800
2025-03-24,AGG,98.36000061035156,4894800
2025-03-25,AGG,98.44999694824219,5663000
2025-03-26,AGG,98.20999908447266,6744000
2025-03-27,AGG,98.16000366210938,9513000
2025-03-28,AGG,98.7300033569336,8534000
2025-03-31,AGG,98.91999816894531,13350700
2025-04-01,AGG,98.95999908447266,10295200
2025-04-02,AGG,98.8499984741211,8225100
2025-04-03,AGG,99.37000274658203,9905000
2025-04-04,AGG,99.45999908447266,14914300
2025-04-07,AGG,98.19999694824219,21796300
2025-04-08,AGG,97.69000244140625,13173300
2025-04-09,AGG,97.91000366210938,16244400
2025-04-10,AGG,97.13999938964844,9940000
2025-04-11,AGG,97.04000091552734,8437400
2025-04-14,AGG,97.61000061035156,7940600
2025-04-15,AGG,97.80999755859375,10074400
2025-04-16,AGG,98.12000274658203,10105000
2025-04-17,AGG,97.87000274658203,5589400
2025-04-21,AGG,97.27999877929688,7925700
2025-04-22,AGG,97.45999908447266,6521400
2025-04-23,AGG,97.69999694824219,13376700
2025-04-24,AGG,98.23999786376953,8524400
2025-04-25,AGG,98.5999984741211,9058900
2025-04-28,AGG,98.87000274658203,4890800
2025-04-29,AGG,99.11000061035156,6731100
2025-04-30,AGG,99.0199966430664,7370300
2025-05-01,AGG,98.43000030517578,6912600
2025-05-02,AGG,97.94999694824219,9879200
2025-05-05,AGG,97.77999877929688,14273800
2025-05-06,AGG,98.0199966430664,11730100
2025-05-07,AGG,98.16999816894531,6557000
2025-05-08,AGG,97.66000366210938,7814200
2025-05-09,AGG,97.76000213623047,5739200
2025-05-12,AGG,97.43000030517578,10768200
2025-05-13,AGG,97.33000183105469,6305500
2025-05-14,AGG,97.05000305175781,7350600
2025-05-15,AGG,97.5999984741211,7638900
2025-05-16,AGG,97.66000366210938,5262500
2025-05-19,AGG,97.62999725341797,7232700
2025-05-20,AGG,97.45999908447266,7496600
2025-05-21,AGG,96.81999969482422,12393200
2025-05-22,AGG,97.0999984741211,6084800
2025-05-23,AGG,97.23999786376953,5210500
2025-05-27,AGG,97.68000030517578,7461500
2025-05-28,AGG,97.5,4909200
2025-05-29,AGG,97.86000061035156,7724100
2025-05-30,AGG,98.0999984741211,15488400
2025-06-02,AGG,97.5199966430664,28390000
2025-06-03,AGG,97.44999694824219,7177600
2025-06-04,AGG,98.02999877929688,7761500
2025-06-05,AGG,97.77999877929688,10456500
2025-06-06,AGG,97.27999877929688,6299900
2025-06-09,AGG,97.4000015258789,7096500
2025-06-10,AGG,97.62000274658203,4990900
2025-06-11,AGG,97.94999694824219,5992400
2025-06-12,AGG,98.30999755859375,5726200
2025-06-13,AGG,97.95999908447266,8050300
2025-06-16,AGG,97.76000213623047,5680900
2025-06-17,AGG,98.05999755859375,5312000
2025-06-18,AGG,98.12999725341797,5907900
2025-06-20,AGG,98.22000122070312,6213000
2025-06-23,AGG,98.41999816894531,5884600
2025-06-24,AGG,98.81999969482422,7907600
2025-06-25,AGG,98.80999755859375,8434800
2025-06-26,AGG,99.08000183105469,9775100
2025-06-27,AGG,98.80000305175781,25931600
2025-06-30,AGG,99.19999694824219,14036800
2025-07-01,AGG,98.79000091552734,18480200
2025-07-02,AGG,98.66999816894531,8756000
2025-07-03,AGG,98.47000122070312,4583200
2025-07-07,AGG,98.12000274658203,8088100
2025-07-08,AGG,98.08000183105469,7804200
2025-07-09,AGG,98.48999786376953,11043600
2025-07-10,AGG,98.45999908447266,5125300
2025-07-11,AGG,98.05000305175781,6106500
2025-07-14,AGG,98.04000091552734,6231400
2025-07-15,AGG,97.75,9681000
2025-07-16,AGG,97.88999938964844,23556800
2025-07-17,AGG,97.93000030517578,8355500
2025-07-18,AGG,98.11000061035156,8443800
2025-07-21,AGG,98.37999725341797,6865700
2025-07-22,AGG,98.56999969482422,6172700
2025-07-23,AGG,98.3499984741211,7466900
2025-07-24,AGG,98.29000091552734,9643800
2025-07-25,AGG,98.44999694824219,5530400
2025-07-28,AGG,98.31999969482422,7032200
2025-07-29,AGG,98.8499984741211,12015200
2025-07-30,AGG,98.56999969482422,8305400
2025-07-31,AGG,98.62000274658203,19774600
2025-08-01,AGG,99.13999938964844,12416200
2025-08-04,AGG,99.22000122070312,6717900
2025-08-05,AGG,99.25,9092400
2025-08-06,AGG,99.20999908447266,8102700
2025-08-07,AGG,99.12999725341797,7869300
2025-08-08,AGG,98.94000244140625,8238100
2025-08-11,AGG,99.01000213623047,9698300
2025-08-12,AGG,99.01000213623047,12239500
2025-08-13,AGG,99.37000274658203,5386800
2025-08-14,AGG,99.08999633789062,5208500
2025-08-15,AGG,98.94000244140625,6884600
2025-08-18,AGG,98.83000183105469,7906400
2025-08-19,AGG,99.0199966430664,9946800
2025-08-20,AGG,99.08000183105469,5615200
2025-08-21,AGG,98.8499984741211,7129200
2025-08-22,AGG,99.4000015258789,9451400
2025-08-25,AGG,99.25,5624900
2025-08-26,AGG,99.37000274658203,4696000
2025-08-27,AGG,99.47000122070312,7320800
2025-08-28,AGG,99.58999633789062,7068500
2025-08-29,AGG,99.45999908447266,9181400
2025-09-02,AGG,98.87000274658203,8529800
2025-09-03,AGG,99.2300033569336,8400000
2025-09-04,AGG,99.62999725341797,6297100
2025-09-05,AGG,100.0999984741211,7617200
2025-09-08,AGG,100.44000244140625,7202700
2025-09-09,AGG,100.23999786376953,7090000
2025-09-10,AGG,100.44000244140625,5952400
2025-09-11,AGG,100.62999725341797,6776500
2025-09-12,AGG,100.54000091552734,6525900
2025-09-15,AGG,100.70999908447266,5039000
2025-09-16,AGG,100.75,8264600
2025-09-17,AGG,100.56999969482422,7878300
2025-09-18,AGG,100.29000091552734,7123700
2025-09-19,AGG,100.29000091552734,7238500
2025-09-22,AGG,100.16999816894531,5642100
2025-09-23,AGG,100.33000183105469,8095500
2025-09-24,AGG,100.13999938964844,6610800
2025-09-25,AGG,100.0,8743500
2025-09-26,AGG,100.06999969482422,6868100
2025-09-29,AGG,100.26000213623047,7751600
2025-09-30,AGG,100.25,12400700
2025-10-01,AGG,100.18000030517578,6961300
2025-10-02,AGG,100.29000091552734,6055800
2025-10-03,AGG,100.18000030517578,5268700
2025-10-06,AGG,99.95999908447266,6950200
2025-10-07,AGG,100.12999725341797,6379200
2025-10-08,AGG,100.13999938964844,5726900
2025-10-09,AGG,100.0199966430664,5199500
2025-10-10,AGG,100.43000030517578,10204100
2025-10-13,AGG,100.62000274658203,8320400
2025-10-14,AGG,100.77999877929688,8508700
2025-10-15,AGG,100.73999786376953,6297000
2025-10-16,AGG,101.0999984741211,10035200
2025-10-17,AGG,100.95999908447266,11738900
2025-10-20,AGG,101.12999725341797,7299100
2025-10-21,AGG,101.2300033569336,12965900
2025-10-22,AGG,101.22000122070312,13263200
2025-10-23,AGG,101.04000091552734,9975000
2025-10-24,AGG,101.13999938964844,6544500
2025-10-27,AGG,101.20999908447266,8527600
2025-10-28,AGG,101.2699966430664,10300500
2025-10-29,AGG,100.79000091552734,9275700
2025-10-30,AGG,100.5999984741211,13563800
2025-10-31,AGG,100.54000091552734,13111900
2025-11-03,AGG,100.08999633789062,9042100
2025-11-04,AGG,100.13999938964844,29687500
2025-11-05,AGG,99.87000274658203,8164900
2025-11-06,AGG,100.23999786376953,7247600
2025-11-07,AGG,100.19999694824219,5708300
2025-11-10,AGG,100.16000366210938,7945000
2025-11-11,AGG,100.45999908447266,5186200
2025-11-12,AGG,100.41999816894531,6267300
2025-11-13,AGG,100.12000274658203,7541600
2025-11-14,AGG,100.0,6350400
2025-11-17,AGG,100.0199966430664,7821800
2025-11-18,AGG,100.08000183105469,7731800
2025-11-19,AGG,100.08000183105469,8951700
2025-11-20,AGG,100.19999694824219,12968000
2025-11-21,AGG,100.44000244140625,9334500
2025-11-24,AGG,100.63999938964844,7717600
2025-11-25,AGG,100.80000305175781,16788400
2025-11-26,AGG,100.95999908447266,8935000
2025-11-28,AGG,100.81999969482422,5064800
2025-12-01,AGG,100.05999755859375,7249300
2025-12-02,AGG,100.19000244140625,7972000
2025-12-03,AGG,100.37999725341797,9744400
2025-12-04,AGG,100.13999938964844,6953200
2025-12-05,AGG,100.02999877929688,6870000
2025-12-08,AGG,99.87000274658203,8039100
2025-12-09,AGG,99.77999877929688,5967900
2025-12-10,AGG,100.0999984741211,9279700
2025-12-11,AGG,100.12000274658203,9961200
2025-12-12,AGG,99.80999755859375,7588300
2025-12-15,AGG,99.91000366210938,9960300
2025-12-16,AGG,100.0999984741211,8614000
2025-12-17,AGG,100.06999969482422,12011000
2025-12-18,AGG,100.31999969482422,8191000
2025-12-19,AGG,99.83999633789062,6216400
2025-12-22,AGG,99.80000305175781,6178400
2025-12-23,AGG,99.80000305175781,9744100
2025-12-24,AGG,100.0199966430664,4483900
2025-12-26,AGG,100.04000091552734,6503700
2025-12-29,AGG,100.16000366210938,7886700
2025-12-30,AGG,100.12000274658203,7955800
2025-12-31,AGG,99.87999725341797,13535500
2026-01-02,AGG,99.8499984741211,6730300
2026-01-05,AGG,100.04000091552734,9364900
2026-01-06,AGG,100.0199966430664,8573800
2026-01-07,AGG,100.12000274658203,7151800
2026-01-08,AGG,99.94000244140625,6184100
2026-01-09,AGG,100.16000366210938,9879700
2026-01-12,AGG,100.11000061035156,9871200
2026-01-13,AGG,100.19999694824219,7561600
2026-01-14,AGG,100.3499984741211,8585300
2026-01-15,AGG,100.22000122070312,9923600
2026-01-16,AGG,100.05000305175781,10332500
2026-01-20,AGG,99.66999816894531,14336900
2026-01-21,AGG,100.0,16939600
2026-01-22,AGG,100.0199966430664,10154200
2026-01-23,AGG,100.11000061035156,8621400
2026-01-26,AGG,100.26000213623047,6526700
2026-01-27,AGG,100.19000244140625,7571800
2026-01-28,AGG,100.1500015258789,14730100
2026-01-29,AGG,100.1500015258789,10066400
2026-01-30,AGG,100.12999725341797,12469600
2026-02-02,AGG,99.69000244140625,13264100
2026-02-03,AGG,99.69999694824219,9358800
2026-02-04,AGG,99.63999938964844,12574000
2026-02-05,AGG,100.06999969482422,11442200
2026-02-06,AGG,100.12999725341797,9471900
2026-02-09,AGG,100.16000366210938,9307600
2026-02-10,AGG,100.44999694824219,8566100
2026-02-11,AGG,100.22000122070312,8484800
2026-02-12,AGG,100.66999816894531,11167500
2026-02-13,AGG,100.98999786376953,5927000
2026-02-17,AGG,101.0,6588800
2026-02-18,AGG,100.86000061035156,5460200
2026-02-19,AGG,100.87999725341797,6600700
2026-02-20,AGG,100.9000015258789,8651000
2026-02-23,AGG,101.0999984741211,9817100
2026-02-24,AGG,101.08999633789062,7890400
2026-02-25,AGG,101.04000091552734,6869000
2026-02-26,AGG,101.19999694824219,8920400
2026-02-27,AGG,101.4000015258789,9033500
2026-03-02,AGG,100.68000030517578,10358800
2026-03-03,AGG,100.56999969482422,10855000
2026-03-04,AGG,100.52999877929688,13744100
2026-03-05,AGG,100.23999786376953,8741400
2026-03-06,AGG,100.12000274658203,9356500
2026-03-09,AGG,100.44000244140625,8948500
2026-03-10,AGG,100.11000061035156,10177700
2026-03-11,AGG,99.66000366210938,5932700
2026-03-12,AGG,99.29000091552734,10196000
2026-03-13,AGG,99.20999908447266,8749900
2026-03-16,AGG,99.5999984741211,6168700
2026-03-17,AGG,99.80000305175781,7377300
2026-03-18,AGG,99.37999725341797,8241300
2026-03-19,AGG,99.48999786376953,13223500
2026-03-20,AGG,98.66000366210938,14458600
2026-03-23,AGG,99.02999877929688,27624700
2026-03-24,AGG,98.76000213623047,16738600
2026-03-25,AGG,99.11000061035156,16242700
2026-03-26,AGG,98.55000305175781,12299400
2026-03-27,AGG,98.54000091552734,15511300
2026-03-30,AGG,99.04000091552734,12882500
2026-03-31,AGG,99.2699966430664,23478400
2026-04-01,AGG,99.0,20860900
2026-04-02,AGG,99.2300033569336,12024600
2026-04-06,AGG,99.05000305175781,14350300
2026-04-07,AGG,99.16999816894531,14034000
2026-04-08,AGG,99.43000030517578,8881800
2026-04-09,AGG,99.48999786376953,8004800
2026-04-10,AGG,99.31999969482422,4512200
2026-04-13,AGG,99.5199966430664,5838900
2026-04-14,AGG,99.77999877929688,5810800
2026-04-15,AGG,99.62000274658203,6536700
2026-04-16,AGG,99.4800033569336,10659900
2026-04-17,AGG,99.8499984741211,5614200
2026-04-20,AGG,99.83999633789062,5687900
2026-04-21,AGG,99.47000122070312,7583600
2026-04-22,AGG,99.61000061035156,7874000
2026-04-23,AGG,99.44999694824219,5063400
2026-04-24,AGG,99.58999633789062,4791800
2026-04-27,AGG,99.44000244140625,7852000
2026-04-28,AGG,99.4000015258789,8672900
2026-04-29,AGG,98.95999908447266,6764300
2026-04-30,AGG,99.0999984741211,13320100
2026-05-01,AGG,98.9000015258789,11661600
2026-05-04,AGG,98.58999633789062,7580400
2026-05-05,AGG,98.7699966430664,10045700
2026-05-06,AGG,99.19000244140625,6968700
2026-05-07,AGG,98.94999694824219,10903100
2026-05-08,AGG,99.18000030517578,8204700
2026-05-11,AGG,98.91999816894531,6848100
2026-05-12,AGG,98.62999725341797,6336400
2026-05-13,AGG,98.66999816894531,5396300
2026-05-14,AGG,98.63999938964844,5123900
2026-05-15,AGG,98.0199966430664,8026900
2026-05-18,AGG,98.01000213623047,7774500
2026-05-19,AGG,97.62999725341797,8945400
2026-05-20,AGG,98.22000122070312,15851000
2026-05-21,AGG,98.33999633789062,7072600
2026-05-22,AGG,98.44000244140625,6948900
2026-05-26,AGG,98.72000122070312,5334500
2026-05-27,AGG,98.80000305175781,6898700
2026-05-28,AGG,99.0,10300400
2026-05-29,AGG,99.05999755859375,8936700
2026-06-01,AGG,98.68000030517578,8816600
2026-06-02,AGG,98.70999908447266,6863300
2026-06-03,AGG,98.5,7331000
2026-06-04,AGG,98.66000366210938,7000900
2026-06-05,AGG,98.16999816894531,13805200
2026-06-08,AGG,98.16999816894531,8965200
2026-06-09,AGG,98.37000274658203,14475600
2026-06-10,AGG,98.30999755859375,4780900
2026-06-11,AGG,98.87999725341797,7137700
2026-06-12,AGG,98.76000213623047,6316800
2026-06-15,AGG,98.8499984741211,7115800
2026-06-16,AGG,98.97000122070312,6353200
2026-06-17,AGG,98.61000061035156,9348600
2026-06-18,AGG,98.9000015258789,4635600
2026-06-22,AGG,98.62999725341797,6323300
2026-06-23,AGG,98.70999908447266,12089100
2026-06-24,AGG,99.19000244140625,6516700
2026-06-25,AGG,99.25,8177800
2026-06-26,AGG,99.33999633789062,9919900
2026-06-29,AGG,99.37000274658203,8163500
2026-06-30,AGG,98.9800033569336,19005200
2026-07-01,AGG,98.5,10914700
2026-07-02,AGG,98.61000061035156,8407100
2026-07-06,AGG,98.66000366210938,6837100
2026-07-07,AGG,98.20999908447266,9137100
2026-07-08,AGG,98.04000091552734,7483000
2024-11-18,DBC,22.31999969482422,651400
2024-11-19,DBC,22.389999389648438,794800
2024-11-20,DBC,22.3799991607666,521500
2024-11-21,DBC,22.540000915527344,619800
2024-11-22,DBC,22.559999465942383,534800
2024-11-25,DBC,22.239999771118164,609800
2024-11-26,DBC,22.239999771118164,1010500
2024-11-27,DBC,22.1200008392334,560700
2024-11-29,DBC,22.139999389648438,419000
2024-12-02,DBC,21.979999542236328,563000
2024-12-03,DBC,22.229999542236328,482300
2024-12-04,DBC,22.110000610351562,875600
2024-12-05,DBC,22.079999923706055,407000
2024-12-06,DBC,21.90999984741211,437900
2024-12-09,DBC,22.1200008392334,698400
2024-12-10,DBC,22.170000076293945,864200
2024-12-11,DBC,22.450000762939453,539800
2024-12-12,DBC,22.360000610351562,360700
2024-12-13,DBC,22.350000381469727,1165700
2024-12-16,DBC,22.229999542236328,832900
2024-12-17,DBC,22.079999923706055,386300
2024-12-18,DBC,21.8799991607666,1348900
2024-12-19,DBC,21.8799991607666,2166500
2024-12-20,DBC,22.020000457763672,1507300
2024-12-23,DBC,20.920000076293945,1414200
2024-12-24,DBC,21.040000915527344,549500
2024-12-26,DBC,20.979999542236328,1139700
2024-12-27,DBC,21.079999923706055,1418400
2024-12-30,DBC,21.270000457763672,938700
2024-12-31,DBC,21.3799991607666,778400
2025-01-02,DBC,21.59000015258789,1027300
2025-01-03,DBC,21.479999542236328,760000
2025-01-06,DBC,21.520000457763672,678700
2025-01-07,DBC,21.6200008392334,787100
2025-01-08,DBC,21.579999923706055,425600
2025-01-10,DBC,22.15999984741211,1089400
2025-01-13,DBC,22.31999969482422,1281800
2025-01-14,DBC,22.309999465942383,476300
2025-01-15,DBC,22.670000076293945,936700
2025-01-16,DBC,22.56999969482422,743300
2025-01-17,DBC,22.469999313354492,699600
2025-01-21,DBC,22.360000610351562,661300
2025-01-22,DBC,22.34000015258789,686100
2025-01-23,DBC,22.260000228881836,920300
2025-01-24,DBC,22.270000457763672,532200
2025-01-27,DBC,21.93000030517578,957900
2025-01-28,DBC,21.950000762939453,414700
2025-01-29,DBC,21.989999771118164,1188300
2025-01-30,DBC,22.010000228881836,862300
2025-01-31,DBC,21.969999313354492,1622200
2025-02-03,DBC,22.139999389648438,1027100
2025-02-04,DBC,22.200000762939453,1188200
2025-02-05,DBC,22.059999465942383,629800
2025-02-06,DBC,22.06999969482422,1111400
2025-02-07,DBC,22.079999923706055,562700
2025-02-10,DBC,22.399999618530273,1099800
2025-02-11,DBC,22.56999969482422,693700
2025-02-12,DBC,22.31999969482422,801600
2025-02-13,DBC,22.43000030517578,717100
2025-02-14,DBC,22.440000534057617,1174400
2025-02-18,DBC,22.770000457763672,877300
2025-02-19,DBC,22.950000762939453,787400
2025-02-20,DBC,22.979999542236328,666700
2025-02-21,DBC,22.65999984741211,809600
2025-02-24,DBC,22.579999923706055,1058100
2025-02-25,DBC,22.329999923706055,1015600
2025-02-26,DBC,22.139999389648438,1308500
2025-02-27,DBC,22.170000076293945,1174400
2025-02-28,DBC,22.0,1814800
2025-03-03,DBC,21.860000610351562,3041000
2025-03-04,DBC,21.93000030517578,3014800
2025-03-05,DBC,21.8700008392334,2521500
2025-03-06,DBC,21.760000228881836,1985800
2025-03-07,DBC,21.950000762939453,1133900
2025-03-10,DBC,21.809999465942383,1741300
2025-03-11,DBC,21.93000030517578,2474400
2025-03-12,DBC,21.93000030517578,1231800
2025-03-13,DBC,21.850000381469727,1719400
2025-03-14,DBC,21.969999313354492,1467800
2025-03-17,DBC,22.1200008392334,1707800
2025-03-18,DBC,22.06999969482422,1660100
2025-03-19,DBC,22.209999084472656,1297400
2025-03-20,DBC,22.25,1301700
2025-03-21,DBC,22.1200008392334,1352900
2025-03-24,DBC,22.200000762939453,1766200
2025-03-25,DBC,22.229999542236328,1124200
2025-03-26,DBC,22.200000762939453,1089100
2025-03-27,DBC,22.260000228881836,875200
2025-03-28,DBC,22.190000534057617,2163300
2025-03-31,DBC,22.5,3256000
2025-04-01,DBC,22.510000228881836,3490500
2025-04-02,DBC,22.649999618530273,1848300
2025-04-03,DBC,21.739999771118164,3423800
2025-04-04,DBC,20.950000762939453,5190200
2025-04-07,DBC,20.6200008392334,5327500
2025-04-08,DBC,20.15999984741211,3650800
2025-04-09,DBC,20.889999389648438,3430100
2025-04-10,DBC,20.6299991607666,2439800
2025-04-11,DBC,20.93000030517578,1307900
2025-04-14,DBC,20.940000534057617,1178200
2025-04-15,DBC,20.889999389648438,816600
2025-04-16,DBC,21.149999618530273,888200
2025-04-17,DBC,21.3700008392334,1411100
2025-04-21,DBC,21.190000534057617,1429400
2025-04-22,DBC,21.290000915527344,793700
2025-04-23,DBC,21.1299991607666,1443100
2025-04-24,DBC,21.31999969482422,1256400
2025-04-25,DBC,21.350000381469727,903200
2025-04-28,DBC,21.229999542236328,1274000
2025-04-29,DBC,20.959999084472656,1139000
2025-04-30,DBC,20.56999969482422,2553900
2025-05-01,DBC,20.670000076293945,3638200
2025-05-02,DBC,20.760000228881836,1948100
2025-05-05,DBC,20.639999389648438,1284200
2025-05-06,DBC,20.950000762939453,1388200
2025-05-07,DBC,20.690000534057617,1300700
2025-05-08,DBC,20.959999084472656,520000
2025-05-09,DBC,21.1200008392334,656600
2025-05-12,DBC,21.260000228881836,1209900
2025-05-13,DBC,21.59000015258789,445300
2025-05-14,DBC,21.479999542236328,449600
2025-05-15,DBC,21.270000457763672,490900
2025-05-16,DBC,21.190000534057617,626800
2025-05-19,DBC,21.15999984741211,683700
2025-05-20,DBC,21.43000030517578,680000
2025-05-21,DBC,21.399999618530273,921900
2025-05-22,DBC,21.290000915527344,634000
2025-05-23,DBC,21.40999984741211,444100
2025-05-27,DBC,21.219999313354492,624700
2025-05-28,DBC,21.149999618530273,590600
2025-05-29,DBC,21.040000915527344,358800
2025-05-30,DBC,20.8799991607666,419100
2025-06-02,DBC,21.31999969482422,1477700
2025-06-03,DBC,21.459999084472656,566700
2025-06-04,DBC,21.3799991607666,871500
2025-06-05,DBC,21.479999542236328,460200
2025-06-06,DBC,21.649999618530273,1122800
2025-06-09,DBC,21.670000076293945,737900
2025-06-10,DBC,21.6200008392334,463600
2025-06-11,DBC,21.969999313354492,829400
2025-06-12,DBC,21.969999313354492,796900
2025-06-13,DBC,22.649999618530273,1622600
2025-06-16,DBC,22.600000381469727,2231300
2025-06-17,DBC,23.079999923706055,1641600
2025-06-18,DBC,23.139999389648438,1790200
2025-06-20,DBC,23.260000228881836,989900
2025-06-23,DBC,22.399999618530273,3334200
2025-06-24,DBC,21.860000610351562,1732000
2025-06-25,DBC,21.829999923706055,1541900
2025-06-26,DBC,21.90999984741211,1288300
2025-06-27,DBC,21.799999237060547,873200
2025-06-30,DBC,21.809999465942383,1184000
2025-07-01,DBC,21.93000030517578,585700
2025-07-02,DBC,22.290000915527344,325600
2025-07-03,DBC,22.280000686645508,202000
2025-07-07,DBC,22.260000228881836,413100
2025-07-08,DBC,22.329999923706055,557200
2025-07-09,DBC,22.290000915527344,577300
2025-07-10,DBC,22.219999313354492,347400
2025-07-11,DBC,22.510000228881836,329700
2025-07-14,DBC,22.31999969482422,562500
2025-07-15,DBC,22.280000686645508,494700
2025-07-16,DBC,22.309999465942383,313600
2025-07-17,DBC,22.489999771118164,203300
2025-07-18,DBC,22.530000686645508,762500
2025-07-21,DBC,22.479999542236328,500600
2025-07-22,DBC,22.440000534057617,334000
2025-07-23,DBC,22.3799991607666,438200
2025-07-24,DBC,22.399999618530273,347300
2025-07-25,DBC,22.170000076293945,381900
2025-07-28,DBC,22.399999618530273,373300
2025-07-29,DBC,22.690000534057617,480300
2025-07-30,DBC,22.639999389648438,1038500
2025-07-31,DBC,22.450000762939453,656700
2025-08-01,DBC,22.09000015258789,505900
2025-08-04,DBC,22.010000228881836,558300
2025-08-05,DBC,21.81999969482422,225300
2025-08-06,DBC,21.770000457763672,530000
2025-08-07,DBC,21.84000015258789,332800
2025-08-08,DBC,21.84000015258789,536700
2025-08-11,DBC,21.8700008392334,220800
2025-08-12,DBC,21.780000686645508,201100
2025-08-13,DBC,21.75,527100
2025-08-14,DBC,21.84000015258789,394300
2025-08-15,DBC,21.770000457763672,192700
2025-08-18,DBC,21.790000915527344,658700
2025-08-19,DBC,21.6200008392334,379700
2025-08-20,DBC,21.860000610351562,443800
2025-08-21,DBC,21.989999771118164,546000
2025-08-22,DBC,22.079999923706055,252200
2025-08-25,DBC,22.190000534057617,162400
2025-08-26,DBC,22.020000457763672,236300
2025-08-27,DBC,22.040000915527344,565600
2025-08-28,DBC,22.18000030517578,147000
2025-08-29,DBC,22.209999084472656,447500
2025-09-02,DBC,22.56999969482422,630100
2025-09-03,DBC,22.3700008392334,820100
2025-09-04,DBC,22.209999084472656,414400
2025-09-05,DBC,22.030000686645508,419100
2025-09-08,DBC,22.18000030517578,316400
2025-09-09,DBC,22.239999771118164,252700
2025-09-10,DBC,22.389999389648438,282100
2025-09-11,DBC,22.219999313354492,251100
2025-09-12,DBC,22.350000381469727,300700
2025-09-15,DBC,22.549999237060547,267000
2025-09-16,DBC,22.780000686645508,195800
2025-09-17,DBC,22.540000915527344,448000
2025-09-18,DBC,22.440000534057617,190700
2025-09-19,DBC,22.260000228881836,205000
2025-09-22,DBC,22.260000228881836,325700
2025-09-23,DBC,22.489999771118164,318500
2025-09-24,DBC,22.639999389648438,309300
2025-09-25,DBC,22.799999237060547,1415100
2025-09-26,DBC,22.809999465942383,407600
2025-09-29,DBC,22.6200008392334,192200
2025-09-30,DBC,22.530000686645508,377300
2025-10-01,DBC,22.489999771118164,565700
2025-10-02,DBC,22.34000015258789,303300
2025-10-03,DBC,22.40999984741211,356900
2025-10-06,DBC,22.639999389648438,179600
2025-10-07,DBC,22.729999542236328,241800
2025-10-08,DBC,22.760000228881836,292500
2025-10-09,DBC,22.549999237060547,168400
2025-10-10,DBC,22.06999969482422,464200
2025-10-13,DBC,22.350000381469727,282700
2025-10-14,DBC,22.100000381469727,205300
2025-10-15,DBC,22.18000030517578,164500
2025-10-16,DBC,22.139999389648438,279200
2025-10-17,DBC,22.1200008392334,1650600
2025-10-20,DBC,22.34000015258789,185200
2025-10-21,DBC,22.110000610351562,534200
2025-10-22,DBC,22.459999084472656,397200
2025-10-23,DBC,22.84000015258789,472300
2025-10-24,DBC,22.850000381469727,268900
2025-10-27,DBC,22.799999237060547,294900
2025-10-28,DBC,22.59000015258789,181200
2025-10-29,DBC,22.709999084472656,191000
2025-10-30,DBC,22.719999313354492,183000
2025-10-31,DBC,22.8799991607666,611000
2025-11-03,DBC,23.049999237060547,786100
2025-11-04,DBC,22.889999389648438,480200
2025-11-05,DBC,22.81999969482422,375600
2025-11-06,DBC,22.850000381469727,556000
2025-11-07,DBC,22.899999618530273,305600
2025-11-10,DBC,23.149999618530273,254400
2025-11-11,DBC,23.299999237060547,268300
2025-11-12,DBC,23.040000915527344,808900
2025-11-13,DBC,22.920000076293945,291100
2025-11-14,DBC,22.969999313354492,787700
2025-11-17,DBC,22.940000534057617,353400
2025-11-18,DBC,23.1299991607666,352200
2025-11-19,DBC,22.899999618530273,965000
2025-11-20,DBC,22.68000030517578,287000
2025-11-21,DBC,22.530000686645508,528600
2025-11-24,DBC,22.639999389648438,516300
2025-11-25,DBC,22.520000457763672,224600
2025-11-26,DBC,22.760000228881836,983400
2025-11-28,DBC,23.059999465942383,236100
2025-12-01,DBC,23.1200008392334,679600
2025-12-02,DBC,23.020000457763672,525000
2025-12-03,DBC,23.1299991607666,140800
2025-12-04,DBC,23.190000534057617,195700
2025-12-05,DBC,23.329999923706055,502700
2025-12-08,DBC,23.040000915527344,784600
2025-12-09,DBC,22.989999771118164,294700
2025-12-10,DBC,23.1299991607666,387200
2025-12-11,DBC,23.110000610351562,534800
2025-12-12,DBC,22.920000076293945,425800
2025-12-15,DBC,22.809999465942383,252700
2025-12-16,DBC,22.579999923706055,392500
2025-12-17,DBC,22.850000381469727,504000
2025-12-18,DBC,22.690000534057617,211500
2025-12-19,DBC,22.850000381469727,282700
2025-12-22,DBC,22.389999389648438,511600
2025-12-23,DBC,22.639999389648438,642400
2025-12-24,DBC,22.6299991607666,362800
2025-12-26,DBC,22.700000762939453,686500
2025-12-29,DBC,22.489999771118164,539300
2025-12-30,DBC,22.639999389648438,597600
2025-12-31,DBC,22.360000610351562,931400
2026-01-02,DBC,22.389999389648438,825300
2026-01-05,DBC,22.809999465942383,860000
2026-01-06,DBC,22.799999237060547,581700
2026-01-07,DBC,22.59000015258789,660000
2026-01-08,DBC,22.8799991607666,776600
2026-01-09,DBC,22.899999618530273,220500
2026-01-12,DBC,23.190000534057617,320900
2026-01-13,DBC,23.3700008392334,826200
2026-01-14,DBC,23.389999389648438,1316500
2026-01-15,DBC,23.200000762939453,490100
2026-01-16,DBC,23.15999984741211,506600
2026-01-20,DBC,23.479999542236328,427900
2026-01-21,DBC,23.75,693400
2026-01-22,DBC,23.739999771118164,409300
2026-01-23,DBC,24.18000030517578,890600
2026-01-26,DBC,24.290000915527344,749000
2026-01-27,DBC,24.6200008392334,928600
2026-01-28,DBC,24.940000534057617,557400
2026-01-29,DBC,25.299999237060547,1001600
2026-01-30,DBC,24.43000030517578,2266600
2026-02-02,DBC,23.540000915527344,3064300
2026-02-03,DBC,24.149999618530273,1165100
2026-02-04,DBC,24.190000534057617,1310400
2026-02-05,DBC,23.760000228881836,916100
2026-02-06,DBC,24.010000228881836,913000
2026-02-09,DBC,24.25,630400
2026-02-10,DBC,24.139999389648438,383500
2026-02-11,DBC,24.3700008392334,1026000
2026-02-12,DBC,23.799999237060547,1756500
2026-02-13,DBC,23.8799991607666,250700
2026-02-17,DBC,23.59000015258789,387600
2026-02-18,DBC,24.209999084472656,408500
2026-02-19,DBC,24.43000030517578,278800
2026-02-20,DBC,24.600000381469727,350500
2026-02-23,DBC,24.75,747300
2026-02-24,DBC,24.719999313354492,778600
2026-02-25,DBC,24.75,785400
2026-02-26,DBC,24.760000228881836,386400
2026-02-27,DBC,25.100000381469727,467900
2026-03-02,DBC,25.809999465942383,1707300
2026-03-03,DBC,25.90999984741211,1299200
2026-03-04,DBC,26.139999389648438,539700
2026-03-05,DBC,26.520000457763672,1300900
2026-03-06,DBC,27.510000228881836,4462900
2026-03-09,DBC,27.139999389648438,5116100
2026-03-10,DBC,27.600000381469727,2497600
2026-03-11,DBC,28.1299991607666,1225700
2026-03-12,DBC,28.860000610351562,1770100
2026-03-13,DBC,28.709999084472656,1135600
2026-03-16,DBC,28.309999465942383,1232000
2026-03-17,DBC,28.760000228881836,449800
2026-03-18,DBC,29.270000457763672,873400
2026-03-19,DBC,28.84000015258789,1052100
2026-03-20,DBC,28.940000534057617,1959900
2026-03-23,DBC,27.75,2131000
2026-03-24,DBC,28.239999771118164,1491900
2026-03-25,DBC,28.170000076293945,910100
2026-03-26,DBC,28.440000534057617,569700
2026-03-27,DBC,29.100000381469727,595300
2026-03-30,DBC,29.260000228881836,1067800
2026-03-31,DBC,28.950000762939453,6393700
2026-04-01,DBC,28.68000030517578,7866900
2026-04-02,DBC,29.329999923706055,1765000
2026-04-06,DBC,29.479999542236328,1310900
2026-04-07,DBC,29.3700008392334,2210100
2026-04-08,DBC,28.559999465942383,3558100
2026-04-09,DBC,28.709999084472656,948000
2026-04-10,DBC,28.5,496600
2026-04-13,DBC,28.959999084472656,1206800
2026-04-14,DBC,28.84000015258789,958000
2026-04-15,DBC,28.889999389648438,770300
2026-04-16,DBC,29.110000610351562,556700
2026-04-17,DBC,28.290000915527344,4703400
2026-04-20,DBC,28.670000076293945,1226200
2026-04-21,DBC,29.209999084472656,804300
2026-04-22,DBC,29.510000228881836,1232600
2026-04-23,DBC,29.889999389648438,1074300
2026-04-24,DBC,29.860000610351562,974000
2026-04-27,DBC,30.09000015258789,1478500
2026-04-28,DBC,30.34000015258789,1564500
2026-04-29,DBC,31.079999923706055,1886200
2026-04-30,DBC,31.100000381469727,2145400
2026-05-01,DBC,30.809999465942383,1626300
2026-05-04,DBC,31.329999923706055,2479300
2026-05-05,DBC,31.200000762939453,699700
2026-05-06,DBC,30.209999084472656,1739900
2026-05-07,DBC,30.25,5368300
2026-05-08,DBC,30.299999237060547,1309900
2026-05-11,DBC,31.059999465942383,3213600
2026-05-12,DBC,31.690000534057617,1301900
2026-05-13,DBC,31.3700008392334,777700
2026-05-14,DBC,31.149999618530273,679000
2026-05-15,DBC,31.190000534057617,832200
2026-05-18,DBC,31.3799991607666,1514300
2026-05-19,DBC,31.610000610351562,960000
2026-05-20,DBC,30.8799991607666,1344200
2026-05-21,DBC,30.700000762939453,751900
2026-05-22,DBC,30.540000915527344,863100
2026-05-26,DBC,30.030000686645508,1488800
2026-05-27,DBC,29.489999771118164,936800
2026-05-28,DBC,29.719999313354492,918700
2026-05-29,DBC,29.479999542236328,1035300
2026-06-01,DBC,29.989999771118164,1643000
2026-06-02,DBC,30.1200008392334,715900
2026-06-03,DBC,30.290000915527344,507500
2026-06-04,DBC,29.8799991607666,781200
2026-06-05,DBC,29.229999542236328,1126100
2026-06-08,DBC,29.469999313354492,654200
2026-06-09,DBC,29.06999969482422,2689200
2026-06-10,DBC,29.170000076293945,930800
2026-06-11,DBC,28.850000381469727,1377400
2026-06-12,DBC,28.549999237060547,1080700
2026-06-15,DBC,28.219999313354492,1070000
2026-06-16,DBC,27.899999618530273,463800
2026-06-17,DBC,27.709999084472656,1454800
2026-06-18,DBC,27.6299991607666,1121200
2026-06-22,DBC,27.40999984741211,585400
2026-06-23,DBC,27.1200008392334,572900
2026-06-24,DBC,26.450000762939453,1050800
2026-06-25,DBC,26.93000030517578,529600
2026-06-26,DBC,26.56999969482422,522300
2026-06-29,DBC,26.559999465942383,728700
2026-06-30,DBC,26.65999984741211,1480300
2026-07-01,DBC,26.450000762939453,1940200
2026-07-02,DBC,26.56999969482422,830200
2026-07-06,DBC,27.0,774900
2026-07-07,DBC,27.350000381469727,781000
2026-07-08,DBC,27.799999237060547,1394400
2024-11-18,EEM,43.439998626708984,27765000
2024-11-19,EEM,43.40999984741211,16624500
2024-11-20,EEM,43.36000061035156,18358000
2024-11-21,EEM,43.27000045776367,16086900
2024-11-22,EEM,43.279998779296875,14104100
2024-11-25,EEM,43.310001373291016,18855100
2024-11-26,EEM,43.130001068115234,19119700
2024-11-27,EEM,43.189998626708984,17922000
2024-11-29,EEM,43.2599983215332,17372200
2024-12-02,EEM,43.43000030517578,16508700
2024-12-03,EEM,43.52000045776367,49462500
2024-12-04,EEM,43.630001068115234,21339100
2024-12-05,EEM,43.91999816894531,23736100
2024-12-06,EEM,43.849998474121094,13142400
2024-12-09,EEM,44.75,34841300
2024-12-10,EEM,44.029998779296875,26979800
2024-12-11,EEM,44.209999084472656,20405600
2024-12-12,EEM,43.9900016784668,17662900
2024-12-13,EEM,44.029998779296875,19381200
2024-12-16,EEM,43.790000915527344,32259800
2024-12-17,EEM,42.959999084472656,30224000
2024-12-18,EEM,41.959999084472656,33249500
2024-12-19,EEM,42.099998474121094,31146900
2024-12-20,EEM,42.27000045776367,25512200
2024-12-23,EEM,42.5099983215332,17955400
2024-12-24,EEM,42.63999938964844,7066800
2024-12-26,EEM,42.4900016784668,16152200
2024-12-27,EEM,42.29999923706055,22672400
2024-12-30,EEM,41.959999084472656,25055000
2024-12-31,EEM,41.81999969482422,40524000
2025-01-02,EEM,41.7599983215332,25287200
2025-01-03,EEM,42.150001525878906,17706000
2025-01-06,EEM,42.29999923706055,26200900
2025-01-07,EEM,42.0,30912500
2025-01-08,EEM,41.79999923706055,20257500
2025-01-10,EEM,41.09000015258789,42204300
2025-01-13,EEM,40.810001373291016,28154900
2025-01-14,EEM,41.27000045776367,23438600
2025-01-15,EEM,41.810001373291016,22557000
2025-01-16,EEM,41.7599983215332,17711400
2025-01-17,EEM,42.09000015258789,30692300
2025-01-21,EEM,42.540000915527344,16728200
2025-01-22,EEM,42.56999969482422,16894600
2025-01-23,EEM,42.66999816894531,15212800
2025-01-24,EEM,42.95000076293945,20962800
2025-01-27,EEM,42.16999816894531,25964200
2025-01-28,EEM,42.47999954223633,22438200
2025-01-29,EEM,42.4900016784668,24922400
2025-01-30,EEM,43.209999084472656,30450300
2025-01-31,EEM,42.720001220703125,29974700
2025-02-03,EEM,42.40999984741211,37505700
2025-02-04,EEM,43.16999816894531,26992900
2025-02-05,EEM,43.060001373291016,21829200
2025-02-06,EEM,43.2400016784668,19365700
2025-02-07,EEM,43.20000076293945,32804300
2025-02-10,EEM,43.720001220703125,19596700
2025-02-11,EEM,43.54999923706055,19596800
2025-02-12,EEM,43.790000915527344,19986000
2025-02-13,EEM,44.06999969482422,22841000
2025-02-14,EEM,44.40999984741211,24329400
2025-02-18,EEM,44.689998626708984,23037100
2025-02-19,EEM,44.619998931884766,20275200
2025-02-20,EEM,45.029998779296875,29210500
2025-02-21,EEM,44.900001525878906,33974700
2025-02-24,EEM,44.209999084472656,38307000
2025-02-25,EEM,44.2400016784668,19955500
2025-02-26,EEM,44.68000030517578,25171000
2025-02-27,EEM,43.810001373291016,30518900
2025-02-28,EEM,43.209999084472656,52402300
2025-03-03,EEM,42.83000183105469,45587700
2025-03-04,EEM,43.189998626708984,30082400
2025-03-05,EEM,44.47999954223633,47763400
2025-03-06,EEM,44.20000076293945,33544500
2025-03-07,EEM,44.41999816894531,23474500
2025-03-10,EEM,43.36000061035156,29502500
2025-03-11,EEM,43.720001220703125,21184100
2025-03-12,EEM,43.959999084472656,17731600
2025-03-13,EEM,43.779998779296875,17870100
2025-03-14,EEM,44.58000183105469,21858400
2025-03-17,EEM,45.34000015258789,37712400
2025-03-18,EEM,45.11000061035156,19974200
2025-03-19,EEM,45.220001220703125,31657500
2025-03-20,EEM,44.79999923706055,25180900
2025-03-21,EEM,44.58000183105469,19403800
2025-03-24,EEM,44.779998779296875,20479000
2025-03-25,EEM,44.650001525878906,29535900
2025-03-26,EEM,44.380001068115234,22002200
2025-03-27,EEM,44.599998474121094,15749100
2025-03-28,EEM,43.77000045776367,27866500
2025-03-31,EEM,43.70000076293945,25638300
2025-04-01,EEM,43.84000015258789,21530300
2025-04-02,EEM,43.900001525878906,18068100
2025-04-03,EEM,42.970001220703125,26997500
2025-04-04,EEM,40.58000183105469,75853000
2025-04-07,EEM,39.06999969482422,87724900
2025-04-08,EEM,38.52000045776367,57879100
2025-04-09,EEM,41.189998626708984,71100600
2025-04-10,EEM,40.47999954223633,44475900
2025-04-11,EEM,41.75,43956500
2025-04-14,EEM,42.130001068115234,22549600
2025-04-15,EEM,42.09000015258789,18077500
2025-04-16,EEM,41.599998474121094,19984700
2025-04-17,EEM,41.91999816894531,23264400
2025-04-21,EEM,41.90999984741211,16440700
2025-04-22,EEM,42.540000915527344,25716100
2025-04-23,EEM,43.029998779296875,24787400
2025-04-24,EEM,43.529998779296875,28843500
2025-04-25,EEM,43.45000076293945,18363700
2025-04-28,EEM,43.529998779296875,11002200
2025-04-29,EEM,43.650001525878906,12809100
2025-04-30,EEM,43.7599983215332,20928800
2025-05-01,EEM,43.75,14740500
2025-05-02,EEM,45.0,33945900
2025-05-05,EEM,45.34000015258789,22661100
2025-05-06,EEM,45.15999984741211,17418700
2025-05-07,EEM,44.63999938964844,23390500
2025-05-08,EEM,44.61000061035156,17573700
2025-05-09,EEM,44.90999984741211,16091100
2025-05-12,EEM,45.880001068115234,26843500
2025-05-13,EEM,45.959999084472656,23970300
2025-05-14,EEM,46.310001373291016,22561700
2025-05-15,EEM,46.290000915527344,21682500
2025-05-16,EEM,46.2599983215332,23296900
2025-05-19,EEM,46.36000061035156,16823000
2025-05-20,EEM,46.310001373291016,20233700
2025-05-21,EEM,46.189998626708984,25570400
2025-05-22,EEM,46.040000915527344,16773000
2025-05-23,EEM,46.22999954223633,22018900
2025-05-27,EEM,46.119998931884766,26278900
2025-05-28,EEM,45.90999984741211,26970500
2025-05-29,EEM,46.08000183105469,24291700
2025-05-30,EEM,45.52000045776367,42291600
2025-06-02,EEM,45.849998474121094,20576500
2025-06-03,EEM,45.959999084472656,20943400
2025-06-04,EEM,46.529998779296875,26497800
2025-06-05,EEM,46.77000045776367,26292800
2025-06-06,EEM,46.91999816894531,16629900
2025-06-09,EEM,47.31999969482422,22715200
2025-06-10,EEM,47.59000015258789,26583600
2025-06-11,EEM,47.790000915527344,28230800
2025-06-12,EEM,47.869998931884766,19734400
2025-06-13,EEM,47.11000061035156,35198100
2025-06-16,EEM,47.22999954223633,26995900
2025-06-17,EEM,46.61000061035156,35176900
2025-06-18,EEM,46.599998474121094,26286900
2025-06-20,EEM,46.33000183105469,32783300
2025-06-23,EEM,46.709999084472656,22233200
2025-06-24,EEM,47.91999816894531,36113900
2025-06-25,EEM,47.959999084472656,23739200
2025-06-26,EEM,48.279998779296875,21962200
2025-06-27,EEM,48.09000015258789,37593400
2025-06-30,EEM,48.2400016784668,32966300
2025-07-01,EEM,48.33000183105469,25393000
2025-07-02,EEM,48.540000915527344,23950600
2025-07-03,EEM,48.7599983215332,20080100
2025-07-07,EEM,48.06999969482422,24462300
2025-07-08,EEM,48.369998931884766,16316900
2025-07-09,EEM,48.290000915527344,14846200
2025-07-10,EEM,48.41999816894531,21892100
2025-07-11,EEM,48.2599983215332,27338400
2025-07-14,EEM,48.33000183105469,16882100
2025-07-15,EEM,48.68000030517578,24890500
2025-07-16,EEM,48.90999984741211,32620000
2025-07-17,EEM,49.189998626708984,22323900
2025-07-18,EEM,49.08000183105469,23408000
2025-07-21,EEM,49.400001525878906,16861700
2025-07-22,EEM,49.43000030517578,22316500
2025-07-23,EEM,49.93000030517578,23744600
2025-07-24,EEM,49.65999984741211,18948000
2025-07-25,EEM,49.5099983215332,15605000
2025-07-28,EEM,49.18000030517578,27703400
2025-07-29,EEM,49.20000076293945,24742400
2025-07-30,EEM,48.84000015258789,37855400
2025-07-31,EEM,48.560001373291016,30587100
2025-08-01,EEM,48.20000076293945,27234300
2025-08-04,EEM,48.70000076293945,32920400
2025-08-05,EEM,48.84000015258789,18709100
2025-08-06,EEM,49.06999969482422,17094000
2025-08-07,EEM,49.47999954223633,23378900
2025-08-08,EEM,49.439998626708984,16926700
2025-08-11,EEM,49.29999923706055,15176100
2025-08-12,EEM,49.900001525878906,22908400
2025-08-13,EEM,50.5,28585500
2025-08-14,EEM,49.880001068115234,28016600
2025-08-15,EEM,49.939998626708984,24042600
2025-08-18,EEM,50.22999954223633,19212500
2025-08-19,EEM,49.81999969482422,17226800
2025-08-20,EEM,49.75,20299200
2025-08-21,EEM,49.63999938964844,14428500
2025-08-22,EEM,50.630001068115234,31264200
2025-08-25,EEM,50.34000015258789,23701400
2025-08-26,EEM,50.209999084472656,25684000
2025-08-27,EEM,49.90999984741211,31452900
2025-08-28,EEM,50.099998474121094,21353800
2025-08-29,EEM,49.86000061035156,24867400
2025-09-02,EEM,49.81999969482422,24343900
2025-09-03,EEM,50.0099983215332,29035600
2025-09-04,EEM,49.849998474121094,14791900
2025-09-05,EEM,50.45000076293945,24805800
2025-09-08,EEM,50.90999984741211,23345100
2025-09-09,EEM,51.189998626708984,23818600
2025-09-10,EEM,51.540000915527344,27152000
2025-09-11,EEM,52.290000915527344,38948300
2025-09-12,EEM,52.2599983215332,17773100
2025-09-15,EEM,52.63999938964844,22076400
2025-09-16,EEM,53.029998779296875,28614400
2025-09-17,EEM,53.2599983215332,53353400
2025-09-18,EEM,53.130001068115234,30544400
2025-09-19,EEM,53.0099983215332,37385100
2025-09-22,EEM,53.27000045776367,18357700
2025-09-23,EEM,53.29999923706055,21298600
2025-09-24,EEM,53.119998931884766,24947100
2025-09-25,EEM,52.810001373291016,27611900
2025-09-26,EEM,52.709999084472656,22608400
2025-09-29,EEM,53.189998626708984,26754400
2025-09-30,EEM,53.400001525878906,25165300
2025-10-01,EEM,53.81999969482422,29971300
2025-10-02,EEM,54.06999969482422,27872000
2025-10-03,EEM,54.22999954223633,21836000
2025-10-06,EEM,54.47999954223633,17890500
2025-10-07,EEM,54.060001373291016,18605600
2025-10-08,EEM,54.4900016784668,15391200
2025-10-09,EEM,53.93000030517578,24685200
2025-10-10,EEM,51.939998626708984,67908200
2025-10-13,EEM,53.45000076293945,34717200
2025-10-14,EEM,52.970001220703125,36062800
2025-10-15,EEM,53.84000015258789,31145700
2025-10-16,EEM,54.189998626708984,29782000
2025-10-17,EEM,54.18000030517578,24373600
2025-10-20,EEM,54.91999816894531,29450600
2025-10-21,EEM,54.310001373291016,27091800
2025-10-22,EEM,54.2599983215332,23595100
2025-10-23,EEM,54.7400016784668,19655800
2025-10-24,EEM,55.099998474121094,19506300
2025-10-27,EEM,55.709999084472656,24016300
2025-10-28,EEM,55.689998626708984,25911500
2025-10-29,EEM,56.0099983215332,32924600
2025-10-30,EEM,55.43000030517578,22532800
2025-10-31,EEM,55.29999923706055,29316400
2025-11-03,EEM,55.650001525878906,18735900
2025-11-04,EEM,54.630001068115234,25655800
2025-11-05,EEM,55.119998931884766,22362000
2025-11-06,EEM,54.709999084472656,24880700
2025-11-07,EEM,54.54999923706055,32432300
2025-11-10,EEM,55.5099983215332,27712200
2025-11-11,EEM,55.56999969482422,22791800
2025-11-12,EEM,55.58000183105469,24137600
2025-11-13,EEM,54.93000030517578,29877500
2025-11-14,EEM,54.959999084472656,27660000
2025-11-17,EEM,54.310001373291016,24765100
2025-11-18,EEM,54.040000915527344,29360300
2025-11-19,EEM,53.849998474121094,20897700
2025-11-20,EEM,53.11000061035156,32026400
2025-11-21,EEM,53.099998474121094,40328800
2025-11-24,EEM,53.65999984741211,33650600
2025-11-25,EEM,53.849998474121094,25248200
2025-11-26,EEM,54.2400016784668,22161600
2025-11-28,EEM,54.31999969482422,15057500
2025-12-01,EEM,54.279998779296875,17854000
2025-12-02,EEM,54.29999923706055,22523100
2025-12-03,EEM,54.34000015258789,16750200
2025-12-04,EEM,54.33000183105469,14443500
2025-12-05,EEM,54.7400016784668,20114400
2025-12-08,EEM,54.619998931884766,29055600
2025-12-09,EEM,54.529998779296875,17789200
2025-12-10,EEM,55.13999938964844,35022900
2025-12-11,EEM,54.880001068115234,22013500
2025-12-12,EEM,54.2400016784668,30590000
2025-12-15,EEM,54.08000183105469,29137000
2025-12-16,EEM,52.97999954223633,38180700
2025-12-17,EEM,52.599998474121094,35740800
2025-12-18,EEM,53.20000076293945,29985700
2025-12-19,EEM,53.720001220703125,28831700
2025-12-22,EEM,54.0099983215332,21645200
2025-12-23,EEM,54.310001373291016,25319700
2025-12-24,EEM,54.41999816894531,9565300
2025-12-26,EEM,54.79999923706055,11352000
2025-12-29,EEM,54.65999984741211,18816700
2025-12-30,EEM,54.880001068115234,24643000
2025-12-31,EEM,54.709999084472656,20000900
2026-01-02,EEM,56.2400016784668,38255900
2026-01-05,EEM,56.86000061035156,37082500
2026-01-06,EEM,57.279998779296875,29801700
2026-01-07,EEM,56.849998474121094,26931300
2026-01-08,EEM,56.869998931884766,27719800
2026-01-09,EEM,57.13999938964844,31540700
2026-01-12,EEM,57.939998626708984,47304300
2026-01-13,EEM,57.5099983215332,34414900
2026-01-14,EEM,57.75,45156200
2026-01-15,EEM,58.09000015258789,60438100
2026-01-16,EEM,57.869998931884766,30624000
2026-01-20,EEM,57.310001373291016,37026900
2026-01-21,EEM,58.2599983215332,44193800
2026-01-22,EEM,58.70000076293945,33731400
2026-01-23,EEM,59.06999969482422,31584700
2026-01-26,EEM,59.16999816894531,37945000
2026-01-27,EEM,60.34000015258789,62222300
2026-01-28,EEM,60.75,52067700
2026-01-29,EEM,60.439998626708984,70851900
2026-01-30,EEM,59.099998474121094,73861200
2026-02-02,EEM,59.279998779296875,44512300
2026-02-03,EEM,59.599998474121094,41132300
2026-02-04,EEM,58.79999923706055,50852400
2026-02-05,EEM,58.529998779296875,50880900
2026-02-06,EEM,60.06999969482422,37534800
2026-02-09,EEM,60.5099983215332,35324300
2026-02-10,EEM,60.599998474121094,32247100
2026-02-11,EEM,61.560001373291016,38158900
2026-02-12,EEM,60.86000061035156,48070600
2026-02-13,EEM,61.119998931884766,40091300
2026-02-17,EEM,60.869998931884766,38127200
2026-02-18,EEM,61.189998626708984,29966900
2026-02-19,EEM,61.040000915527344,38043800
2026-02-20,EEM,62.34000015258789,56421600
2026-02-23,EEM,61.650001525878906,36573400
2026-02-24,EEM,62.619998931884766,44407300
2026-02-25,EEM,63.310001373291016,42201200
2026-02-26,EEM,62.709999084472656,52083200
2026-02-27,EEM,62.58000183105469,34830100
2026-03-02,EEM,61.5,46879900
2026-03-03,EEM,58.41999816894531,99942900
2026-03-04,EEM,59.04999923706055,74073300
2026-03-05,EEM,57.630001068115234,81396900
2026-03-06,EEM,57.31999969482422,55731800
2026-03-09,EEM,58.45000076293945,65072500
2026-03-10,EEM,58.68000030517578,56415100
2026-03-11,EEM,58.83000183105469,35658200
2026-03-12,EEM,56.95000076293945,53035000
2026-03-13,EEM,56.79999923706055,47897100
2026-03-16,EEM,58.380001068115234,36204900
2026-03-17,EEM,58.75,24929100
2026-03-18,EEM,57.560001373291016,37207400
2026-03-19,EEM,57.619998931884766,50957600
2026-03-20,EEM,55.63999938964844,78534200
2026-03-23,EEM,57.310001373291016,61193400
2026-03-24,EEM,56.52000045776367,37191900
2026-03-25,EEM,57.41999816894531,36444000
2026-03-26,EEM,55.470001220703125,42794900
2026-03-27,EEM,55.20000076293945,38596100
2026-03-30,EEM,54.75,32281500
2026-03-31,EEM,56.790000915527344,64809400
2026-04-01,EEM,57.22999954223633,51176300
2026-04-02,EEM,56.59000015258789,33449800
2026-04-06,EEM,57.11000061035156,19981700
2026-04-07,EEM,57.310001373291016,28112800
2026-04-08,EEM,60.439998626708984,50444800
2026-04-09,EEM,60.279998779296875,35719500
2026-04-10,EEM,60.560001373291016,20508400
2026-04-13,EEM,61.06999969482422,24457400
2026-04-14,EEM,62.2400016784668,23734200
2026-04-15,EEM,62.20000076293945,26278700
2026-04-16,EEM,62.45000076293945,32327600
2026-04-17,EEM,63.63999938964844,46228600
2026-04-20,EEM,63.18000030517578,20045600
2026-04-21,EEM,62.25,25552600
2026-04-22,EEM,63.380001068115234,19635300
2026-04-23,EEM,62.349998474121094,33271500
2026-04-24,EEM,63.7400016784668,26360600
2026-04-27,EEM,63.63999938964844,14689400
2026-04-28,EEM,62.9900016784668,20628900
2026-04-29,EEM,62.689998626708984,21066100
2026-04-30,EEM,63.9900016784668,32197000
2026-05-01,EEM,64.12999725341797,22489200
2026-05-04,EEM,64.0999984741211,19751800
2026-05-05,EEM,65.4000015258789,18701000
2026-05-06,EEM,67.48999786376953,35376400
2026-05-07,EEM,66.58999633789062,34734700
2026-05-08,EEM,67.94000244140625,27606300
2026-05-11,EEM,67.88999938964844,14667100
2026-05-12,EEM,65.81999969482422,37773400
2026-05-13,EEM,67.20999908447266,26065400
2026-05-14,EEM,67.37999725341797,21184400
2026-05-15,EEM,65.06999969482422,34830900
2026-05-18,EEM,64.97000122070312,37739800
2026-05-19,EEM,64.26000213623047,37009400
2026-05-20,EEM,65.45999908447266,32484700
2026-05-21,EEM,66.02999877929688,28726400
2026-05-22,EEM,65.87999725341797,30851000
2026-05-26,EEM,68.4000015258789,25457000
2026-05-27,EEM,68.38999938964844,31991500
2026-05-28,EEM,68.61000061035156,33058600
2026-05-29,EEM,68.5999984741211,32143100
2026-06-01,EEM,70.08000183105469,31731100
2026-06-02,EEM,70.80000305175781,16577400
2026-06-03,EEM,69.91999816894531,22147100
2026-06-04,EEM,69.0999984741211,21260300
2026-06-05,EEM,64.58999633789062,56184500
2026-06-08,EEM,65.75,29088400
2026-06-09,EEM,65.81999969482422,42106700
2026-06-10,EEM,64.66000366210938,37541900
2026-06-11,EEM,67.5,41505700
2026-06-12,EEM,67.87999725341797,39782800
2026-06-15,EEM,69.75,37751500
2026-06-16,EEM,68.63999938964844,31283500
2026-06-17,EEM,68.55999755859375,36131300
2026-06-18,EEM,70.79000091552734,49998100
2026-06-22,EEM,71.20999908447266,25302200
2026-06-23,EEM,67.16999816894531,39069000
2026-06-24,EEM,67.25,22973300
2026-06-25,EEM,67.95999908447266,24474400
2026-06-26,EEM,67.19000244140625,24158700
2026-06-29,EEM,67.43000030517578,18609700
2026-06-30,EEM,68.41000366210938,20384300
2026-07-01,EEM,66.4800033569336,28146700
2026-07-02,EEM,65.69999694824219,34258700
2026-07-06,EEM,67.56999969482422,24039300
2026-07-07,EEM,65.72000122070312,26285100
2026-07-08,EEM,66.2300033569336,20723500
2024-11-18,EFA,77.55000305175781,7772600
2024-11-19,EFA,77.44999694824219,13402300
2024-11-20,EFA,77.23999786376953,12442000
2024-11-21,EFA,77.26000213623047,9161200
2024-11-22,EFA,77.55999755859375,16809800
2024-11-25,EFA,77.95999908447266,24934100
2024-11-26,EFA,77.51000213623047,9360800
2024-11-27,EFA,77.93000030517578,7477900
2024-11-29,EFA,78.97000122070312,11643900
2024-12-02,EFA,79.19000244140625,15721100
2024-12-03,EFA,79.63999938964844,13289900
2024-12-04,EFA,79.69999694824219,10434400
2024-12-05,EFA,80.08999633789062,11910800
2024-12-06,EFA,80.08000183105469,7072500
2024-12-09,EFA,80.02999877929688,7801100
2024-12-10,EFA,79.30999755859375,10662800
2024-12-11,EFA,79.80999755859375,11858900
2024-12-12,EFA,79.11000061035156,8623800
2024-12-13,EFA,78.88999938964844,10116600
2024-12-16,EFA,78.62999725341797,25547700
2024-12-17,EFA,77.44999694824219,13934900
2024-12-18,EFA,75.55000305175781,16470400
2024-12-19,EFA,75.30999755859375,17486600
2024-12-20,EFA,75.0999984741211,20878200
2024-12-23,EFA,75.58999633789062,10491200
2024-12-24,EFA,75.86000061035156,5585200
2024-12-26,EFA,76.22000122070312,10784900
2024-12-27,EFA,76.11000061035156,15819700
2024-12-30,EFA,75.61000061035156,16427600
2024-12-31,EFA,75.61000061035156,21393500
2025-01-02,EFA,75.3499984741211,12756600
2025-01-03,EFA,75.68000030517578,12548800
2025-01-06,EFA,76.4000015258789,16201800
2025-01-07,EFA,76.33999633789062,9393200
2025-01-08,EFA,76.22000122070312,7894800
2025-01-10,EFA,75.05999755859375,12021900
2025-01-13,EFA,74.8499984741211,12019700
2025-01-14,EFA,75.12000274658203,9963200
2025-01-15,EFA,76.08000183105469,12144700
2025-01-16,EFA,76.47000122070312,17925700
2025-01-17,EFA,76.77999877929688,10667100
2025-01-21,EFA,78.33000183105469,13169100
2025-01-22,EFA,78.1500015258789,8666700
2025-01-23,EFA,78.79000091552734,10977200
2025-01-24,EFA,79.2300033569336,7578400
2025-01-27,EFA,79.2300033569336,13559100
2025-01-28,EFA,79.12999725341797,9458300
2025-01-29,EFA,79.12000274658203,7875400
2025-01-30,EFA,79.98999786376953,13792100
2025-01-31,EFA,79.23999786376953,14935000
2025-02-03,EFA,78.30999755859375,14997600
2025-02-04,EFA,79.22000122070312,10608300
2025-02-05,EFA,79.98999786376953,7857000
2025-02-06,EFA,80.37000274658203,7806500
2025-02-07,EFA,79.61000061035156,13110800
2025-02-10,EFA,80.1500015258789,7287300
2025-02-11,EFA,80.52999877929688,7583700
2025-02-12,EFA,80.83000183105469,17271400
2025-02-13,EFA,81.80999755859375,17212300
2025-02-14,EFA,81.93000030517578,8051800
2025-02-18,EFA,82.5199966430664,9485900
2025-02-19,EFA,81.66999816894531,11042200
2025-02-20,EFA,82.05000305175781,9177400
2025-02-21,EFA,81.54000091552734,11630000
2025-02-24,EFA,81.48999786376953,11135700
2025-02-25,EFA,82.2300033569336,10091400
2025-02-26,EFA,82.33999633789062,11254600
2025-02-27,EFA,81.41000366210938,19003200
2025-02-28,EFA,81.58000183105469,20717700
2025-03-03,EFA,82.4800033569336,16234700
2025-03-04,EFA,82.45999908447266,18408500
2025-03-05,EFA,84.43000030517578,17092500
2025-03-06,EFA,83.55999755859375,18421000
2025-03-07,EFA,84.43000030517578,13184300
2025-03-10,EFA,82.44000244140625,19368400
2025-03-11,EFA,82.16000366210938,18088800
2025-03-12,EFA,82.75,15886300
2025-03-13,EFA,82.19999694824219,18561400
2025-03-14,EFA,83.70999908447266,13971300
2025-03-17,EFA,84.6500015258789,12966800
2025-03-18,EFA,84.63999938964844,10513400
2025-03-19,EFA,84.88999938964844,16362400
2025-03-20,EFA,84.18000030517578,11820500
2025-03-21,EFA,83.66000366210938,18771200
2025-03-24,EFA,83.6500015258789,12201700
2025-03-25,EFA,84.11000061035156,10478200
2025-03-26,EFA,83.0199966430664,17010400
2025-03-27,EFA,83.19999694824219,10331900
2025-03-28,EFA,82.45999908447266,14242300
2025-03-31,EFA,81.7300033569336,25560500
2025-04-01,EFA,81.8499984741211,15154000
2025-04-02,EFA,82.04000091552734,14451600
2025-04-03,EFA,80.31999969482422,18718400
2025-04-04,EFA,75.0199966430664,40904300
2025-04-07,EFA,73.20999908447266,63057500
2025-04-08,EFA,72.95999908447266,36425000
2025-04-09,EFA,78.58999633789062,60645100
2025-04-10,EFA,77.04000091552734,36697600
2025-04-11,EFA,78.97000122070312,28909900
2025-04-14,EFA,79.81999969482422,15749900
2025-04-15,EFA,80.54000091552734,13679800
2025-04-16,EFA,80.2300033569336,16542600
2025-04-17,EFA,81.0999984741211,14072500
2025-04-21,EFA,80.66000366210938,15883900
2025-04-22,EFA,82.33000183105469,14923200
2025-04-23,EFA,82.66000366210938,15223500
2025-04-24,EFA,83.76000213623047,11194200
2025-04-25,EFA,84.12000274658203,10485300
2025-04-28,EFA,84.68000030517578,10085400
2025-04-29,EFA,84.8499984741211,8303800
2025-04-30,EFA,84.75,24147900
2025-05-01,EFA,84.4800033569336,10070900
2025-05-02,EFA,86.0999984741211,14798400
2025-05-05,EFA,86.25,8119800
2025-05-06,EFA,86.13999938964844,8661700
2025-05-07,EFA,85.8499984741211,8536600
2025-05-08,EFA,85.55000305175781,12228300
2025-05-09,EFA,85.97000122070312,9149000
2025-05-12,EFA,86.41000366210938,12602500
2025-05-13,EFA,86.5199966430664,13242900
2025-05-14,EFA,86.0999984741211,10173300
2025-05-15,EFA,87.04000091552734,11283200
2025-05-16,EFA,87.23999786376953,8372100
2025-05-19,EFA,88.06999969482422,9062900
2025-05-20,EFA,88.48999786376953,23335500
2025-05-21,EFA,87.97000122070312,15278800
2025-05-22,EFA,87.91999816894531,12787300
2025-05-23,EFA,88.04000091552734,16959600
2025-05-27,EFA,89.31999969482422,12435700
2025-05-28,EFA,88.29000091552734,16812400
2025-05-29,EFA,88.68000030517578,11454200
2025-05-30,EFA,88.80999755859375,18590200
2025-06-02,EFA,89.76000213623047,25710500
2025-06-03,EFA,89.08000183105469,11787400
2025-06-04,EFA,89.4800033569336,11593300
2025-06-05,EFA,89.41999816894531,14543100
2025-06-06,EFA,89.73999786376953,10301000
2025-06-09,EFA,89.7300033569336,9641600
2025-06-10,EFA,89.8499984741211,10254100
2025-06-11,EFA,89.69999694824219,12329600
2025-06-12,EFA,90.38999938964844,13288000
2025-06-13,EFA,89.2300033569336,22177100
2025-06-16,EFA,88.04000091552734,17843400
2025-06-17,EFA,86.95999908447266,16726300
2025-06-18,EFA,87.11000061035156,18504400
2025-06-20,EFA,86.33000183105469,16900600
2025-06-23,EFA,86.9800033569336,23100600
2025-06-24,EFA,88.04000091552734,14900600
2025-06-25,EFA,87.55999755859375,14422100
2025-06-26,EFA,88.54000091552734,15791500
2025-06-27,EFA,89.33999633789062,15987700
2025-06-30,EFA,89.38999938964844,28062100
2025-07-01,EFA,89.23999786376953,11406100
2025-07-02,EFA,89.5,13133600
2025-07-03,EFA,89.5199966430664,5311100
2025-07-07,EFA,88.55000305175781,12925000
2025-07-08,EFA,89.19999694824219,9061400
2025-07-09,EFA,89.87000274658203,8699900
2025-07-10,EFA,89.80999755859375,8554400
2025-07-11,EFA,88.94999694824219,8468000
2025-07-14,EFA,88.94999694824219,7969900
2025-07-15,EFA,88.0199966430664,10572000
2025-07-16,EFA,88.37999725341797,16776500
2025-07-17,EFA,88.61000061035156,9542000
2025-07-18,EFA,88.36000061035156,11044700
2025-07-21,EFA,88.83000183105469,9324000
2025-07-22,EFA,89.31999969482422,12134300
2025-07-23,EFA,91.54000091552734,18088200
2025-07-24,EFA,90.86000061035156,12025500
2025-07-25,EFA,90.75,9583200
2025-07-28,EFA,89.29000091552734,13654000
2025-07-29,EFA,89.11000061035156,11888600
2025-07-30,EFA,88.47000122070312,14623000
2025-07-31,EFA,87.5199966430664,29271500
2025-08-01,EFA,87.29000091552734,18658100
2025-08-04,EFA,88.44999694824219,14718100
2025-08-05,EFA,88.44000244140625,11634100
2025-08-06,EFA,89.0199966430664,11499900
2025-08-07,EFA,89.81999969482422,11525600
2025-08-08,EFA,90.37000274658203,10367200
2025-08-11,EFA,89.98999786376953,8516600
2025-08-12,EFA,91.08999633789062,12302700
2025-08-13,EFA,91.63999938964844,9490500
2025-08-14,EFA,91.6500015258789,11790600
2025-08-15,EFA,92.19000244140625,11864300
2025-08-18,EFA,92.08999633789062,11577800
2025-08-19,EFA,92.0999984741211,10721600
2025-08-20,EFA,92.43000030517578,15871100
2025-08-21,EFA,91.8499984741211,11258900
2025-08-22,EFA,93.2300033569336,15827500
2025-08-25,EFA,92.0,11700800
2025-08-26,EFA,91.9000015258789,11788900
2025-08-27,EFA,91.68000030517578,13054200
2025-08-28,EFA,92.0199966430664,11136400
2025-08-29,EFA,91.4800033569336,18544500
2025-09-02,EFA,90.58000183105469,15496100
2025-09-03,EFA,90.72000122070312,14418600
2025-09-04,EFA,91.37999725341797,10348000
2025-09-05,EFA,91.79000091552734,15510600
2025-09-08,EFA,92.70999908447266,12010700
2025-09-09,EFA,92.4000015258789,10893200
2025-09-10,EFA,92.37999725341797,11838300
2025-09-11,EFA,93.36000061035156,11013000
2025-09-12,EFA,92.98999786376953,10010500
2025-09-15,EFA,93.61000061035156,18108000
2025-09-16,EFA,93.3499984741211,25226900
2025-09-17,EFA,93.0,17013600
2025-09-18,EFA,93.36000061035156,15791600
2025-09-19,EFA,93.0,21889300
2025-09-22,EFA,93.30000305175781,13692200
2025-09-23,EFA,93.12000274658203,14688400
2025-09-24,EFA,92.58000183105469,14910700
2025-09-25,EFA,91.91999816894531,22434600
2025-09-26,EFA,92.62999725341797,18138000
2025-09-29,EFA,92.98999786376953,13807100
2025-09-30,EFA,93.37000274658203,24295000
2025-10-01,EFA,94.13999938964844,17167900
2025-10-02,EFA,94.29000091552734,15300500
2025-10-03,EFA,95.08000183105469,13985500
2025-10-06,EFA,95.30000305175781,12812500
2025-10-07,EFA,94.47000122070312,9075000
2025-10-08,EFA,94.75,11159400
2025-10-09,EFA,93.97000122070312,10567900
2025-10-10,EFA,92.23999786376953,26137200
2025-10-13,EFA,92.9800033569336,11132900
2025-10-14,EFA,93.4000015258789,15119000
2025-10-15,EFA,93.8499984741211,15005400
2025-10-16,EFA,94.33999633789062,24970300
2025-10-17,EFA,94.51000213623047,16789400
2025-10-20,EFA,95.29000091552734,12951100
2025-10-21,EFA,94.58999633789062,16644300
2025-10-22,EFA,94.44999694824219,15028600
2025-10-23,EFA,94.88999938964844,10584400
2025-10-24,EFA,95.04000091552734,8967800
2025-10-27,EFA,95.69999694824219,10612600
2025-10-28,EFA,95.66000366210938,9187600
2025-10-29,EFA,95.12000274658203,17914300
2025-10-30,EFA,94.69999694824219,13967800
2025-10-31,EFA,94.48999786376953,19459200
2025-11-03,EFA,94.52999877929688,10681400
2025-11-04,EFA,93.55999755859375,10349000
2025-11-05,EFA,94.16000366210938,12451300
2025-11-06,EFA,93.94999694824219,16176000
2025-11-07,EFA,94.30000305175781,13976900
2025-11-10,EFA,95.29000091552734,15682400
2025-11-11,EFA,95.98999786376953,12959400
2025-11-12,EFA,96.55999755859375,9532200
2025-11-13,EFA,95.52999877929688,15864800
2025-11-14,EFA,95.26000213623047,17396400
2025-11-17,EFA,94.0199966430664,18850900
2025-11-18,EFA,92.80000305175781,22482300
2025-11-19,EFA,92.5199966430664,15425200
2025-11-20,EFA,91.23999786376953,26720600
2025-11-21,EFA,92.6500015258789,27211400
2025-11-24,EFA,92.7300033569336,18550900
2025-11-25,EFA,93.83999633789062,19903700
2025-11-26,EFA,94.87000274658203,13481200
2025-11-28,EFA,95.19000244140625,8136000
2025-12-01,EFA,94.72000122070312,21791500
2025-12-02,EFA,95.04000091552734,14267600
2025-12-03,EFA,95.55000305175781,14439800
2025-12-04,EFA,95.80999755859375,13862900
2025-12-05,EFA,95.80999755859375,15829800
2025-12-08,EFA,95.51000213623047,13589200
2025-12-09,EFA,95.37999725341797,15966700
2025-12-10,EFA,96.44000244140625,21171700
2025-12-11,EFA,97.01000213623047,19221400
2025-12-12,EFA,96.5,20514900
2025-12-15,EFA,97.08999633789062,22751500
2025-12-16,EFA,94.91999816894531,29380500
2025-12-17,EFA,94.1500015258789,34926000
2025-12-18,EFA,94.81999969482422,29971400
2025-12-19,EFA,95.45999908447266,31094700
2025-12-22,EFA,95.69999694824219,15861200
2025-12-23,EFA,96.29000091552734,16485700
2025-12-24,EFA,96.41000366210938,5609700
2025-12-26,EFA,96.56999969482422,9304200
2025-12-29,EFA,96.27999877929688,16705400
2025-12-30,EFA,96.44000244140625,15877000
2025-12-31,EFA,96.02999877929688,27618000
2026-01-02,EFA,97.04000091552734,42922400
2026-01-05,EFA,98.1500015258789,25187000
2026-01-06,EFA,98.30000305175781,14557900
2026-01-07,EFA,97.93000030517578,15468900
2026-01-08,EFA,97.94000244140625,14090500
2026-01-09,EFA,98.80999755859375,16001700
2026-01-12,EFA,99.41000366210938,15313500
2026-01-13,EFA,98.83999633789062,17697700
2026-01-14,EFA,99.30000305175781,19947400
2026-01-15,EFA,99.26000213623047,24662400
2026-01-16,EFA,99.52999877929688,18699200
2026-01-20,EFA,98.0199966430664,26893300
2026-01-21,EFA,99.02999877929688,26150500
2026-01-22,EFA,99.41999816894531,16592800
2026-01-23,EFA,99.97000122070312,16753500
2026-01-26,EFA,100.47000122070312,14959300
2026-01-27,EFA,102.08999633789062,19754300
2026-01-28,EFA,101.01000213623047,21938700
2026-01-29,EFA,101.69000244140625,29236200
2026-01-30,EFA,100.73999786376953,27813400
2026-02-02,EFA,101.4000015258789,21725500
2026-02-03,EFA,101.44999694824219,23625500
2026-02-04,EFA,101.77999877929688,25576700
2026-02-05,EFA,100.33000183105469,22760200
2026-02-06,EFA,102.61000061035156,17343700
2026-02-09,EFA,103.98999786376953,20137400
2026-02-10,EFA,104.23999786376953,16861700
2026-02-11,EFA,104.94000244140625,20493500
2026-02-12,EFA,104.1500015258789,29385300
2026-02-13,EFA,104.23999786376953,22651300
2026-02-17,EFA,104.22000122070312,19647200
2026-02-18,EFA,104.33999633789062,16099000
2026-02-19,EFA,104.05000305175781,15994100
2026-02-20,EFA,104.9000015258789,25737500
2026-02-23,EFA,104.47000122070312,14151800
2026-02-24,EFA,104.66000366210938,17358000
2026-02-25,EFA,105.66000366210938,14783800
2026-02-26,EFA,105.56999969482422,28482700
2026-02-27,EFA,105.37999725341797,25575500
2026-03-02,EFA,103.30000305175781,38046600
2026-03-03,EFA,100.08999633789062,52567300
2026-03-04,EFA,101.37999725341797,30766400
2026-03-05,EFA,99.16000366210938,34508300
2026-03-06,EFA,98.27999877929688,27734400
2026-03-09,EFA,98.98999786376953,37484700
2026-03-10,EFA,99.22000122070312,44802900
2026-03-11,EFA,99.01000213623047,21345300
2026-03-12,EFA,97.45999908447266,34724600
2026-03-13,EFA,96.30000305175781,27628100
2026-03-16,EFA,98.0999984741211,17384000
2026-03-17,EFA,98.37000274658203,16411500
2026-03-18,EFA,96.69000244140625,26644800
2026-03-19,EFA,96.5199966430664,34858300
2026-03-20,EFA,93.58999633789062,45493400
2026-03-23,EFA,95.83999633789062,40781200
2026-03-24,EFA,95.2699966430664,22695800
2026-03-25,EFA,96.66000366210938,20476300
2026-03-26,EFA,94.66000366210938,19676500
2026-03-27,EFA,93.80000305175781,22341100
2026-03-30,EFA,94.06999969482422,16136400
2026-03-31,EFA,97.12999725341797,39448000
2026-04-01,EFA,98.61000061035156,27123200
2026-04-02,EFA,98.0,17276100
2026-04-06,EFA,98.48999786376953,11810900
2026-04-07,EFA,98.3499984741211,19809700
2026-04-08,EFA,102.19000244140625,22300800
2026-04-09,EFA,101.94999694824219,14958400
2026-04-10,EFA,102.18000030517578,8670300
2026-04-13,EFA,102.80999755859375,19346900
2026-04-14,EFA,103.63999938964844,16581000
2026-04-15,EFA,103.30999755859375,8786300
2026-04-16,EFA,103.01000213623047,13227600
2026-04-17,EFA,104.31999969482422,17321500
2026-04-20,EFA,103.91000366210938,12896100
2026-04-21,EFA,101.62999725341797,18105400
2026-04-22,EFA,101.97000122070312,9990800
2026-04-23,EFA,101.23999786376953,15773900
2026-04-24,EFA,101.7699966430664,14219400
2026-04-27,EFA,101.37999725341797,10091700
2026-04-28,EFA,100.95999908447266,11008800
2026-04-29,EFA,99.93000030517578,10986800
2026-04-30,EFA,102.31999969482422,16585800
2026-05-01,EFA,102.0999984741211,14447200
2026-05-04,EFA,100.69999694824219,21026300
2026-05-05,EFA,102.04000091552734,12347300
2026-05-06,EFA,104.80999755859375,14755500
2026-05-07,EFA,102.88999938964844,19257500
2026-05-08,EFA,103.95999908447266,12280100
2026-05-11,EFA,103.73999786376953,10717500
2026-05-12,EFA,103.13999938964844,15770900
2026-05-13,EFA,103.83000183105469,9578900
2026-05-14,EFA,103.45999908447266,8943600
2026-05-15,EFA,101.72000122070312,17916800
2026-05-18,EFA,102.66000366210938,15944000
2026-05-19,EFA,101.91999816894531,13211800
2026-05-20,EFA,103.62000274658203,16511800
2026-05-21,EFA,104.19000244140625,14357600
2026-05-22,EFA,103.9800033569336,12012200
2026-05-26,EFA,105.12999725341797,12884900
2026-05-27,EFA,104.7699966430664,12599500
2026-05-28,EFA,104.69000244140625,13606000
2026-05-29,EFA,104.80000305175781,16926000
2026-06-01,EFA,104.44000244140625,17412600
2026-06-02,EFA,105.0199966430664,8400600
2026-06-03,EFA,104.12000274658203,11807100
2026-06-04,EFA,104.94999694824219,10158700
2026-06-05,EFA,102.26000213623047,16937500
2026-06-08,EFA,102.87999725341797,13550300
2026-06-09,EFA,102.9000015258789,21878000
2026-06-10,EFA,101.56999969482422,22737700
2026-06-11,EFA,104.7300033569336,20415000
2026-06-12,EFA,105.0199966430664,14219900
2026-06-15,EFA,104.08000183105469,14053600
2026-06-16,EFA,104.30999755859375,12047000
2026-06-17,EFA,103.77999877929688,20717600
2026-06-18,EFA,104.41000366210938,15466300
2026-06-22,EFA,104.58000183105469,9596200
2026-06-23,EFA,102.45999908447266,17425700
2026-06-24,EFA,102.26000213623047,12504200
2026-06-25,EFA,103.1500015258789,13135400
2026-06-26,EFA,102.54000091552734,21219200
2026-06-29,EFA,103.44999694824219,10788600
2026-06-30,EFA,103.87999725341797,16945900
2026-07-01,EFA,103.0199966430664,13487100
2026-07-02,EFA,104.37000274658203,12686000
2026-07-06,EFA,105.45999908447266,9803200
2026-07-07,EFA,104.16000366210938,10714800
2026-07-08,EFA,103.36000061035156,8642800
2024-11-18,GLD,241.08999633789062,6323400
2024-11-19,GLD,243.25,6579100
2024-11-20,GLD,244.6199951171875,6630700
2024-11-21,GLD,246.66000366210938,7646400
2024-11-22,GLD,249.83999633789062,7503000
2024-11-25,GLD,242.47999572753906,10733100
2024-11-26,GLD,242.9499969482422,4945900
2024-11-27,GLD,243.49000549316406,6930600
2024-11-29,GLD,245.58999633789062,2708500
2024-12-02,GLD,243.44000244140625,4765000
2024-12-03,GLD,243.92999267578125,3557800
2024-12-04,GLD,244.6699981689453,4608600
2024-12-05,GLD,242.86000061035156,4806200
2024-12-06,GLD,242.9499969482422,3540700
2024-12-09,GLD,245.36000061035156,4711500
2024-12-10,GLD,248.58999633789062,4642000
2024-12-11,GLD,250.9600067138672,11033800
2024-12-12,GLD,247.27999877929688,10149600
2024-12-13,GLD,244.2899932861328,6602600
2024-12-16,GLD,244.8800048828125,3310000
2024-12-17,GLD,243.94000244140625,4421300
2024-12-18,GLD,239.25999450683594,8015800
2024-12-19,GLD,239.60000610351562,8111400
2024-12-20,GLD,242.10000610351562,9527800
2024-12-23,GLD,240.9600067138672,5835500
2024-12-24,GLD,241.44000244140625,2421000
2024-12-26,GLD,243.07000732421875,4645100
2024-12-27,GLD,241.39999389648438,4728100
2024-12-30,GLD,240.6300048828125,3522500
2024-12-31,GLD,242.1300048828125,2522100
2025-01-02,GLD,245.4199981689453,6241900
2025-01-03,GLD,243.49000549316406,4872100
2025-01-06,GLD,243.19000244140625,3758900
2025-01-07,GLD,244.55999755859375,5090300
2025-01-08,GLD,245.86000061035156,6303300
2025-01-10,GLD,248.2100067138672,12380100
2025-01-13,GLD,245.74000549316406,8448600
2025-01-14,GLD,247.02999877929688,4914800
2025-01-15,GLD,248.8800048828125,6345000
2025-01-16,GLD,250.60000610351562,9236000
2025-01-17,GLD,249.27000427246094,8312900
2025-01-21,GLD,253.1300048828125,7668100
2025-01-22,GLD,254.42999267578125,5213800
2025-01-23,GLD,254.07000732421875,6511500
2025-01-24,GLD,255.64999389648438,7341300
2025-01-27,GLD,252.99000549316406,5799800
2025-01-28,GLD,255.17999267578125,5332000
2025-01-29,GLD,254.1999969482422,5671800
2025-01-30,GLD,258.04998779296875,12981200
2025-01-31,GLD,258.55999755859375,8961100
2025-02-03,GLD,259.94000244140625,11521100
2025-02-04,GLD,262.5,9850400
2025-02-05,GLD,264.1300048828125,12681100
2025-02-06,GLD,263.42999267578125,8731400
2025-02-07,GLD,263.8999938964844,9154000
2025-02-10,GLD,268.3699951171875,13250300
2025-02-11,GLD,267.3900146484375,7169500
2025-02-12,GLD,267.6700134277344,9328600
2025-02-13,GLD,270.30999755859375,8347500
2025-02-14,GLD,266.2900085449219,11546700
2025-02-18,GLD,270.70001220703125,8185900
2025-02-19,GLD,270.8500061035156,9342500
2025-02-20,GLD,270.989990234375,7356900
2025-02-21,GLD,270.739990234375,8917400
2025-02-24,GLD,272.2099914550781,5374400
2025-02-25,GLD,268.6199951171875,10079800
2025-02-26,GLD,269.0299987792969,7276000
2025-02-27,GLD,264.92999267578125,9374600
2025-02-28,GLD,263.2699890136719,11504500
2025-03-03,GLD,266.739990234375,7725600
2025-03-04,GLD,269.05999755859375,8481300
2025-03-05,GLD,269.6199951171875,6990400
2025-03-06,GLD,268.25,6136400
2025-03-07,GLD,268.3900146484375,10431200
2025-03-10,GLD,266.0400085449219,7593900
2025-03-11,GLD,269.1600036621094,8436600
2025-03-12,GLD,270.3299865722656,7236200
2025-03-13,GLD,275.1300048828125,13741500
2025-03-14,GLD,275.239990234375,13365000
2025-03-17,GLD,276.7300109863281,8583400
2025-03-18,GLD,279.9599914550781,9596500
2025-03-19,GLD,281.1099853515625,8822200
2025-03-20,GLD,280.75,5863300
2025-03-21,GLD,278.489990234375,9359300
2025-03-24,GLD,277.25,7870100
2025-03-25,GLD,278.4700012207031,5090200
2025-03-26,GLD,278.239990234375,3717500
2025-03-27,GLD,281.9700012207031,8476300
2025-03-28,GLD,284.05999755859375,9563700
2025-03-31,GLD,288.1400146484375,13925100
2025-04-01,GLD,287.57000732421875,15923600
2025-04-02,GLD,288.1600036621094,11074800
2025-04-03,GLD,286.4200134277344,20524400
2025-04-04,GLD,279.7200012207031,21517200
2025-04-07,GLD,273.7099914550781,19807000
2025-04-08,GLD,275.20001220703125,12639500
2025-04-09,GLD,285.3800048828125,25342200
2025-04-10,GLD,292.3500061035156,19837800
2025-04-11,GLD,297.92999267578125,21080100
2025-04-14,GLD,296.2300109863281,12427600
2025-04-15,GLD,297.7799987792969,7924100
2025-04-16,GLD,307.4700012207031,20778100
2025-04-17,GLD,306.1199951171875,18287800
2025-04-21,GLD,315.5899963378906,20372300
2025-04-22,GLD,311.1099853515625,35242300
2025-04-23,GLD,303.6499938964844,25421500
2025-04-24,GLD,308.07000732421875,10845000
2025-04-25,GLD,304.7300109863281,10691600
2025-04-28,GLD,309.07000732421875,9375500
2025-04-29,GLD,306.05999755859375,6852100
2025-04-30,GLD,303.7699890136719,8331900
2025-05-01,GLD,297.4599914550781,14969100
2025-05-02,GLD,297.9800109863281,8678400
2025-05-05,GLD,306.8800048828125,8924000
2025-05-06,GLD,315.4800109863281,11445300
2025-05-07,GLD,310.75,7888300
2025-05-08,GLD,304.6300048828125,11927600
2025-05-09,GLD,306.8399963378906,6913100
2025-05-12,GLD,298.19000244140625,14375900
2025-05-13,GLD,299.4599914550781,10233600
2025-05-14,GLD,293.1600036621094,14800600
2025-05-15,GLD,297.8399963378906,13497700
2025-05-16,GLD,294.239990234375,14173000
2025-05-19,GLD,298.0299987792969,11656300
2025-05-20,GLD,303.5799865722656,12851000
2025-05-21,GLD,305.82000732421875,12414500
2025-05-22,GLD,303.1099853515625,9704200
2025-05-23,GLD,309.75,13339500
2025-05-27,GLD,304.5,9578500
2025-05-28,GLD,303.80999755859375,8803300
2025-05-29,GLD,305.6099853515625,9487900
2025-05-30,GLD,303.6000061035156,9553300
2025-06-02,GLD,311.6700134277344,13593200
2025-06-03,GLD,308.9100036621094,9315100
2025-06-04,GLD,310.8999938964844,7462500
2025-06-05,GLD,309.3299865722656,10817800
2025-06-06,GLD,305.17999267578125,7787500
2025-06-09,GLD,306.6199951171875,7159000
2025-06-10,GLD,306.7099914550781,7071700
2025-06-11,GLD,308.3699951171875,9248800
2025-06-12,GLD,312.20001220703125,11531400
2025-06-13,GLD,316.2900085449219,16592900
2025-06-16,GLD,311.7799987792969,12848400
2025-06-17,GLD,311.94000244140625,8234100
2025-06-18,GLD,310.260009765625,9370800
2025-06-20,GLD,310.1300048828125,8794700
2025-06-23,GLD,311.0799865722656,12687900
2025-06-24,GLD,306.19000244140625,12035200
2025-06-25,GLD,307.1199951171875,6733200
2025-06-26,GLD,306.7799987792969,6787500
2025-06-27,GLD,301.2200012207031,13301300
2025-06-30,GLD,304.8299865722656,8192100
2025-07-01,GLD,307.54998779296875,9335600
2025-07-02,GLD,309.25,8316400
2025-07-03,GLD,307.1400146484375,5275800
2025-07-07,GLD,307.3699951171875,7351600
2025-07-08,GLD,304.1600036621094,11840500
2025-07-09,GLD,305.5199890136719,10644100
2025-07-10,GLD,306.20001220703125,7053700
2025-07-11,GLD,309.1400146484375,9187300
2025-07-14,GLD,308.010009765625,5772900
2025-07-15,GLD,306.7300109863281,8149000
2025-07-16,GLD,308.260009765625,17693100
2025-07-17,GLD,307.5899963378906,6642300
2025-07-18,GLD,308.3900146484375,5574300
2025-07-21,GLD,313.1300048828125,10995800
2025-07-22,GLD,316.1000061035156,13691800
2025-07-23,GLD,312.17999267578125,10547500
2025-07-24,GLD,310.2699890136719,7698800
2025-07-25,GLD,307.3999938964844,9376400
2025-07-28,GLD,305.4100036621094,9275400
2025-07-29,GLD,306.25,5741100
2025-07-30,GLD,300.9599914550781,13459600
2025-07-31,GLD,302.9599914550781,8981000
2025-08-01,GLD,309.1099853515625,12843400
2025-08-04,GLD,310.9100036621094,7639000
2025-08-05,GLD,311.1600036621094,6997700
2025-08-06,GLD,310.5,7418200
2025-08-07,GLD,313.1199951171875,10891500
2025-08-08,GLD,313.04998779296875,19886800
2025-08-11,GLD,308.54998779296875,10326700
2025-08-12,GLD,308.2699890136719,9697400
2025-08-13,GLD,309.2099914550781,4718600
2025-08-14,GLD,307.25,5817700
2025-08-15,GLD,307.42999267578125,5990100
2025-08-18,GLD,306.95001220703125,6150100
2025-08-19,GLD,305.2699890136719,5029900
2025-08-20,GLD,308.3599853515625,6515400
2025-08-21,GLD,307.2900085449219,4809000
2025-08-22,GLD,310.5799865722656,8526500
2025-08-25,GLD,309.8299865722656,4044400
2025-08-26,GLD,312.0799865722656,11698500
2025-08-27,GLD,312.7099914550781,4320100
2025-08-28,GLD,315.0299987792969,9610200
2025-08-29,GLD,318.07000732421875,15642600
2025-09-02,GLD,325.5899963378906,21247500
2025-09-03,GLD,328.1400146484375,16062200
2025-09-04,GLD,326.69000244140625,11703100
2025-09-05,GLD,331.04998779296875,16065200
2025-09-08,GLD,334.82000732421875,18617300
2025-09-09,GLD,334.05999755859375,21641900
2025-09-10,GLD,335.260009765625,11945700
2025-09-11,GLD,334.760009765625,9082600
2025-09-12,GLD,335.4200134277344,9619700
2025-09-15,GLD,338.9100036621094,10569900
2025-09-16,GLD,339.5899963378906,12161500
2025-09-17,GLD,336.9700012207031,16535300
2025-09-18,GLD,335.6199951171875,14913300
2025-09-19,GLD,339.17999267578125,14982600
2025-09-22,GLD,345.04998779296875,12386400
2025-09-23,GLD,346.4599914550781,18384000
2025-09-24,GLD,343.32000732421875,12709100
2025-09-25,GLD,344.75,12639600
2025-09-26,GLD,346.739990234375,11698200
2025-09-29,GLD,352.4599914550781,15719600
2025-09-30,GLD,355.4700012207031,13312400
2025-10-01,GLD,356.0299987792969,15573600
2025-10-02,GLD,354.7900085449219,16162100
2025-10-03,GLD,357.6400146484375,14464000
2025-10-06,GLD,364.3800048828125,17093700
2025-10-07,GLD,366.260009765625,16836800
2025-10-08,GLD,372.29998779296875,28052300
2025-10-09,GLD,365.42999267578125,33674800
2025-10-10,GLD,369.1199951171875,24192800
2025-10-13,GLD,378.0899963378906,18514400
2025-10-14,GLD,380.7900085449219,18409600
2025-10-15,GLD,387.3900146484375,20598300
2025-10-16,GLD,396.45001220703125,33621400
2025-10-17,GLD,388.989990234375,62025000
2025-10-20,GLD,403.1499938964844,34523000
2025-10-21,GLD,377.239990234375,54101400
2025-10-22,GLD,377.2799987792969,30524100
2025-10-23,GLD,378.7900085449219,13695500
2025-10-24,GLD,377.5199890136719,13263800
2025-10-27,GLD,367.010009765625,23657600
2025-10-28,GLD,364.3800048828125,19257600
2025-10-29,GLD,363.0,18891800
2025-10-30,GLD,370.1300048828125,14812800
2025-10-31,GLD,368.1199951171875,11077900
2025-11-03,GLD,368.7799987792969,7254300
2025-11-04,GLD,362.32000732421875,11540100
2025-11-05,GLD,366.510009765625,8357300
2025-11-06,GLD,366.07000732421875,6891100
2025-11-07,GLD,368.30999755859375,11060400
2025-11-10,GLD,378.3800048828125,13456200
2025-11-11,GLD,379.8699951171875,10753200
2025-11-12,GLD,385.989990234375,16203700
2025-11-13,GLD,382.8699951171875,15867900
2025-11-14,GLD,375.9599914550781,15198000
2025-11-17,GLD,371.6499938964844,13295200
2025-11-18,GLD,374.3500061035156,7818800
2025-11-19,GLD,374.9599914550781,10980400
2025-11-20,GLD,374.8500061035156,10506500
2025-11-21,GLD,374.2699890136719,13194600
2025-11-24,GLD,380.20001220703125,10085300
2025-11-25,GLD,380.0799865722656,10462800
2025-11-26,GLD,383.1199951171875,9184100
2025-11-28,GLD,387.8800048828125,7175400
2025-12-01,GLD,389.75,11177100
2025-12-02,GLD,387.239990234375,8103900
2025-12-03,GLD,386.8800048828125,7886800
2025-12-04,GLD,387.1300048828125,6754400
2025-12-05,GLD,386.44000244140625,9449800
2025-12-08,GLD,385.4200134277344,6822100
2025-12-09,GLD,387.3999938964844,6358700
2025-12-10,GLD,389.04998779296875,9120500
2025-12-11,GLD,393.239990234375,11240600
2025-12-12,GLD,395.44000244140625,16792100
2025-12-15,GLD,395.79998779296875,11345000
2025-12-16,GLD,395.8900146484375,9201600
2025-12-17,GLD,399.2900085449219,10456900
2025-12-18,GLD,398.57000732421875,11837600
2025-12-19,GLD,399.0199890136719,9894800
2025-12-22,GLD,408.2300109863281,14202100
2025-12-23,GLD,413.6400146484375,13193300
2025-12-24,GLD,411.92999267578125,6718400
2025-12-26,GLD,416.739990234375,10476200
2025-12-29,GLD,398.6000061035156,20679200
2025-12-30,GLD,398.8900146484375,10179000
2025-12-31,GLD,396.30999755859375,10194700
2026-01-02,GLD,398.2799987792969,10372600
2026-01-05,GLD,408.760009765625,13410600
2026-01-06,GLD,413.17999267578125,11640900
2026-01-07,GLD,409.2300109863281,10589500
2026-01-08,GLD,411.489990234375,8705900
2026-01-09,GLD,414.4700012207031,14011200
2026-01-12,GLD,422.2300109863281,20904100
2026-01-13,GLD,421.6300048828125,16681200
2026-01-14,GLD,425.94000244140625,18305500
2026-01-15,GLD,423.3299865722656,14253200
2026-01-16,GLD,421.2900085449219,20951600
2026-01-20,GLD,437.2300109863281,21308100
2026-01-21,GLD,443.6000061035156,38830200
2026-01-22,GLD,451.7900085449219,19251200
2026-01-23,GLD,458.0,21531900
2026-01-26,GLD,464.70001220703125,34156000
2026-01-27,GLD,476.1000061035156,28386200
2026-01-28,GLD,494.55999755859375,44154600
2026-01-29,GLD,495.8999938964844,69970900
2026-01-30,GLD,444.95001220703125,86593500
2026-02-02,GLD,427.1300048828125,41626200
2026-02-03,GLD,454.2900085449219,28703500
2026-02-04,GLD,453.9700012207031,24427900
2026-02-05,GLD,441.8800048828125,17718100
2026-02-06,GLD,455.4599914550781,12663900
2026-02-09,GLD,467.0299987792969,12330900
2026-02-10,GLD,462.3999938964844,7861600
2026-02-11,GLD,467.6300048828125,11209600
2026-02-12,GLD,451.3900146484375,20488800
2026-02-13,GLD,462.6199951171875,12359300
2026-02-17,GLD,448.20001220703125,10976100
2026-02-18,GLD,458.2799987792969,10226300
2026-02-19,GLD,459.55999755859375,8411400
2026-02-20,GLD,468.6199951171875,14316300
2026-02-23,GLD,481.2799987792969,17441600
2026-02-24,GLD,474.6099853515625,14147100
2026-02-25,GLD,473.4200134277344,12954300
2026-02-26,GLD,477.4800109863281,12375000
2026-02-27,GLD,483.75,16795100
2026-03-02,GLD,490.0,19916600
2026-03-03,GLD,468.1400146484375,22591500
2026-03-04,GLD,471.79998779296875,9985900
2026-03-05,GLD,466.1300048828125,11674800
2026-03-06,GLD,473.510009765625,10489800
2026-03-09,GLD,472.5299987792969,8829800
2026-03-10,GLD,477.8599853515625,9616800
2026-03-11,GLD,476.239990234375,7522900
2026-03-12,GLD,466.8800048828125,11900600
2026-03-13,GLD,460.8399963378906,11741600
2026-03-16,GLD,460.42999267578125,8964100
2026-03-17,GLD,459.2699890136719,7610100
2026-03-18,GLD,444.739990234375,18375600
2026-03-19,GLD,426.4100036621094,30206000
2026-03-20,GLD,413.3800048828125,27204900
2026-03-23,GLD,404.0400085449219,36796800
2026-03-24,GLD,404.1300048828125,17478500
2026-03-25,GLD,416.2900085449219,15713200
2026-03-26,GLD,400.6400146484375,15756300
2026-03-27,GLD,414.70001220703125,16580700
2026-03-30,GLD,414.5799865722656,13172100
2026-03-31,GLD,430.2900085449219,14534300
2026-04-01,GLD,437.82000732421875,14133100
2026-04-02,GLD,429.4100036621094,10838600
2026-04-06,GLD,427.6499938964844,5417300
2026-04-07,GLD,431.80999755859375,7263500
2026-04-08,GLD,434.5299987792969,9689700
2026-04-09,GLD,437.9100036621094,6748500
2026-04-10,GLD,437.1300048828125,6193300
2026-04-13,GLD,435.3599853515625,5549400
2026-04-14,GLD,445.0899963378906,8731700
2026-04-15,GLD,440.4599914550781,6455900
2026-04-16,GLD,440.0799865722656,5350100
2026-04-17,GLD,445.92999267578125,9712000
2026-04-20,GLD,442.0899963378906,8473000
2026-04-21,GLD,429.57000732421875,9480000
2026-04-22,GLD,435.260009765625,5178100
2026-04-23,GLD,431.0400085449219,4976400
2026-04-24,GLD,433.25,5924100
2026-04-27,GLD,429.8900146484375,6105200
2026-04-28,GLD,421.9100036621094,7723400
2026-04-29,GLD,417.4100036621094,6452600
2026-04-30,GLD,423.6600036621094,6732800
2026-05-01,GLD,423.17999267578125,5911500
2026-05-04,GLD,414.7099914550781,7285700
2026-05-05,GLD,418.2699890136719,4279900
2026-05-06,GLD,430.9599914550781,7013900
2026-05-07,GLD,431.67999267578125,6816200
2026-05-08,GLD,433.7699890136719,5380800
2026-05-11,GLD,434.6499938964844,5569100
2026-05-12,GLD,432.92999267578125,6660900
2026-05-13,GLD,430.5,4180300
2026-05-14,GLD,427.2099914550781,4021400
2026-05-15,GLD,417.2900085449219,9360400
2026-05-18,GLD,418.42999267578125,5628300
2026-05-19,GLD,411.5,5419400
2026-05-20,GLD,417.3999938964844,6005000
2026-05-21,GLD,416.989990234375,4679900
2026-05-22,GLD,413.82000732421875,5528400
2026-05-26,GLD,414.0,5098400
2026-05-27,GLD,408.489990234375,6624600
2026-05-28,GLD,412.7699890136719,7184100
2026-05-29,GLD,417.1199951171875,7705700
2026-06-01,GLD,411.260009765625,6158900
2026-06-02,GLD,411.95001220703125,3823900
2026-06-03,GLD,407.8699951171875,5038000
2026-06-04,GLD,411.2699890136719,4646500
2026-06-05,GLD,396.239990234375,11473900
2026-06-08,GLD,397.2699890136719,8057300
2026-06-09,GLD,390.7799987792969,9567300
2026-06-10,GLD,374.5799865722656,13956200
2026-06-11,GLD,386.32000732421875,12622500
2026-06-12,GLD,386.5400085449219,7532600
2026-06-15,GLD,396.54998779296875,10477100
2026-06-16,GLD,397.6300048828125,6004000
2026-06-17,GLD,388.6000061035156,13343000
2026-06-18,GLD,387.1199951171875,7627300
2026-06-22,GLD,384.5899963378906,7835100
2026-06-23,GLD,377.32000732421875,7389600
2026-06-24,GLD,365.9200134277344,12741700
2026-06-25,GLD,369.4599914550781,9137100
2026-06-26,GLD,373.6300048828125,5603300
2026-06-29,GLD,368.5799865722656,5006300
2026-06-30,GLD,368.3800048828125,5302100
2026-07-01,GLD,370.6000061035156,9058300
2026-07-02,GLD,378.1300048828125,7592900
2026-07-06,GLD,382.1300048828125,3906500
2026-07-07,GLD,377.489990234375,4815400
2026-07-08,GLD,374.45001220703125,7728500
2024-11-18,IEF,93.52999877929688,4788200
2024-11-19,IEF,93.7300033569336,4951500
2024-11-20,IEF,93.58999633789062,5752900
2024-11-21,IEF,93.54000091552734,5098200
2024-11-22,IEF,93.5999984741211,5373900
2024-11-25,IEF,94.61000061035156,7716000
2024-11-26,IEF,94.41000366210938,5093100
2024-11-27,IEF,94.79000091552734,5587600
2024-11-29,IEF,95.19000244140625,5136200
2024-12-02,IEF,94.88999938964844,5950600
2024-12-03,IEF,94.62000274658203,5364800
2024-12-04,IEF,94.9800033569336,5908800
2024-12-05,IEF,94.97000122070312,5210300
2024-12-06,IEF,95.2699966430664,6880200
2024-12-09,IEF,94.94000244140625,4303100
2024-12-10,IEF,94.7699966430664,3543400
2024-12-11,IEF,94.48999786376953,6452800
2024-12-12,IEF,94.12999725341797,4518000
2024-12-13,IEF,93.69000244140625,5230100
2024-12-16,IEF,93.72000122070312,4607600
2024-12-17,IEF,93.72000122070312,4881100
2024-12-18,IEF,92.69000244140625,11553900
2024-12-19,IEF,92.2699966430664,9273800
2024-12-20,IEF,92.61000061035156,6070900
2024-12-23,IEF,92.19999694824219,5954500
2024-12-24,IEF,92.25,3076100
2024-12-26,IEF,92.31999969482422,3703300
2024-12-27,IEF,92.08000183105469,3752500
2024-12-30,IEF,92.62000274658203,4797700
2024-12-31,IEF,92.44999694824219,5856000
2025-01-02,IEF,92.5,5034800
2025-01-03,IEF,92.3499984741211,2863700
2025-01-06,IEF,92.26000213623047,3894600
2025-01-07,IEF,91.83999633789062,5524400
2025-01-08,IEF,92.0,6402900
2025-01-10,IEF,91.33000183105469,8210900
2025-01-13,IEF,91.16999816894531,5094300
2025-01-14,IEF,91.19999694824219,4365500
2025-01-15,IEF,92.16000366210938,7846600
2025-01-16,IEF,92.37999725341797,7550900
2025-01-17,IEF,92.44999694824219,3912800
2025-01-21,IEF,92.76000213623047,4431300
2025-01-22,IEF,92.5199966430664,3656400
2025-01-23,IEF,92.27999877929688,4860900
2025-01-24,IEF,92.47000122070312,4468700
2025-01-27,IEF,93.06999969482422,4297100
2025-01-28,IEF,93.08000183105469,3906600
2025-01-29,IEF,92.97000122070312,4918400
2025-01-30,IEF,93.16999816894531,4365600
2025-01-31,IEF,93.0199966430664,6277400
2025-02-03,IEF,92.79000091552734,8294000
2025-02-04,IEF,93.0199966430664,6742300
2025-02-05,IEF,93.55999755859375,6576300
2025-02-06,IEF,93.44999694824219,5268500
2025-02-07,IEF,93.13999938964844,4565300
2025-02-10,IEF,93.12000274658203,3229100
2025-02-11,IEF,92.87999725341797,3379500
2025-02-12,IEF,92.23999786376953,7280200
2025-02-13,IEF,92.93000030517578,6121900
2025-02-14,IEF,93.31999969482422,5157900
2025-02-18,IEF,92.81999969482422,4484100
2025-02-19,IEF,92.97000122070312,4607000
2025-02-20,IEF,93.16000366210938,7545400
2025-02-21,IEF,93.70999908447266,6156500
2025-02-24,IEF,93.91000366210938,4109500
2025-02-25,IEF,94.6500015258789,7697100
2025-02-26,IEF,94.91000366210938,7379800
2025-02-27,IEF,94.80000305175781,5907900
2025-02-28,IEF,95.31999969482422,11831500
2025-03-03,IEF,95.38999938964844,9637400
2025-03-04,IEF,95.08999633789062,12745500
2025-03-05,IEF,94.55999755859375,15590000
2025-03-06,IEF,94.51000213623047,9318900
2025-03-07,IEF,94.38999938964844,9210200
2025-03-10,IEF,95.05000305175781,7698500
2025-03-11,IEF,94.70999908447266,10408600
2025-03-12,IEF,94.43000030517578,7610300
2025-03-13,IEF,94.80999755859375,6902300
2025-03-14,IEF,94.4800033569336,4390900
2025-03-17,IEF,94.55999755859375,6734000
2025-03-18,IEF,94.66999816894531,8993300
2025-03-19,IEF,94.95999908447266,5854500
2025-03-20,IEF,95.0999984741211,4409100
2025-03-21,IEF,95.0199966430664,4919600
2025-03-24,IEF,94.47000122070312,4823500
2025-03-25,IEF,94.62999725341797,6825800
2025-03-26,IEF,94.41000366210938,8281700
2025-03-27,IEF,94.33000183105469,5085100
2025-03-28,IEF,95.08999633789062,6224500
2025-03-31,IEF,95.37000274658203,13255800
2025-04-01,IEF,95.4000015258789,18128800
2025-04-02,IEF,95.30999755859375,7635900
2025-04-03,IEF,96.29000091552734,18188000
2025-04-04,IEF,96.55999755859375,27006500
2025-04-07,IEF,95.41000366210938,68670600
2025-04-08,IEF,94.93000030517578,19508000
2025-04-09,IEF,94.62999725341797,24170800
2025-04-10,IEF,94.04000091552734,12093800
2025-04-11,IEF,93.51000213623047,55446600
2025-04-14,IEF,94.26000213623047,12630900
2025-04-15,IEF,94.54000091552734,7708100
2025-04-16,IEF,94.94999694824219,8708400
2025-04-17,IEF,94.68000030517578,6987000
2025-04-21,IEF,94.16999816894531,4901300
2025-04-22,IEF,94.23999786376953,5233000
2025-04-23,IEF,94.33999633789062,8041300
2025-04-24,IEF,94.8499984741211,7308900
2025-04-25,IEF,95.20999908447266,5341300
2025-04-28,IEF,95.58999633789062,4950500
2025-04-29,IEF,95.91999816894531,5350200
2025-04-30,IEF,96.06999969482422,13923200
2025-05-01,IEF,95.33999633789062,13703300
2025-05-02,IEF,94.69999694824219,9331600
2025-05-05,IEF,94.52999877929688,10089400
2025-05-06,IEF,94.7699966430664,6081200
2025-05-07,IEF,95.0199966430664,9471100
2025-05-08,IEF,94.27999877929688,6409000
2025-05-09,IEF,94.3499984741211,3698700
2025-05-12,IEF,93.75,9483700
2025-05-13,IEF,93.68000030517578,13166800
2025-05-14,IEF,93.33000183105469,6994700
2025-05-15,IEF,93.94000244140625,9024900
2025-05-16,IEF,93.97000122070312,6819200
2025-05-19,IEF,93.91999816894531,11704900
2025-05-20,IEF,93.80000305175781,8929600
2025-05-21,IEF,93.1500015258789,11383500
2025-05-22,IEF,93.5,10981200
2025-05-23,IEF,93.7699966430664,9860700
2025-05-27,IEF,94.16000366210938,10834400
2025-05-28,IEF,93.9000015258789,8591500
2025-05-29,IEF,94.29000091552734,9679100
2025-05-30,IEF,94.56999969482422,10268600
2025-06-02,IEF,93.94000244140625,13341900
2025-06-03,IEF,93.8499984741211,8508900
2025-06-04,IEF,94.54000091552734,10115900
2025-06-05,IEF,94.26000213623047,8762800
2025-06-06,IEF,93.51000213623047,7624200
2025-06-09,IEF,93.68000030517578,6061200
2025-06-10,IEF,93.83999633789062,5579900
2025-06-11,IEF,94.2300033569336,6594900
2025-06-12,IEF,94.63999938964844,7795400
2025-06-13,IEF,94.29000091552734,9195200
2025-06-16,IEF,94.0199966430664,7508400
2025-06-17,IEF,94.4800033569336,5285000
2025-06-18,IEF,94.54000091552734,6732400
2025-06-20,IEF,94.5999984741211,6261700
2025-06-23,IEF,94.93000030517578,9310300
2025-06-24,IEF,95.26000213623047,7694500
2025-06-25,IEF,95.30000305175781,6393300
2025-06-26,IEF,95.63999938964844,7131900
2025-06-27,IEF,95.38999938964844,8402400
2025-06-30,IEF,95.7699966430664,10542300
2025-07-01,IEF,95.29000091552734,10659800
2025-07-02,IEF,95.08999633789062,6026200
2025-07-03,IEF,94.76000213623047,7398900
2025-07-07,IEF,94.45999908447266,8518600
2025-07-08,IEF,94.31999969482422,5282800
2025-07-09,IEF,94.80999755859375,6900800
2025-07-10,IEF,94.76000213623047,4451900
2025-07-11,IEF,94.31999969482422,6004300
2025-07-14,IEF,94.27999877929688,5101600
2025-07-15,IEF,93.91000366210938,5628100
2025-07-16,IEF,94.16999816894531,12786300
2025-07-17,IEF,94.13999938964844,4747200
2025-07-18,IEF,94.4000015258789,4035000
2025-07-21,IEF,94.7300033569336,5232300
2025-07-22,IEF,95.0,6098000
2025-07-23,IEF,94.66000366210938,5074000
2025-07-24,IEF,94.5199966430664,5867400
2025-07-25,IEF,94.73999786376953,3614000
2025-07-28,IEF,94.52999877929688,5073200
2025-07-29,IEF,95.1500015258789,7864000
2025-07-30,IEF,94.81999969482422,7425600
2025-07-31,IEF,94.9000015258789,10411800
2025-08-01,IEF,95.68000030517578,11870100
2025-08-04,IEF,95.80999755859375,8449500
2025-08-05,IEF,95.73999786376953,8218700
2025-08-06,IEF,95.66999816894531,10107500
2025-08-07,IEF,95.5999984741211,5725900
2025-08-08,IEF,95.37999725341797,5623800
2025-08-11,IEF,95.41000366210938,4920200
2025-08-12,IEF,95.38999938964844,6724600
2025-08-13,IEF,95.7300033569336,5925200
2025-08-14,IEF,95.41999816894531,5527500
2025-08-15,IEF,95.2300033569336,7428500
2025-08-18,IEF,95.13999938964844,9669600
2025-08-19,IEF,95.37999725341797,6499300
2025-08-20,IEF,95.5199966430664,6270700
2025-08-21,IEF,95.23999786376953,5351300
2025-08-22,IEF,95.7699966430664,10867700
2025-08-25,IEF,95.58000183105469,9936400
2025-08-26,IEF,95.83000183105469,5871200
2025-08-27,IEF,96.01000213623047,5222800
2025-08-28,IEF,96.2300033569336,6544700
2025-08-29,IEF,96.1500015258789,6818900
2025-09-02,IEF,95.55000305175781,8623200
2025-09-03,IEF,95.87999725341797,7586100
2025-09-04,IEF,96.30999755859375,6395300
2025-09-05,IEF,96.77999877929688,9566300
2025-09-08,IEF,97.08000183105469,7599600
2025-09-09,IEF,96.8499984741211,8223100
2025-09-10,IEF,97.11000061035156,8864500
2025-09-11,IEF,97.26000213623047,8554300
2025-09-12,IEF,96.9800033569336,36502700
2025-09-15,IEF,97.13999938964844,4990100
2025-09-16,IEF,97.19999694824219,5847700
2025-09-17,IEF,96.98999786376953,10701700
2025-09-18,IEF,96.66999816894531,7589200
2025-09-19,IEF,96.62999725341797,5528800
2025-09-22,IEF,96.47000122070312,5282700
2025-09-23,IEF,96.73999786376953,7077500
2025-09-24,IEF,96.4800033569336,5419700
2025-09-25,IEF,96.2699966430664,6517500
2025-09-26,IEF,96.22000122070312,7295300
2025-09-29,IEF,96.5,6357500
2025-09-30,IEF,96.45999908447266,9257800
2025-10-01,IEF,96.48999786376953,8347000
2025-10-02,IEF,96.58999633789062,9420600
2025-10-03,IEF,96.4000015258789,5154300
2025-10-06,IEF,96.12000274658203,6319600
2025-10-07,IEF,96.36000061035156,5119900
2025-10-08,IEF,96.37999725341797,5141900
2025-10-09,IEF,96.30999755859375,7130600
2025-10-10,IEF,96.91000366210938,10417700
2025-10-13,IEF,96.95999908447266,5607600
2025-10-14,IEF,97.20999908447266,7650600
2025-10-15,IEF,97.0999984741211,7769300
2025-10-16,IEF,97.55000305175781,11627200
2025-10-17,IEF,97.38999938964844,12491000
2025-10-20,IEF,97.5199966430664,10437800
2025-10-21,IEF,97.69999694824219,7642000
2025-10-22,IEF,97.72000122070312,6523500
2025-10-23,IEF,97.4000015258789,6138300
2025-10-24,IEF,97.48999786376953,7555200
2025-10-27,IEF,97.48999786376953,7272300
2025-10-28,IEF,97.58000183105469,5539600
2025-10-29,IEF,96.94999694824219,11223300
2025-10-30,IEF,96.80999755859375,8958800
2025-10-31,IEF,96.8499984741211,9739900
2025-11-03,IEF,96.5,8012500
2025-11-04,IEF,96.62000274658203,6119000
2025-11-05,IEF,96.16000366210938,11749200
2025-11-06,IEF,96.6500015258789,7665000
2025-11-07,IEF,96.69000244140625,11460300
2025-11-10,IEF,96.55999755859375,9097300
2025-11-11,IEF,96.86000061035156,4937700
2025-11-12,IEF,96.87999725341797,7188200
2025-11-13,IEF,96.5999984741211,46965300
2025-11-14,IEF,96.44000244140625,11288500
2025-11-17,IEF,96.55000305175781,6648500
2025-11-18,IEF,96.70999908447266,8769000
2025-11-19,IEF,96.63999938964844,13075900
2025-11-20,IEF,96.87000274658203,9076400
2025-11-21,IEF,97.19000244140625,12551100
2025-11-24,IEF,97.33999633789062,6903900
2025-11-25,IEF,97.58999633789062,9193400
2025-11-26,IEF,97.66999816894531,7747100
2025-11-28,IEF,97.5,7798000
2025-12-01,IEF,96.69000244140625,9898100
2025-12-02,IEF,96.7699966430664,7317200
2025-12-03,IEF,96.97000122070312,6855100
2025-12-04,IEF,96.66999816894531,8928900
2025-12-05,IEF,96.47000122070312,9118700
2025-12-08,IEF,96.2699966430664,14728300
2025-12-09,IEF,96.12999725341797,8509200
2025-12-10,IEF,96.44000244140625,13356900
2025-12-11,IEF,96.44999694824219,8672800
2025-12-12,IEF,96.19000244140625,8348700
2025-12-15,IEF,96.2699966430664,6117000
2025-12-16,IEF,96.54000091552734,7456400
2025-12-17,IEF,96.5199966430664,5673200
2025-12-18,IEF,96.7699966430664,7357600
2025-12-19,IEF,96.23999786376953,5806600
2025-12-22,IEF,96.13999938964844,4672800
2025-12-23,IEF,96.0999984741211,5093900
2025-12-24,IEF,96.3499984741211,3967700
2025-12-26,IEF,96.44000244140625,3491500
2025-12-29,IEF,96.58000183105469,5034600
2025-12-30,IEF,96.4800033569336,4108600
2025-12-31,IEF,96.16000366210938,6802100
2026-01-02,IEF,96.08000183105469,6611800
2026-01-05,IEF,96.37000274658203,8693200
2026-01-06,IEF,96.30000305175781,12834100
2026-01-07,IEF,96.4800033569336,7990900
2026-01-08,IEF,96.19000244140625,6931700
2026-01-09,IEF,96.30000305175781,10277300
2026-01-12,IEF,96.18000030517578,6360600
2026-01-13,IEF,96.30000305175781,7622500
2026-01-14,IEF,96.5,7331200
2026-01-15,IEF,96.30000305175781,6172500
2026-01-16,IEF,95.93000030517578,11979300
2026-01-20,IEF,95.55000305175781,13607700
2026-01-21,IEF,95.80000305175781,11969000
2026-01-22,IEF,95.79000091552734,10209500
2026-01-23,IEF,95.94999694824219,8147500
2026-01-26,IEF,96.08999633789062,6803800
2026-01-27,IEF,95.9800033569336,9857200
2026-01-28,IEF,95.9000015258789,17032400
2026-01-29,IEF,96.0,11049100
2026-01-30,IEF,95.94000244140625,8238500
2026-02-02,IEF,95.44000244140625,8987100
2026-02-03,IEF,95.52999877929688,7313800
2026-02-04,IEF,95.51000213623047,7268600
2026-02-05,IEF,96.06999969482422,12086800
2026-02-06,IEF,96.06999969482422,7759900
2026-02-09,IEF,96.08999633789062,8165100
2026-02-10,IEF,96.51000213623047,9752300
2026-02-11,IEF,96.23999786376953,9106600
2026-02-12,IEF,96.83000183105469,13099900
2026-02-13,IEF,97.20999908447266,11681500
2026-02-17,IEF,97.19999694824219,8623800
2026-02-18,IEF,97.0,7778800
2026-02-19,IEF,97.08999633789062,4993000
2026-02-20,IEF,97.08999633789062,11200200
2026-02-23,IEF,97.44000244140625,9862900
2026-02-24,IEF,97.41999816894531,9493300
2026-02-25,IEF,97.33999633789062,8762700
2026-02-26,IEF,97.5999984741211,8177300
2026-02-27,IEF,97.98999786376953,9970300
2026-03-02,IEF,97.12000274658203,17709600
2026-03-03,IEF,97.01000213623047,13708500
2026-03-04,IEF,96.80999755859375,12535500
2026-03-05,IEF,96.51000213623047,12599700
2026-03-06,IEF,96.44999694824219,12758200
2026-03-09,IEF,96.75,12134400
2026-03-10,IEF,96.44000244140625,10571300
2026-03-11,IEF,96.0,12197600
2026-03-12,IEF,95.69000244140625,11401400
2026-03-13,IEF,95.58999633789062,11839700
2026-03-16,IEF,96.0199966430664,9092100
2026-03-17,IEF,96.19000244140625,7209700
2026-03-18,IEF,95.75,13048700
2026-03-19,IEF,95.73999786376953,18464600
2026-03-20,IEF,94.87999725341797,20761500
2026-03-23,IEF,95.18000030517578,28336300
2026-03-24,IEF,94.86000061035156,19785600
2026-03-25,IEF,95.36000061035156,15939200
2026-03-26,IEF,94.58999633789062,12897300
2026-03-27,IEF,94.5999984741211,11401900
2026-03-30,IEF,95.2699966430664,15430000
2026-03-31,IEF,95.44000244140625,18649700
2026-04-01,IEF,95.04000091552734,13557600
2026-04-02,IEF,95.26000213623047,13171300
2026-04-06,IEF,95.01000213623047,6104900
2026-04-07,IEF,95.25,6737500
2026-04-08,IEF,95.45999908447266,12107400
2026-04-09,IEF,95.43000030517578,11065900
2026-04-10,IEF,95.2699966430664,4404800
2026-04-13,IEF,95.4800033569336,4300200
2026-04-14,IEF,95.79000091552734,5239800
2026-04-15,IEF,95.58000183105469,5592900
2026-04-16,IEF,95.41000366210938,6618900
2026-04-17,IEF,95.93000030517578,6912900
2026-04-20,IEF,95.83999633789062,3868800
2026-04-21,IEF,95.41999816894531,4872900
2026-04-22,IEF,95.5199966430664,4121400
2026-04-23,IEF,95.37000274658203,6795600
2026-04-24,IEF,95.55999755859375,5490000
2026-04-27,IEF,95.33999633789062,4055500
2026-04-28,IEF,95.25,4867700
2026-04-29,IEF,94.80000305175781,7200300
2026-04-30,IEF,94.9800033569336,10382400
2026-05-01,IEF,94.73999786376953,5359200
2026-05-04,IEF,94.38999938964844,6593900
2026-05-05,IEF,94.52999877929688,11281600
2026-05-06,IEF,95.0,9031100
2026-05-07,IEF,94.70999908447266,5610100
2026-05-08,IEF,94.95999908447266,3215100
2026-05-11,IEF,94.63999938964844,4025400
2026-05-12,IEF,94.31999969482422,5686700
2026-05-13,IEF,94.31999969482422,3459200
2026-05-14,IEF,94.26000213623047,5167300
2026-05-15,IEF,93.51000213623047,12498700
2026-05-18,IEF,93.47000122070312,8422900
2026-05-19,IEF,93.11000061035156,10069800
2026-05-20,IEF,93.73999786376953,14892500
2026-05-21,IEF,93.80000305175781,7762000
2026-05-22,IEF,93.87999725341797,6321900
2026-05-26,IEF,94.27999877929688,5494400
2026-05-27,IEF,94.31999969482422,5958800
2026-05-28,IEF,94.54000091552734,5938300
2026-05-29,IEF,94.6500015258789,9639700
2026-06-01,IEF,94.16999816894531,8054100
2026-06-02,IEF,94.23999786376953,15426600
2026-06-03,IEF,94.0,7056500
2026-06-04,IEF,94.12000274658203,4417900
2026-06-05,IEF,93.62000274658203,9880800
2026-06-08,IEF,93.5199966430664,5352200
2026-06-09,IEF,93.77999877929688,8007300
2026-06-10,IEF,93.69000244140625,5804900
2026-06-11,IEF,94.33999633789062,11281600
2026-06-12,IEF,94.18000030517578,8861800
2026-06-15,IEF,94.27999877929688,3787600
2026-06-16,IEF,94.5199966430664,4675000
2026-06-17,IEF,94.0199966430664,11508300
2026-06-18,IEF,94.36000061035156,6836500
2026-06-22,IEF,94.0,4572200
2026-06-23,IEF,94.12000274658203,6504600
2026-06-24,IEF,94.7300033569336,5179800
2026-06-25,IEF,94.79000091552734,5630500
2026-06-26,IEF,95.02999877929688,5584100
2026-06-29,IEF,95.05999755859375,5901500
2026-06-30,IEF,94.56999969482422,8034000
2026-07-01,IEF,94.02999877929688,7890500
2026-07-02,IEF,94.12000274658203,7605500
2026-07-06,IEF,94.18000030517578,4600500
2026-07-07,IEF,93.69999694824219,5813600
2026-07-08,IEF,93.51000213623047,5509600
2024-11-18,IJS,111.93000030517578,257200
2024-11-19,IJS,112.0,221600
2024-11-20,IJS,111.9000015258789,239400
2024-11-21,IJS,113.72000122070312,355200
2024-11-22,IJS,115.66000366210938,233600
2024-11-25,IJS,118.05000305175781,281600
2024-11-26,IJS,116.97000122070312,208200
2024-11-27,IJS,117.11000061035156,178300
2024-11-29,IJS,117.16000366210938,108700
2024-12-02,IJS,117.58000183105469,869300
2024-12-03,IJS,116.55999755859375,266100
2024-12-04,IJS,117.12000274658203,327300
2024-12-05,IJS,115.68000030517578,144700
2024-12-06,IJS,115.9000015258789,206400
2024-12-09,IJS,116.12000274658203,243100
2024-12-10,IJS,115.66000366210938,184400
2024-12-11,IJS,116.25,101000
2024-12-12,IJS,115.51000213623047,129300
2024-12-13,IJS,114.87000274658203,144800
2024-12-16,IJS,115.20999908447266,106100
2024-12-17,IJS,113.04000091552734,230900
2024-12-18,IJS,108.3499984741211,352100
2024-12-19,IJS,107.94999694824219,298100
2024-12-20,IJS,108.86000061035156,702700
2024-12-23,IJS,108.61000061035156,262700
2024-12-24,IJS,109.38999938964844,95000
2024-12-26,IJS,110.19999694824219,147000
2024-12-27,IJS,108.87999725341797,240200
2024-12-30,IJS,108.19000244140625,284800
2024-12-31,IJS,108.61000061035156,213100
2025-01-02,IJS,108.13999938964844,4458400
2025-01-03,IJS,109.04000091552734,763000
2025-01-06,IJS,108.93000030517578,726200
2025-01-07,IJS,108.25,392100
2025-01-08,IJS,107.95999908447266,270800
2025-01-10,IJS,105.80999755859375,368900
2025-01-13,IJS,106.44999694824219,355800
2025-01-14,IJS,108.0,220600
2025-01-15,IJS,109.6500015258789,239000
2025-01-16,IJS,109.97000122070312,248000
2025-01-17,IJS,110.45999908447266,207400
2025-01-21,IJS,112.2300033569336,234300
2025-01-22,IJS,111.16999816894531,195500
2025-01-23,IJS,111.51000213623047,367100
2025-01-24,IJS,111.5999984741211,153000
2025-01-27,IJS,111.91000366210938,226200
2025-01-28,IJS,111.29000091552734,309900
2025-01-29,IJS,110.55999755859375,220600
2025-01-30,IJS,111.51000213623047,217500
2025-01-31,IJS,110.47000122070312,209500
2025-02-03,IJS,108.5199966430664,802700
2025-02-04,IJS,109.81999969482422,241800
2025-02-05,IJS,110.58000183105469,191400
2025-02-06,IJS,110.37000274658203,217900
2025-02-07,IJS,108.55000305175781,230400
2025-02-10,IJS,108.73999786376953,223100
2025-02-11,IJS,109.25,206100
2025-02-12,IJS,107.58000183105469,202000
2025-02-13,IJS,109.01000213623047,170100
2025-02-14,IJS,108.93000030517578,149300
2025-02-18,IJS,109.6500015258789,237100
2025-02-19,IJS,109.12000274658203,157600
2025-02-20,IJS,108.25,164000
2025-02-21,IJS,105.97000122070312,230300
2025-02-24,IJS,105.56999969482422,312500
2025-02-25,IJS,105.75,270600
2025-02-26,IJS,105.12999725341797,163700
2025-02-27,IJS,103.83000183105469,180400
2025-02-28,IJS,104.51000213623047,287200
2025-03-03,IJS,101.95999908447266,786700
2025-03-04,IJS,100.25,947000
2025-03-05,IJS,101.44000244140625,309200
2025-03-06,IJS,100.6500015258789,176300
2025-03-07,IJS,101.48999786376953,253100
2025-03-10,IJS,99.18000030517578,2743000
2025-03-11,IJS,98.19000244140625,898200
2025-03-12,IJS,97.58999633789062,321800
2025-03-13,IJS,96.30000305175781,369000
2025-03-14,IJS,98.4000015258789,239100
2025-03-17,IJS,99.58999633789062,207600
2025-03-18,IJS,98.75,155100
2025-03-19,IJS,99.73999786376953,194200
2025-03-20,IJS,99.41000366210938,152800
2025-03-21,IJS,98.54000091552734,196700
2025-03-24,IJS,100.6500015258789,217400
2025-03-25,IJS,100.04000091552734,158500
2025-03-26,IJS,99.87000274658203,250400
2025-03-27,IJS,99.5,198000
2025-03-28,IJS,97.19000244140625,187200
2025-03-31,IJS,97.4800033569336,259900
2025-04-01,IJS,97.62000274658203,756200
2025-04-02,IJS,99.08000183105469,574600
2025-04-03,IJS,91.69999694824219,531600
2025-04-04,IJS,87.79000091552734,1515900
2025-04-07,IJS,86.2699966430664,1248100
2025-04-08,IJS,83.54000091552734,916100
2025-04-09,IJS,90.69999694824219,865700
2025-04-10,IJS,86.13999938964844,507300
2025-04-11,IJS,86.9800033569336,483700
2025-04-14,IJS,88.19999694824219,507300
2025-04-15,IJS,87.75,448700
2025-04-16,IJS,86.9800033569336,465700
2025-04-17,IJS,88.0199966430664,557000
2025-04-21,IJS,86.54000091552734,557000
2025-04-22,IJS,88.69000244140625,455800
2025-04-23,IJS,89.61000061035156,479400
2025-04-24,IJS,91.55000305175781,340700
2025-04-25,IJS,91.41999816894531,195600
2025-04-28,IJS,91.88999938964844,446600
2025-04-29,IJS,92.41999816894531,222100
2025-04-30,IJS,91.81999969482422,435600
2025-05-01,IJS,92.05999755859375,418800
2025-05-02,IJS,93.87000274658203,286500
2025-05-05,IJS,92.98999786376953,318800
2025-05-06,IJS,92.37999725341797,493200
2025-05-07,IJS,92.41000366210938,248800
2025-05-08,IJS,94.55000305175781,237000
2025-05-09,IJS,94.5199966430664,262200
2025-05-12,IJS,98.44000244140625,220700
2025-05-13,IJS,98.75,186100
2025-05-14,IJS,97.69999694824219,497400
2025-05-15,IJS,98.51000213623047,397600
2025-05-16,IJS,99.08000183105469,292500
2025-05-19,IJS,98.33999633789062,216000
2025-05-20,IJS,98.11000061035156,289300
2025-05-21,IJS,94.94999694824219,262800
2025-05-22,IJS,95.04000091552734,231800
2025-05-23,IJS,94.43000030517578,223600
2025-05-27,IJS,97.01000213623047,224500
2025-05-28,IJS,95.83999633789062,189000
2025-05-29,IJS,96.30999755859375,143600
2025-05-30,IJS,95.73999786376953,303100
2025-06-02,IJS,95.20999908447266,279500
2025-06-03,IJS,96.97000122070312,298800
2025-06-04,IJS,96.5999984741211,277900
2025-06-05,IJS,96.48999786376953,199000
2025-06-06,IJS,97.61000061035156,158100
2025-06-09,IJS,99.0,324000
2025-06-10,IJS,100.04000091552734,299500
2025-06-11,IJS,99.33999633789062,207000
2025-06-12,IJS,98.97000122070312,595500
2025-06-13,IJS,97.0,602600
2025-06-16,IJS,97.73999786376953,353200
2025-06-17,IJS,96.41000366210938,389800
2025-06-18,IJS,96.95999908447266,411500
2025-06-20,IJS,96.87000274658203,307100
2025-06-23,IJS,98.12999725341797,212500
2025-06-24,IJS,99.05000305175781,168100
2025-06-25,IJS,98.12000274658203,246700
2025-06-26,IJS,99.55000305175781,194400
2025-06-27,IJS,99.68000030517578,232200
2025-06-30,IJS,99.48999786376953,410000
2025-07-01,IJS,101.88999938964844,436600
2025-07-02,IJS,103.37999725341797,279200
2025-07-03,IJS,103.77999877929688,175700
2025-07-07,IJS,102.04000091552734,295700
2025-07-08,IJS,103.19999694824219,291100
2025-07-09,IJS,103.81999969482422,297900
2025-07-10,IJS,104.95999908447266,220100
2025-07-11,IJS,103.70999908447266,232100
2025-07-14,IJS,103.72000122070312,294600
2025-07-15,IJS,101.33999633789062,249100
2025-07-16,IJS,101.9800033569336,348600
2025-07-17,IJS,103.16000366210938,199400
2025-07-18,IJS,102.3499984741211,126500
2025-07-21,IJS,102.33000183105469,208300
2025-07-22,IJS,103.97000122070312,171400
2025-07-23,IJS,105.27999877929688,587000
2025-07-24,IJS,103.41999816894531,140800
2025-07-25,IJS,104.05000305175781,134700
2025-07-28,IJS,103.73999786376953,192000
2025-07-29,IJS,103.2300033569336,242700
2025-07-30,IJS,101.93000030517578,264300
2025-07-31,IJS,100.86000061035156,176500
2025-08-01,IJS,98.98999786376953,452000
2025-08-04,IJS,100.63999938964844,836500
2025-08-05,IJS,101.25,357900
2025-08-06,IJS,101.30999755859375,258000
2025-08-07,IJS,101.30999755859375,369100
2025-08-08,IJS,101.76000213623047,267000
2025-08-11,IJS,101.4800033569336,244100
2025-08-12,IJS,104.94000244140625,289700
2025-08-13,IJS,107.70999908447266,496300
2025-08-14,IJS,106.31999969482422,469000
2025-08-15,IJS,105.63999938964844,271400
2025-08-18,IJS,105.73999786376953,232300
2025-08-19,IJS,106.22000122070312,198000
2025-08-20,IJS,105.5,334900
2025-08-21,IJS,105.2699966430664,275000
2025-08-22,IJS,109.70999908447266,446700
2025-08-25,IJS,108.9000015258789,197600
2025-08-26,IJS,109.0,120200
2025-08-27,IJS,110.04000091552734,115900
2025-08-28,IJS,109.69000244140625,137900
2025-08-29,IJS,109.55000305175781,84900
2025-09-02,IJS,108.70999908447266,575100
2025-09-03,IJS,108.61000061035156,105300
2025-09-04,IJS,110.4800033569336,146400
2025-09-05,IJS,111.16999816894531,116900
2025-09-08,IJS,110.87000274658203,159500
2025-09-09,IJS,109.83999633789062,117900
2025-09-10,IJS,109.69999694824219,130400
2025-09-11,IJS,111.93000030517578,167100
2025-09-12,IJS,110.4800033569336,220700
2025-09-15,IJS,110.63999938964844,165600
2025-09-16,IJS,109.87999725341797,118900
2025-09-17,IJS,109.95999908447266,253100
2025-09-18,IJS,112.19999694824219,143500
2025-09-19,IJS,110.95999908447266,131100
2025-09-22,IJS,111.0,145500
2025-09-23,IJS,110.70999908447266,146700
2025-09-24,IJS,110.05999755859375,100300
2025-09-25,IJS,108.95999908447266,152500
2025-09-26,IJS,110.2699966430664,166700
2025-09-29,IJS,110.4000015258789,144000
2025-09-30,IJS,110.58999633789062,196600
2025-10-01,IJS,111.37000274658203,313200
2025-10-02,IJS,111.61000061035156,220300
2025-10-03,IJS,112.3499984741211,191000
2025-10-06,IJS,111.8499984741211,312800
2025-10-07,IJS,110.23999786376953,507100
2025-10-08,IJS,111.19000244140625,178500
2025-10-09,IJS,109.8499984741211,129600
2025-10-10,IJS,105.91000366210938,226700
2025-10-13,IJS,108.36000061035156,115900
2025-10-14,IJS,110.02999877929688,168900
2025-10-15,IJS,110.95999908447266,165200
2025-10-16,IJS,109.68000030517578,124700
2025-10-17,IJS,109.19999694824219,151700
2025-10-20,IJS,111.05999755859375,109200
2025-10-21,IJS,111.38999938964844,142200
2025-10-22,IJS,110.87000274658203,533100
2025-10-23,IJS,112.23999786376953,154800
2025-10-24,IJS,113.18000030517578,127400
2025-10-27,IJS,113.05999755859375,138400
2025-10-28,IJS,112.41999816894531,163700
2025-10-29,IJS,111.29000091552734,229600
2025-10-30,IJS,109.97000122070312,172800
2025-10-31,IJS,110.19999694824219,172100
2025-11-03,IJS,110.47000122070312,263300
2025-11-04,IJS,109.08000183105469,200200
2025-11-05,IJS,111.05999755859375,112200
2025-11-06,IJS,109.13999938964844,421200
2025-11-07,IJS,110.37999725341797,434900
2025-11-10,IJS,111.80999755859375,190100
2025-11-11,IJS,112.37000274658203,148200
2025-11-12,IJS,112.5199966430664,110300
2025-11-13,IJS,110.12000274658203,158900
2025-11-14,IJS,110.18000030517578,186800
2025-11-17,IJS,107.6500015258789,128500
2025-11-18,IJS,107.38999938964844,216000
2025-11-19,IJS,107.12000274658203,125700
2025-11-20,IJS,104.72000122070312,192600
2025-11-21,IJS,108.12000274658203,391100
2025-11-24,IJS,109.52999877929688,529400
2025-11-25,IJS,112.5,343700
2025-11-26,IJS,113.19000244140625,193900
2025-11-28,IJS,113.36000061035156,79300
2025-12-01,IJS,113.12999725341797,272800
2025-12-02,IJS,113.1500015258789,449300
2025-12-03,IJS,114.76000213623047,136100
2025-12-04,IJS,114.2300033569336,104900
2025-12-05,IJS,114.23999786376953,139200
2025-12-08,IJS,113.83999633789062,283000
2025-12-09,IJS,114.41999816894531,264900
2025-12-10,IJS,117.08000183105469,213200
2025-12-11,IJS,118.2300033569336,131000
2025-12-12,IJS,117.06999969482422,233800
2025-12-15,IJS,116.69000244140625,143500
2025-12-16,IJS,115.27999877929688,157200
2025-12-17,IJS,115.27999877929688,178600
2025-12-18,IJS,115.41999816894531,291500
2025-12-19,IJS,115.41999816894531,194400
2025-12-22,IJS,115.80000305175781,278200
2025-12-23,IJS,115.05999755859375,87400
2025-12-24,IJS,115.68000030517578,141300
2025-12-26,IJS,115.7300033569336,209100
2025-12-29,IJS,115.27999877929688,150200
2025-12-30,IJS,114.7699966430664,147400
2025-12-31,IJS,113.72000122070312,141400
2026-01-02,IJS,114.68000030517578,2782900
2026-01-05,IJS,116.29000091552734,761400
2026-01-06,IJS,118.20999908447266,792200
2026-01-07,IJS,117.08999633789062,208700
2026-01-08,IJS,119.51000213623047,248100
2026-01-09,IJS,120.43000030517578,219200
2026-01-12,IJS,119.95999908447266,310600
2026-01-13,IJS,119.86000061035156,219600
2026-01-14,IJS,120.7300033569336,160600
2026-01-15,IJS,122.55999755859375,160600
2026-01-16,IJS,121.91000366210938,124100
2026-01-20,IJS,119.93000030517578,519900
2026-01-21,IJS,123.41999816894531,412800
2026-01-22,IJS,123.8499984741211,374300
2026-01-23,IJS,121.5999984741211,189500
2026-01-26,IJS,121.37999725341797,333400
2026-01-27,IJS,121.2300033569336,135300
2026-01-28,IJS,120.52999877929688,284300
2026-01-29,IJS,121.51000213623047,243500
2026-01-30,IJS,121.0999984741211,168900
2026-02-02,IJS,122.30999755859375,254600
2026-02-03,IJS,122.5199966430664,425600
2026-02-04,IJS,124.9800033569336,481900
2026-02-05,IJS,123.56999969482422,261300
2026-02-06,IJS,126.52999877929688,176400
2026-02-09,IJS,126.08000183105469,149600
2026-02-10,IJS,126.36000061035156,135900
2026-02-11,IJS,126.04000091552734,174400
2026-02-12,IJS,123.47000122070312,393600
2026-02-13,IJS,124.88999938964844,190900
2026-02-17,IJS,124.61000061035156,118200
2026-02-18,IJS,125.4000015258789,193900
2026-02-19,IJS,125.16999816894531,119800
2026-02-20,IJS,125.73999786376953,157300
2026-02-23,IJS,122.51000213623047,324700
2026-02-24,IJS,123.58999633789062,136700
2026-02-25,IJS,123.69999694824219,87000
2026-02-26,IJS,124.44999694824219,135200
2026-02-27,IJS,122.80000305175781,85600
2026-03-02,IJS,123.41000366210938,255100
2026-03-03,IJS,122.45999908447266,180700
2026-03-04,IJS,123.2300033569336,287600
2026-03-05,IJS,121.29000091552734,232600
2026-03-06,IJS,118.69999694824219,167700
2026-03-09,IJS,118.61000061035156,439300
2026-03-10,IJS,118.08000183105469,241000
2026-03-11,IJS,118.0,162700
2026-03-12,IJS,116.08999633789062,416600
2026-03-13,IJS,115.93000030517578,191800
2026-03-16,IJS,116.3499984741211,190800
2026-03-17,IJS,117.05000305175781,154600
2026-03-18,IJS,115.69000244140625,1927800
2026-03-19,IJS,116.0999984741211,433000
2026-03-20,IJS,114.58000183105469,493700
2026-03-23,IJS,116.69000244140625,384700
2026-03-24,IJS,117.81999969482422,354200
2026-03-25,IJS,119.05999755859375,4378500
2026-03-26,IJS,118.48999786376953,972000
2026-03-27,IJS,116.54000091552734,1423900
2026-03-30,IJS,115.91000366210938,1677300
2026-03-31,IJS,118.44999694824219,944200
2026-04-01,IJS,118.66999816894531,458400
2026-04-02,IJS,118.93000030517578,476400
2026-04-06,IJS,119.52999877929688,4892300
2026-04-07,IJS,119.77999877929688,433100
2026-04-08,IJS,122.3499984741211,195100
2026-04-09,IJS,123.25,181200
2026-04-10,IJS,122.87999725341797,172100
2026-04-13,IJS,124.38999938964844,157300
2026-04-14,IJS,124.62000274658203,302500
2026-04-15,IJS,124.58999633789062,188700
2026-04-16,IJS,125.1500015258789,1834200
2026-04-17,IJS,127.45999908447266,537200
2026-04-20,IJS,128.33999633789062,231000
2026-04-21,IJS,127.69999694824219,289500
2026-04-22,IJS,127.93000030517578,150300
2026-04-23,IJS,128.00999450683594,238500
2026-04-24,IJS,128.61000061035156,277300
2026-04-27,IJS,129.05999755859375,252600
2026-04-28,IJS,128.6999969482422,679700
2026-04-29,IJS,127.6500015258789,172500
2026-04-30,IJS,129.2899932861328,241700
2026-05-01,IJS,129.3699951171875,414300
2026-05-04,IJS,127.7699966430664,354500
2026-05-05,IJS,129.2899932861328,326900
2026-05-06,IJS,130.1699981689453,126600
2026-05-07,IJS,129.1999969482422,207100
2026-05-08,IJS,129.77999877929688,111600
2026-05-11,IJS,128.47000122070312,153700
2026-05-12,IJS,127.11000061035156,194800
2026-05-13,IJS,126.55000305175781,122800
2026-05-14,IJS,127.37999725341797,251600
2026-05-15,IJS,125.63999938964844,196400
2026-05-18,IJS,126.20999908447266,265300
2026-05-19,IJS,124.9800033569336,219600
2026-05-20,IJS,127.66999816894531,134400
2026-05-21,IJS,128.32000732421875,156000
2026-05-22,IJS,129.44000244140625,2659700
2026-05-26,IJS,131.00999450683594,507000
2026-05-27,IJS,131.47000122070312,246200
2026-05-28,IJS,131.6999969482422,211300
2026-05-29,IJS,130.69000244140625,166900
2026-06-01,IJS,130.89999389648438,435200
2026-06-02,IJS,132.3000030517578,232100
2026-06-03,IJS,130.69000244140625,4205200
2026-06-04,IJS,132.47999572753906,363700
2026-06-05,IJS,130.1699981689453,183100
2026-06-08,IJS,131.1300048828125,479900
2026-06-09,IJS,132.3800048828125,489300
2026-06-10,IJS,131.64999389648438,261200
2026-06-11,IJS,134.02999877929688,236600
2026-06-12,IJS,135.4600067138672,253700
2026-06-15,IJS,134.27999877929688,237300
2026-06-16,IJS,133.60000610351562,208400
2026-06-17,IJS,131.2100067138672,280700
2026-06-18,IJS,133.32000732421875,277200
2026-06-22,IJS,133.00999450683594,148900
2026-06-23,IJS,132.7100067138672,165200
2026-06-24,IJS,134.0399932861328,1051000
2026-06-25,IJS,135.61000061035156,284000
2026-06-26,IJS,136.92999267578125,857700
2026-06-29,IJS,136.33999633789062,146100
2026-06-30,IJS,136.67999267578125,195700
2026-07-01,IJS,136.5,1424100
2026-07-02,IJS,135.4499969482422,287900
2026-07-06,IJS,135.3699951171875,444600
2026-07-07,IJS,134.3300018310547,270300
2026-07-08,IJS,132.66000366210938,183600
2024-11-18,QQQ,500.0199890136719,27080800
2024-11-19,QQQ,503.4599914550781,24523000
2024-11-20,QQQ,503.1700134277344,29565500
2024-11-21,QQQ,504.9800109863281,34526700
2024-11-22,QQQ,505.7900085449219,23826600
2024-11-25,QQQ,506.5899963378906,26375200
2024-11-26,QQQ,509.30999755859375,26557100
2024-11-27,QQQ,505.29998779296875,24957400
2024-11-29,QQQ,509.739990234375,15334000
2024-12-02,QQQ,515.2899780273438,25147200
2024-12-03,QQQ,516.8699951171875,18597900
2024-12-04,QQQ,523.260009765625,26086200
2024-12-05,QQQ,521.8099975585938,18169600
2024-12-06,QQQ,526.47998046875,23762600
2024-12-09,QQQ,522.3800048828125,20674400
2024-12-10,QQQ,520.5999755859375,24350000
2024-12-11,QQQ,529.9199829101562,32168600
2024-12-12,QQQ,526.5,23577500
2024-12-13,QQQ,530.530029296875,28780400
2024-12-16,QQQ,538.1699829101562,31979900
2024-12-17,QQQ,535.7999877929688,28579100
2024-12-18,QQQ,516.469970703125,54703200
2024-12-19,QQQ,514.1699829101562,46441800
2024-12-20,QQQ,518.6599731445312,60530000
2024-12-23,QQQ,522.8699951171875,29672800
2024-12-24,QQQ,529.9600219726562,17558200
2024-12-26,QQQ,529.5999755859375,19090500
2024-12-27,QQQ,522.5599975585938,33839600
2024-12-30,QQQ,515.6099853515625,34584000
2024-12-31,QQQ,511.2300109863281,29117000
2025-01-02,QQQ,510.2300109863281,36389800
2025-01-03,QQQ,518.5800170898438,29059500
2025-01-06,QQQ,524.5399780273438,36109700
2025-01-07,QQQ,515.1799926757812,36690300
2025-01-08,QQQ,515.27001953125,30777800
2025-01-10,QQQ,507.19000244140625,40532500
2025-01-13,QQQ,505.55999755859375,31694200
2025-01-14,QQQ,505.0799865722656,33737200
2025-01-15,QQQ,516.7000122070312,34957600
2025-01-16,QQQ,513.0800170898438,28229000
2025-01-17,QQQ,521.739990234375,51837900
2025-01-21,QQQ,524.7999877929688,23628000
2025-01-22,QQQ,531.510009765625,33593000
2025-01-23,QQQ,532.6400146484375,23096600
2025-01-24,QQQ,529.6300048828125,19878300
2025-01-27,QQQ,514.2100219726562,60771700
2025-01-28,QQQ,521.8099975585938,33194200
2025-01-29,QQQ,520.8300170898438,26649000
2025-01-30,QQQ,523.0499877929688,27431300
2025-01-31,QQQ,522.2899780273438,38755200
2025-02-03,QQQ,518.1099853515625,40580800
2025-02-04,QQQ,524.469970703125,26046800
2025-02-05,QQQ,526.8499755859375,21134100
2025-02-06,QQQ,529.5999755859375,19434500
2025-02-07,QQQ,522.9199829101562,29605500
2025-02-10,QQQ,529.25,20852800
2025-02-11,QQQ,527.989990234375,19325500
2025-02-12,QQQ,528.2999877929688,25009400
2025-02-13,QQQ,535.9000244140625,28714800
2025-02-14,QQQ,538.1500244140625,17862600
2025-02-18,QQQ,539.3699951171875,20565000
2025-02-19,QQQ,539.52001953125,19666900
2025-02-20,QQQ,537.22998046875,26550800
2025-02-21,QQQ,526.0800170898438,47093800
2025-02-24,QQQ,519.8699951171875,39268400
2025-02-25,QQQ,513.3200073242188,48940000
2025-02-26,QQQ,514.5599975585938,34457600
2025-02-27,QQQ,500.2699890136719,52448000
2025-02-28,QQQ,508.1700134277344,47654000
2025-03-03,QQQ,497.04998779296875,44587200
2025-03-04,QQQ,495.54998779296875,67875400
2025-03-05,QQQ,502.010009765625,46323700
2025-03-06,QQQ,488.20001220703125,57574300
2025-03-07,QQQ,491.7900085449219,54714700
2025-03-10,QQQ,472.7300109863281,76668000
2025-03-11,QQQ,471.6000061035156,68760800
2025-03-12,QQQ,476.9200134277344,46971100
2025-03-13,QQQ,468.3399963378906,46563300
2025-03-14,QQQ,479.6600036621094,43563000
2025-03-17,QQQ,482.7699890136719,41744400
2025-03-18,QQQ,474.5400085449219,39072300
2025-03-19,QQQ,480.8900146484375,40430300
2025-03-20,QQQ,479.260009765625,36780500
2025-03-21,QQQ,480.8399963378906,42234900
2025-03-24,QQQ,490.6600036621094,34567200
2025-03-25,QQQ,493.4599914550781,26035200
2025-03-26,QQQ,484.3800048828125,34627100
2025-03-27,QQQ,481.6199951171875,33469800
2025-03-28,QQQ,468.94000244140625,46363800
2025-03-31,QQQ,468.9200134277344,53000300
2025-04-01,QQQ,472.70001220703125,41156200
2025-04-02,QQQ,476.1499938964844,49894500
2025-04-03,QQQ,450.6600036621094,70456300
2025-04-04,QQQ,422.6700134277344,117088400
2025-04-07,QQQ,423.69000244140625,161557000
2025-04-08,QQQ,416.05999755859375,101248100
2025-04-09,QQQ,466.0,142876900
2025-04-10,QQQ,446.17999267578125,108384100
2025-04-11,QQQ,454.3999938964844,52483800
2025-04-14,QQQ,457.4800109863281,43941200
2025-04-15,QQQ,457.989990234375,35404200
2025-04-16,QQQ,444.17999267578125,48980600
2025-04-17,QQQ,444.1000061035156,44837000
2025-04-21,QQQ,433.1099853515625,44149300
2025-04-22,QQQ,444.4800109863281,52304400
2025-04-23,QQQ,454.55999755859375,55801100
2025-04-24,QQQ,467.3500061035156,45956100
2025-04-25,QQQ,472.55999755859375,38697100
2025-04-28,QQQ,472.4100036621094,33550800
2025-04-29,QQQ,475.5299987792969,30613100
2025-04-30,QQQ,475.4700012207031,46810600
2025-05-01,QQQ,481.67999267578125,43316500
2025-05-02,QQQ,488.8299865722656,39218100
2025-05-05,QQQ,485.92999267578125,28309500
2025-05-06,QQQ,481.4100036621094,32786300
2025-05-07,QQQ,483.29998779296875,38006300
2025-05-08,QQQ,488.2900085449219,39577600
2025-05-09,QQQ,487.9700012207031,27767400
2025-05-12,QQQ,507.8500061035156,45090600
2025-05-13,QQQ,515.5900268554688,53269600
2025-05-14,QQQ,518.6799926757812,47014500
2025-05-15,QQQ,519.25,50153300
2025-05-16,QQQ,521.510009765625,48394600
2025-05-19,QQQ,522.010009765625,52536200
2025-05-20,QQQ,520.27001953125,42517600
2025-05-21,QQQ,513.0399780273438,71292800
2025-05-22,QQQ,514.0,55607200
2025-05-23,QQQ,509.239990234375,58368100
2025-05-27,QQQ,521.219970703125,47226300
2025-05-28,QQQ,518.9099731445312,46637200
2025-05-29,QQQ,519.9299926757812,58513300
2025-05-30,QQQ,519.1099853515625,67662800
2025-06-02,QQQ,523.2100219726562,44762800
2025-06-03,QQQ,527.2999877929688,44070300
2025-06-04,QQQ,528.77001953125,41359300
2025-06-05,QQQ,524.7899780273438,61031200
2025-06-06,QQQ,529.9199829101562,42467000
2025-06-09,QQQ,530.7000122070312,33688700
2025-06-10,QQQ,534.2100219726562,40664800
2025-06-11,QQQ,532.4099731445312,53701000
2025-06-12,QQQ,533.6599731445312,34104900
2025-06-13,QQQ,526.9600219726562,55814400
2025-06-16,QQQ,534.2899780273438,37622100
2025-06-17,QQQ,529.0800170898438,42180900
2025-06-18,QQQ,528.989990234375,43983500
2025-06-20,QQQ,526.8300170898438,61643500
2025-06-23,QQQ,531.6500244140625,50666100
2025-06-24,QQQ,539.780029296875,45442000
2025-06-25,QQQ,541.1599731445312,44804200
2025-06-26,QQQ,546.219970703125,43811400
2025-06-27,QQQ,548.0900268554688,57577100
2025-06-30,QQQ,551.6400146484375,45548700
2025-07-01,QQQ,546.989990234375,56166700
2025-07-02,QQQ,550.7999877929688,36538300
2025-07-03,QQQ,556.219970703125,26443500
2025-07-07,QQQ,552.030029296875,45349300
2025-07-08,QQQ,552.3400268554688,36153300
2025-07-09,QQQ,556.25,43045500
2025-07-10,QQQ,555.4500122070312,34710900
2025-07-11,QQQ,554.2000122070312,39618600
2025-07-14,QQQ,556.2100219726562,36453300
2025-07-15,QQQ,556.719970703125,43277700
2025-07-16,QQQ,557.2899780273438,52314700
2025-07-17,QQQ,561.7999877929688,40423800
2025-07-18,QQQ,561.260009765625,50484700
2025-07-21,QQQ,564.1699829101562,39595200
2025-07-22,QQQ,561.25,43270600
2025-07-23,QQQ,563.8099975585938,40215300
2025-07-24,QQQ,565.010009765625,42275500
2025-07-25,QQQ,566.3699951171875,30630800
2025-07-28,QQQ,568.1400146484375,31498700
2025-07-29,QQQ,567.260009765625,45463300
2025-07-30,QQQ,568.02001953125,43433800
2025-07-31,QQQ,565.010009765625,64613600
2025-08-01,QQQ,553.8800048828125,69400800
2025-08-04,QQQ,564.0999755859375,47669800
2025-08-05,QQQ,560.27001953125,48666600
2025-08-06,QQQ,567.3200073242188,41823700
2025-08-07,QQQ,569.239990234375,44463000
2025-08-08,QQQ,574.5499877929688,35255500
2025-08-11,QQQ,572.8499755859375,33112900
2025-08-12,QQQ,580.0499877929688,42143300
2025-08-13,QQQ,580.3400268554688,41209300
2025-08-14,QQQ,579.8900146484375,45425000
2025-08-15,QQQ,577.3400268554688,49480200
2025-08-18,QQQ,577.1099853515625,29831000
2025-08-19,QQQ,569.280029296875,53752600
2025-08-20,QQQ,565.9000244140625,76781100
2025-08-21,QQQ,563.280029296875,46436900
2025-08-22,QQQ,571.969970703125,51502100
2025-08-25,QQQ,570.3200073242188,34044700
2025-08-26,QQQ,572.6099853515625,34103000
2025-08-27,QQQ,573.489990234375,36927100
2025-08-28,QQQ,577.0800170898438,46787900
2025-08-29,QQQ,570.4000244140625,56030400
2025-09-02,QQQ,565.6199951171875,65876800
2025-09-03,QQQ,570.0700073242188,54230200
2025-09-04,QQQ,575.22998046875,47526300
2025-09-05,QQQ,576.0599975585938,68342500
2025-09-08,QQQ,578.8699951171875,46371400
2025-09-09,QQQ,580.510009765625,44007600
2025-09-10,QQQ,580.7000122070312,49308000
2025-09-11,QQQ,584.0800170898438,44745800
2025-09-12,QQQ,586.6599731445312,50745900
2025-09-15,QQQ,591.6799926757812,44360300
2025-09-16,QQQ,591.1799926757812,36942100
2025-09-17,QQQ,590.0,69384800
2025-09-18,QQQ,595.3200073242188,61069300
2025-09-19,QQQ,599.3499755859375,58196100
2025-09-22,QQQ,602.2000122070312,57154800
2025-09-23,QQQ,598.2000122070312,64635500
2025-09-24,QQQ,596.0999755859375,49850300
2025-09-25,QQQ,593.530029296875,70920200
2025-09-26,QQQ,595.969970703125,54337400
2025-09-29,QQQ,598.72998046875,48332900
2025-09-30,QQQ,600.3699951171875,46533800
2025-10-01,QQQ,603.25,46899600
2025-10-02,QQQ,605.72998046875,43765400
2025-10-03,QQQ,603.1799926757812,46482100
2025-10-06,QQQ,607.7100219726562,41962100
2025-10-07,QQQ,604.510009765625,58209500
2025-10-08,QQQ,611.4400024414062,50629800
2025-10-09,QQQ,610.7000122070312,45551000
2025-10-10,QQQ,589.5,97614800
2025-10-13,QQQ,602.010009765625,65872600
2025-10-14,QQQ,598.0,69203200
2025-10-15,QQQ,602.219970703125,62805500
2025-10-16,QQQ,599.989990234375,70982000
2025-10-17,QQQ,603.9299926757812,72024900
2025-10-20,QQQ,611.5399780273438,45761700
2025-10-21,QQQ,611.3800048828125,44538200
2025-10-22,QQQ,605.489990234375,61478800
2025-10-23,QQQ,610.5800170898438,42844300
2025-10-24,QQQ,617.0999755859375,47632500
2025-10-27,QQQ,628.0900268554688,54098600
2025-10-28,QQQ,632.9199829101562,61195700
2025-10-29,QQQ,635.77001953125,67422800
2025-10-30,QQQ,626.0499877929688,61628600
2025-10-31,QQQ,629.0700073242188,66305100
2025-11-03,QQQ,632.0800170898438,37154300
2025-11-04,QQQ,619.25,63830800
2025-11-05,QQQ,623.280029296875,48688500
2025-11-06,QQQ,611.6699829101562,72115100
2025-11-07,QQQ,609.739990234375,81835400
2025-11-10,QQQ,623.22998046875,55919900
2025-11-11,QQQ,621.5700073242188,44868800
2025-11-12,QQQ,621.0800170898438,47444400
2025-11-13,QQQ,608.4000244140625,71333600
2025-11-14,QQQ,608.8599853515625,80087300
2025-11-17,QQQ,603.6599731445312,63850400
2025-11-18,QQQ,596.3099975585938,83327300
2025-11-19,QQQ,599.8699951171875,73111500
2025-11-20,QQQ,585.6699829101562,117743200
2025-11-21,QQQ,590.0700073242188,103344200
2025-11-24,QQQ,605.1599731445312,60168100
2025-11-25,QQQ,608.8900146484375,57560900
2025-11-26,QQQ,614.27001953125,42393600
2025-11-28,QQQ,619.25,23034400
2025-12-01,QQQ,617.1699829101562,40957600
2025-12-02,QQQ,622.0,54541800
2025-12-03,QQQ,623.52001953125,47841600
2025-12-04,QQQ,622.9400024414062,47067800
2025-12-05,QQQ,625.47998046875,53614200
2025-12-08,QQQ,624.280029296875,43462400
2025-12-09,QQQ,625.0499877929688,37156000
2025-12-10,QQQ,627.6099853515625,55031400
2025-12-11,QQQ,625.5800170898438,58272800
2025-12-12,QQQ,613.6199951171875,75158700
2025-12-15,QQQ,610.5399780273438,49538200
2025-12-16,QQQ,611.75,55152800
2025-12-17,QQQ,600.4099731445312,70654300
2025-12-18,QQQ,609.1099853515625,78875800
2025-12-19,QQQ,617.0499877929688,60369800
2025-12-22,QQQ,619.2100219726562,43703100
2025-12-23,QQQ,622.1099853515625,41120400
2025-12-24,QQQ,623.9299926757812,18468700
2025-12-26,QQQ,623.8900146484375,28959800
2025-12-29,QQQ,620.8699951171875,32458300
2025-12-30,QQQ,619.4299926757812,31226800
2025-12-31,QQQ,614.3099975585938,40746500
2026-01-02,QQQ,613.1199951171875,61859200
2026-01-05,QQQ,617.989990234375,46828400
2026-01-06,QQQ,623.4199829101562,43137500
2026-01-07,QQQ,624.02001953125,44880300
2026-01-08,QQQ,620.469970703125,50435900
2026-01-09,QQQ,626.6500244140625,49688700
2026-01-12,QQQ,627.1699829101562,37388700
2026-01-13,QQQ,626.239990234375,44481400
2026-01-14,QQQ,619.5499877929688,72598700
2026-01-15,QQQ,621.780029296875,53934900
2026-01-16,QQQ,621.260009765625,61058100
2026-01-20,QQQ,608.0599975585938,81988900
2026-01-21,QQQ,616.280029296875,79837900
2026-01-22,QQQ,620.760009765625,42254800
2026-01-23,QQQ,622.719970703125,43645800
2026-01-26,QQQ,625.4600219726562,35983000
2026-01-27,QQQ,631.1300048828125,38997200
2026-01-28,QQQ,633.219970703125,50691700
2026-01-29,QQQ,629.4299926757812,79944000
2026-01-30,QQQ,621.8699951171875,65650700
2026-02-02,QQQ,626.1400146484375,49020300
2026-02-03,QQQ,616.52001953125,81234000
2026-02-04,QQQ,605.75,81850700
2026-02-05,QQQ,597.030029296875,89354500
2026-02-06,QQQ,609.6500244140625,78019300
2026-02-09,QQQ,614.3200073242188,56797600
2026-02-10,QQQ,611.469970703125,53938900
2026-02-11,QQQ,613.1099853515625,58575100
2026-02-12,QQQ,600.6400146484375,81378900
2026-02-13,QQQ,601.9199829101562,69237500
2026-02-17,QQQ,601.2999877929688,69013800
2026-02-18,QQQ,605.7899780273438,64250700
2026-02-19,QQQ,603.469970703125,60960800
2026-02-20,QQQ,608.8099975585938,74127300
2026-02-23,QQQ,601.4099731445312,63859100
2026-02-24,QQQ,607.8699951171875,55023700
2026-02-25,QQQ,616.6799926757812,55710700
2026-02-26,QQQ,609.239990234375,96178900
2026-02-27,QQQ,607.2899780273438,68125200
2026-03-02,QQQ,608.0900268554688,75264600
2026-03-03,QQQ,601.5800170898438,97015500
2026-03-04,QQQ,610.75,70943900
2026-03-05,QQQ,608.9099731445312,89602400
2026-03-06,QQQ,599.75,86302300
2026-03-09,QQQ,607.760009765625,93068200
2026-03-10,QQQ,607.77001953125,64078900
2026-03-11,QQQ,607.6900024414062,60114800
2026-03-12,QQQ,597.260009765625,71836600
2026-03-13,QQQ,593.719970703125,63145500
2026-03-16,QQQ,600.3800048828125,49077200
2026-03-17,QQQ,603.3099975585938,47106600
2026-03-18,QQQ,594.9000244140625,56128000
2026-03-19,QQQ,593.02001953125,75597600
2026-03-20,QQQ,582.0599975585938,91964700
2026-03-23,QQQ,588.0,89936100
2026-03-24,QQQ,583.97998046875,57750900
2026-03-25,QQQ,587.8200073242188,60475500
2026-03-26,QQQ,573.7899780273438,81492100
2026-03-27,QQQ,562.5800170898438,82702200
2026-03-30,QQQ,558.280029296875,70602600
2026-03-31,QQQ,577.1799926757812,95878000
2026-04-01,QQQ,584.3099975585938,79435100
2026-04-02,QQQ,584.97998046875,50941700
2026-04-06,QQQ,588.5,35108500
2026-04-07,QQQ,588.5900268554688,49948200
2026-04-08,QQQ,606.0900268554688,63086000
2026-04-09,QQQ,610.1900024414062,37837500
2026-04-10,QQQ,611.0700073242188,34038500
2026-04-13,QQQ,617.3900146484375,32972100
2026-04-14,QQQ,628.5999755859375,49921100
2026-04-15,QQQ,637.4000244140625,50102400
2026-04-16,QQQ,640.469970703125,42320600
2026-04-17,QQQ,648.8499755859375,53488900
2026-04-20,QQQ,646.7899780273438,37138500
2026-04-21,QQQ,644.3300170898438,39580500
2026-04-22,QQQ,655.1099853515625,37368400
2026-04-23,QQQ,651.4199829101562,40099800
2026-04-24,QQQ,663.8800048828125,45563100
2026-04-27,QQQ,664.22998046875,32717000
2026-04-28,QQQ,657.5499877929688,34147900
2026-04-29,QQQ,661.5700073242188,31724900
2026-04-30,QQQ,667.739990234375,40622200
2026-05-01,QQQ,674.1500244140625,39172600
2026-05-04,QQQ,672.8800048828125,34542000
2026-05-05,QQQ,681.6099853515625,37101100
2026-05-06,QQQ,695.77001953125,38778500
2026-05-07,QQQ,694.9400024414062,43779100
2026-05-08,QQQ,711.22998046875,44320400
2026-05-11,QQQ,713.2899780273438,36019100
2026-05-12,QQQ,707.239990234375,45873000
2026-05-13,QQQ,714.7100219726562,40012500
2026-05-14,QQQ,719.7899780273438,33327500
2026-05-15,QQQ,708.9299926757812,51792700
2026-05-18,QQQ,705.8800048828125,49834500
2026-05-19,QQQ,701.530029296875,46827500
2026-05-20,QQQ,713.1500244140625,36779200
2026-05-21,QQQ,714.510009765625,36415400
2026-05-22,QQQ,717.5399780273438,33118600
2026-05-26,QQQ,730.280029296875,34254700
2026-05-27,QQQ,729.4500122070312,35148700
2026-05-28,QQQ,735.5999755859375,32840000
2026-05-29,QQQ,738.3099975585938,37541700
2026-06-01,QQQ,742.739990234375,33890600
2026-06-02,QQQ,746.1599731445312,30085200
2026-06-03,QQQ,744.2100219726562,40270200
2026-06-04,QQQ,740.6099853515625,40782600
2026-06-05,QQQ,705.0599975585938,99606600
2026-06-08,QQQ,716.0700073242188,47401500
2026-06-09,QQQ,707.8300170898438,91932200
2026-06-10,QQQ,693.6900024414062,65334300
2026-06-11,QQQ,717.1199951171875,71798900
2026-06-12,QQQ,721.3400268554688,51168400
2026-06-15,QQQ,744.0,46710200
2026-06-16,QQQ,729.8599853515625,45348700
2026-06-17,QQQ,722.510009765625,51669300
2026-06-18,QQQ,740.6199951171875,50154600
2026-06-22,QQQ,737.9500122070312,43518600
2026-06-23,QQQ,713.6500244140625,53354200
2026-06-24,QQQ,710.6199951171875,52480400
2026-06-25,QQQ,716.3800048828125,49668000
2026-06-26,QQQ,706.52001953125,47081800
2026-06-29,QQQ,724.0800170898438,44939100
2026-06-30,QQQ,736.4000244140625,42121800
2026-07-01,QQQ,725.1699829101562,40803800
2026-07-02,QQQ,712.5999755859375,50959800
2026-07-06,QQQ,722.8200073242188,30220400
2026-07-07,QQQ,709.4299926757812,42483100
2026-07-08,QQQ,711.4400024414062,35603200
2024-11-18,SHY,82.08000183105469,2645000
2024-11-19,SHY,82.08000183105469,2655600
2024-11-20,SHY,82.04000091552734,3362300
2024-11-21,SHY,82.0199966430664,2565700
2024-11-22,SHY,82.01000213623047,2352200
2024-11-25,SHY,82.16999816894531,3579100
2024-11-26,SHY,82.16999816894531,6597200
2024-11-27,SHY,82.22000122070312,2463400
2024-11-29,SHY,82.31999969482422,1597600
2024-12-02,SHY,82.05000305175781,5102300
2024-12-03,SHY,82.05999755859375,3950600
2024-12-04,SHY,82.1500015258789,3935400
2024-12-05,SHY,82.1500015258789,2517700
2024-12-06,SHY,82.2300033569336,5705800
2024-12-09,SHY,82.19999694824219,4641600
2024-12-10,SHY,82.19000244140625,2919500
2024-12-11,SHY,82.16999816894531,2453000
2024-12-12,SHY,82.12999725341797,3185000
2024-12-13,SHY,82.08999633789062,2420800
2024-12-16,SHY,82.0999984741211,2930300
2024-12-17,SHY,82.11000061035156,2492600
2024-12-18,SHY,81.68000030517578,6931400
2024-12-19,SHY,81.7699966430664,12522700
2024-12-20,SHY,81.77999877929688,3495400
2024-12-23,SHY,81.7300033569336,2933800
2024-12-24,SHY,81.7699966430664,1583800
2024-12-26,SHY,81.79000091552734,1758100
2024-12-27,SHY,81.80999755859375,3668600
2024-12-30,SHY,81.93000030517578,7397300
2024-12-31,SHY,81.9800033569336,3167100
2025-01-02,SHY,81.95999908447266,3948300
2025-01-03,SHY,81.95999908447266,2804100
2025-01-06,SHY,81.9800033569336,2324300
2025-01-07,SHY,81.93000030517578,4035500
2025-01-08,SHY,81.9800033569336,2747600
2025-01-10,SHY,81.83000183105469,6188500
2025-01-13,SHY,81.8499984741211,4855000
2025-01-14,SHY,81.87000274658203,2281900
2025-01-15,SHY,82.05000305175781,3694300
2025-01-16,SHY,82.0999984741211,4775000
2025-01-17,SHY,82.08000183105469,2248500
2025-01-21,SHY,82.11000061035156,2400400
2025-01-22,SHY,82.08999633789062,2706800
2025-01-23,SHY,82.08999633789062,3378500
2025-01-24,SHY,82.13999938964844,2190000
2025-01-27,SHY,82.26000213623047,3639700
2025-01-28,SHY,82.27999877929688,2980500
2025-01-29,SHY,82.2300033569336,2849200
2025-01-30,SHY,82.27999877929688,1956300
2025-01-31,SHY,82.29000091552734,2987300
2025-02-03,SHY,81.95999908447266,3483200
2025-02-04,SHY,82.04000091552734,3232500
2025-02-05,SHY,82.08999633789062,3456200
2025-02-06,SHY,82.05999755859375,2083200
2025-02-07,SHY,81.97000122070312,3488900
2025-02-10,SHY,82.01000213623047,2573000
2025-02-11,SHY,81.98999786376953,2861900
2025-02-12,SHY,81.87999725341797,4537400
2025-02-13,SHY,81.98999786376953,3512000
2025-02-14,SHY,82.0999984741211,3120500
2025-02-18,SHY,82.02999877929688,2824100
2025-02-19,SHY,82.08999633789062,2694600
2025-02-20,SHY,82.0999984741211,2106500
2025-02-21,SHY,82.23999786376953,3614000
2025-02-24,SHY,82.30000305175781,2497300
2025-02-25,SHY,82.41000366210938,3632100
2025-02-26,SHY,82.44000244140625,2280100
2025-02-27,SHY,82.47000122070312,4639500
2025-02-28,SHY,82.62000274658203,4383100
2025-03-03,SHY,82.41999816894531,5333700
2025-03-04,SHY,82.43000030517578,5198900
2025-03-05,SHY,82.33999633789062,4304600
2025-03-06,SHY,82.38999938964844,4557400
2025-03-07,SHY,82.37999725341797,3499300
2025-03-10,SHY,82.52999877929688,4644400
2025-03-11,SHY,82.4800033569336,4668500
2025-03-12,SHY,82.41999816894531,3475800
2025-03-13,SHY,82.4800033569336,2946600
2025-03-14,SHY,82.41999816894531,3932500
2025-03-17,SHY,82.38999938964844,4582600
2025-03-18,SHY,82.38999938964844,3438500
2025-03-19,SHY,82.51000213623047,3886300
2025-03-20,SHY,82.52999877929688,3039300
2025-03-21,SHY,82.58000183105469,3172500
2025-03-24,SHY,82.47000122070312,2351300
2025-03-25,SHY,82.5,2711400
2025-03-26,SHY,82.4800033569336,3684800
2025-03-27,SHY,82.5199966430664,2187600
2025-03-28,SHY,82.66999816894531,4087900
2025-03-31,SHY,82.7300033569336,4593200
2025-04-01,SHY,82.4800033569336,4326400
2025-04-02,SHY,82.41999816894531,3071600
2025-04-03,SHY,82.7300033569336,6729500
2025-04-04,SHY,82.68000030517578,12599700
2025-04-07,SHY,82.69000244140625,18363100
2025-04-08,SHY,82.63999938964844,13086100
2025-04-09,SHY,82.58999633789062,25591000
2025-04-10,SHY,82.58000183105469,10029500
2025-04-11,SHY,82.43000030517578,6585900
2025-04-14,SHY,82.61000061035156,5006100
2025-04-15,SHY,82.61000061035156,3090700
2025-04-16,SHY,82.72000122070312,3178900
2025-04-17,SHY,82.75,3384000
2025-04-21,SHY,82.69999694824219,5283700
2025-04-22,SHY,82.7300033569336,3521700
2025-04-23,SHY,82.66999816894531,3647400
2025-04-24,SHY,82.7699966430664,3993500
2025-04-25,SHY,82.83999633789062,2259800
2025-04-28,SHY,82.95999908447266,2847000
2025-04-29,SHY,83.01000213623047,3832200
2025-04-30,SHY,83.12000274658203,5104800
2025-05-01,SHY,82.69000244140625,5150400
2025-05-02,SHY,82.52999877929688,4556100
2025-05-05,SHY,82.5199966430664,3420300
2025-05-06,SHY,82.58999633789062,3476300
2025-05-07,SHY,82.62000274658203,2522500
2025-05-08,SHY,82.44999694824219,3566000
2025-05-09,SHY,82.48999786376953,2009600
2025-05-12,SHY,82.33999633789062,4386600
2025-05-13,SHY,82.31999969482422,4241200
2025-05-14,SHY,82.26000213623047,3960300
2025-05-15,SHY,82.41999816894531,3449300
2025-05-16,SHY,82.4000015258789,3528300
2025-05-19,SHY,82.43000030517578,2906900
2025-05-20,SHY,82.44000244140625,3289200
2025-05-21,SHY,82.38999938964844,4095600
2025-05-22,SHY,82.44000244140625,3415600
2025-05-23,SHY,82.48999786376953,8202300
2025-05-27,SHY,82.5199966430664,3870300
2025-05-28,SHY,82.45999908447266,1972600
2025-05-29,SHY,82.55000305175781,2154300
2025-05-30,SHY,82.6500015258789,4331000
2025-06-02,SHY,82.30999755859375,4011000
2025-06-03,SHY,82.29000091552734,4456600
2025-06-04,SHY,82.44000244140625,5744700
2025-06-05,SHY,82.3499984741211,3164700
2025-06-06,SHY,82.20999908447266,1563300
2025-06-09,SHY,82.2699966430664,2166800
2025-06-10,SHY,82.2699966430664,2010600
2025-06-11,SHY,82.4000015258789,1825500
2025-06-12,SHY,82.47000122070312,2612200
2025-06-13,SHY,82.41000366210938,3572700
2025-06-16,SHY,82.4000015258789,2380700
2025-06-17,SHY,82.44000244140625,2057400
2025-06-18,SHY,82.4800033569336,1921300
2025-06-20,SHY,82.54000091552734,2328700
2025-06-23,SHY,82.6500015258789,3113400
2025-06-24,SHY,82.72000122070312,4292000
2025-06-25,SHY,82.7300033569336,3268100
2025-06-26,SHY,82.83000183105469,4964600
2025-06-27,SHY,82.80000305175781,2432800
2025-06-30,SHY,82.86000061035156,5690200
2025-07-01,SHY,82.51000213623047,5018100
2025-07-02,SHY,82.5,4292600
2025-07-03,SHY,82.41000366210938,2781500
2025-07-07,SHY,82.38999938964844,4022000
2025-07-08,SHY,82.4000015258789,3648300
2025-07-09,SHY,82.47000122070312,2002200
2025-07-10,SHY,82.47000122070312,2249400
2025-07-11,SHY,82.44999694824219,4146300
2025-07-14,SHY,82.45999908447266,1887300
2025-07-15,SHY,82.37999725341797,3436600
2025-07-16,SHY,82.48999786376953,4457200
2025-07-17,SHY,82.45999908447266,2819800
2025-07-18,SHY,82.52999877929688,1294500
2025-07-21,SHY,82.58000183105469,1857200
2025-07-22,SHY,82.63999938964844,8474300
2025-07-23,SHY,82.56999969482422,2500900
2025-07-24,SHY,82.5,2147100
2025-07-25,SHY,82.55000305175781,2023400
2025-07-28,SHY,82.54000091552734,2467100
2025-07-29,SHY,82.61000061035156,2079200
2025-07-30,SHY,82.5199966430664,3786200
2025-07-31,SHY,82.5199966430664,5883700
2025-08-01,SHY,82.66000366210938,6048700
2025-08-04,SHY,82.68000030517578,4535300
2025-08-05,SHY,82.6500015258789,6269300
2025-08-06,SHY,82.68000030517578,2741800
2025-08-07,SHY,82.63999938964844,2927700
2025-08-08,SHY,82.62000274658203,2621200
2025-08-11,SHY,82.62000274658203,2730500
2025-08-12,SHY,82.68000030517578,2844100
2025-08-13,SHY,82.79000091552734,3589200
2025-08-14,SHY,82.69999694824219,3934100
2025-08-15,SHY,82.66999816894531,1979400
2025-08-18,SHY,82.66999816894531,6377300
2025-08-19,SHY,82.70999908447266,7318900
2025-08-20,SHY,82.73999786376953,2613800
2025-08-21,SHY,82.66999816894531,3399800
2025-08-22,SHY,82.8499984741211,4815300
2025-08-25,SHY,82.80999755859375,5797100
2025-08-26,SHY,82.87999725341797,1673600
2025-08-27,SHY,82.94000244140625,2399500
2025-08-28,SHY,82.91000366210938,1824800
2025-08-29,SHY,82.9800033569336,2757600
2025-09-02,SHY,82.68000030517578,4372200
2025-09-03,SHY,82.73999786376953,3284400
2025-09-04,SHY,82.80000305175781,3232700
2025-09-05,SHY,82.91999816894531,5352500
2025-09-08,SHY,82.97000122070312,2281200
2025-09-09,SHY,82.9000015258789,2467600
2025-09-10,SHY,82.91000366210938,8269500
2025-09-11,SHY,82.94000244140625,4892400
2025-09-12,SHY,82.93000030517578,3057500
2025-09-15,SHY,82.95999908447266,1917300
2025-09-16,SHY,83.0,2091100
2025-09-17,SHY,82.95999908447266,4243800
2025-09-18,SHY,82.93000030517578,2847600
2025-09-19,SHY,82.95999908447266,2196900
2025-09-22,SHY,82.91999816894531,1835800
2025-09-23,SHY,82.94999694824219,2433300
2025-09-24,SHY,82.91000366210938,3073900
2025-09-25,SHY,82.83999633789062,3458200
2025-09-26,SHY,82.88999938964844,2291700
2025-09-29,SHY,82.91999816894531,3836900
2025-09-30,SHY,82.95999908447266,4044100
2025-10-01,SHY,82.80000305175781,4194100
2025-10-02,SHY,82.81999969482422,1896800
2025-10-03,SHY,82.79000091552734,2282300
2025-10-06,SHY,82.7699966430664,2637300
2025-10-07,SHY,82.80999755859375,2301800
2025-10-08,SHY,82.80000305175781,2942100
2025-10-09,SHY,82.79000091552734,2884700
2025-10-10,SHY,82.93000030517578,5552900
2025-10-13,SHY,83.08999633789062,9266400
2025-10-14,SHY,83.02999877929688,6221200
2025-10-15,SHY,82.98999786376953,3720300
2025-10-16,SHY,83.0999984741211,5563700
2025-10-17,SHY,83.08999633789062,3354600
2025-10-20,SHY,83.0999984741211,3331400
2025-10-21,SHY,83.12000274658203,4726800
2025-10-22,SHY,83.12000274658203,6952900
2025-10-23,SHY,83.05999755859375,4405500
2025-10-24,SHY,83.11000061035156,2293400
2025-10-27,SHY,83.08999633789062,6043700
2025-10-28,SHY,83.0999984741211,6114700
2025-10-29,SHY,82.94000244140625,5335000
2025-10-30,SHY,82.94999694824219,3799300
2025-10-31,SHY,82.9800033569336,3592700
2025-11-03,SHY,82.72000122070312,5418800
2025-11-04,SHY,82.75,6502000
2025-11-05,SHY,82.69000244140625,3952600
2025-11-06,SHY,82.79000091552734,3725200
2025-11-07,SHY,82.83000183105469,2942900
2025-11-10,SHY,82.80999755859375,6287900
2025-11-11,SHY,82.87999725341797,4175200
2025-11-12,SHY,82.8499984741211,2369900
2025-11-13,SHY,82.80000305175781,5328100
2025-11-14,SHY,82.83000183105469,5750000
2025-11-17,SHY,82.81999969482422,7200800
2025-11-18,SHY,82.87000274658203,3498300
2025-11-19,SHY,82.86000061035156,2679800
2025-11-20,SHY,82.93000030517578,5810700
2025-11-21,SHY,83.02999877929688,4849600
2025-11-24,SHY,83.04000091552734,5120700
2025-11-25,SHY,83.08999633789062,4276700
2025-11-26,SHY,83.08000183105469,4349400
2025-11-28,SHY,83.08000183105469,2799600
2025-12-01,SHY,82.76000213623047,3358500
2025-12-02,SHY,82.80999755859375,4653000
2025-12-03,SHY,82.86000061035156,2121300
2025-12-04,SHY,82.80000305175781,2473900
2025-12-05,SHY,82.7699966430664,2172300
2025-12-08,SHY,82.75,3378600
2025-12-09,SHY,82.70999908447266,2709900
2025-12-10,SHY,82.8499984741211,4431300
2025-12-11,SHY,82.86000061035156,3552400
2025-12-12,SHY,82.87000274658203,4256400
2025-12-15,SHY,82.91999816894531,5252200
2025-12-16,SHY,82.95999908447266,4004800
2025-12-17,SHY,82.97000122070312,5873900
2025-12-18,SHY,83.02999877929688,3896800
2025-12-19,SHY,82.76000213623047,4195000
2025-12-22,SHY,82.72000122070312,4489000
2025-12-23,SHY,82.68000030517578,3442900
2025-12-24,SHY,82.7300033569336,2287200
2025-12-26,SHY,82.79000091552734,2034700
2025-12-29,SHY,82.83000183105469,3432000
2025-12-30,SHY,82.8499984741211,3641100
2025-12-31,SHY,82.81999969482422,3753000
2026-01-02,SHY,82.86000061035156,3041700
2026-01-05,SHY,82.88999938964844,3063400
2026-01-06,SHY,82.9000015258789,4368900
2026-01-07,SHY,82.88999938964844,4298000
2026-01-08,SHY,82.86000061035156,2470500
2026-01-09,SHY,82.83000183105469,3409700
2026-01-12,SHY,82.83000183105469,2243100
2026-01-13,SHY,82.8499984741211,4656300
2026-01-14,SHY,82.87000274658203,3022500
2026-01-15,SHY,82.80999755859375,3306400
2026-01-16,SHY,82.79000091552734,4540100
2026-01-20,SHY,82.80000305175781,5763700
2026-01-21,SHY,82.83999633789062,14151400
2026-01-22,SHY,82.80999755859375,4878300
2026-01-23,SHY,82.83999633789062,2506700
2026-01-26,SHY,82.87000274658203,3094300
2026-01-27,SHY,82.88999938964844,4339300
2026-01-28,SHY,82.88999938964844,4157500
2026-01-29,SHY,82.91999816894531,4135800
2026-01-30,SHY,82.98999786376953,4272800
2026-02-02,SHY,82.69999694824219,4079300
2026-02-03,SHY,82.69000244140625,4449700
2026-02-04,SHY,82.7300033569336,3945400
2026-02-05,SHY,82.86000061035156,6014000
2026-02-06,SHY,82.86000061035156,7414400
2026-02-09,SHY,82.87999725341797,6928900
2026-02-10,SHY,82.93000030517578,4736200
2026-02-11,SHY,82.8499984741211,3509800
2026-02-12,SHY,82.93000030517578,3377300
2026-02-13,SHY,83.05999755859375,3563900
2026-02-17,SHY,83.02999877929688,3293800
2026-02-18,SHY,82.9800033569336,2145500
2026-02-19,SHY,82.9800033569336,2653900
2026-02-20,SHY,82.98999786376953,3451900
2026-02-23,SHY,83.05999755859375,2809000
2026-02-24,SHY,83.05999755859375,5232700
2026-02-25,SHY,83.04000091552734,4495400
2026-02-26,SHY,83.06999969482422,7856900
2026-02-27,SHY,83.18000030517578,5655100
2026-03-02,SHY,82.80999755859375,7074100
2026-03-03,SHY,82.80000305175781,5817200
2026-03-04,SHY,82.75,5025800
2026-03-05,SHY,82.69000244140625,7172700
2026-03-06,SHY,82.7300033569336,5750000
2026-03-09,SHY,82.7699966430664,4899200
2026-03-10,SHY,82.72000122070312,5106600
2026-03-11,SHY,82.63999938964844,3976900
2026-03-12,SHY,82.5,8506900
2026-03-13,SHY,82.55000305175781,7184000
2026-03-16,SHY,82.6500015258789,4785600
2026-03-17,SHY,82.66000366210938,3379600
2026-03-18,SHY,82.51000213623047,5624600
2026-03-19,SHY,82.48999786376953,12151300
2026-03-20,SHY,82.30999755859375,11512100
2026-03-23,SHY,82.43000030517578,8918100
2026-03-24,SHY,82.30999755859375,8547200
2026-03-25,SHY,82.4000015258789,5556000
2026-03-26,SHY,82.22000122070312,7405900
2026-03-27,SHY,82.38999938964844,7966400
2026-03-30,SHY,82.5,5461200
2026-03-31,SHY,82.56999969482422,10879800
2026-04-01,SHY,82.31999969482422,7671800
2026-04-02,SHY,82.36000061035156,4735100
2026-04-06,SHY,82.27999877929688,3659700
2026-04-07,SHY,82.33999633789062,3130500
2026-04-08,SHY,82.41999816894531,6026600
2026-04-09,SHY,82.44000244140625,6123400
2026-04-10,SHY,82.41000366210938,5766600
2026-04-13,SHY,82.47000122070312,2919900
2026-04-14,SHY,82.52999877929688,3521000
2026-04-15,SHY,82.51000213623047,3072800
2026-04-16,SHY,82.4800033569336,2875600
2026-04-17,SHY,82.63999938964844,4856700
2026-04-20,SHY,82.5999984741211,1800400
2026-04-21,SHY,82.4800033569336,3375600
2026-04-22,SHY,82.5199966430664,2126000
2026-04-23,SHY,82.4800033569336,3086000
2026-04-24,SHY,82.56999969482422,3271800
2026-04-27,SHY,82.55000305175781,2376200
2026-04-28,SHY,82.5,4175900
2026-04-29,SHY,82.38999938964844,4900900
2026-04-30,SHY,82.4800033569336,4183200
2026-05-01,SHY,82.25,2999400
2026-05-04,SHY,82.1500015258789,4021000
2026-05-05,SHY,82.19000244140625,3736500
2026-05-06,SHY,82.30000305175781,2842000
2026-05-07,SHY,82.2300033569336,2564800
2026-05-08,SHY,82.30000305175781,1597900
2026-05-11,SHY,82.22000122070312,1694000
2026-05-12,SHY,82.16000366210938,3292000
2026-05-13,SHY,82.19000244140625,2667200
2026-05-14,SHY,82.16000366210938,2185600
2026-05-15,SHY,82.05999755859375,3543600
2026-05-18,SHY,82.0999984741211,3801000
2026-05-19,SHY,82.04000091552734,3046900
2026-05-20,SHY,82.1500015258789,6917100
2026-05-21,SHY,82.13999938964844,5047200
2026-05-22,SHY,82.12000274658203,2721300
2026-05-26,SHY,82.20999908447266,2783500
2026-05-27,SHY,82.22000122070312,2001600
2026-05-28,SHY,82.26000213623047,2578700
2026-05-29,SHY,82.30000305175781,2520800
2026-06-01,SHY,82.01000213623047,2975600
2026-06-02,SHY,82.01000213623047,1890900
2026-06-03,SHY,81.97000122070312,3261700
2026-06-04,SHY,82.02999877929688,3010500
2026-06-05,SHY,81.86000061035156,5008100
2026-06-08,SHY,81.9000015258789,5010000
2026-06-09,SHY,81.94000244140625,3242100
2026-06-10,SHY,81.94000244140625,3446600
2026-06-11,SHY,82.08999633789062,4528000
2026-06-12,SHY,82.06999969482422,3966800
2026-06-15,SHY,82.11000061035156,3625900
2026-06-16,SHY,82.12999725341797,1766800
2026-06-17,SHY,81.87999725341797,5236600
2026-06-18,SHY,81.98999786376953,3044000
2026-06-22,SHY,81.91000366210938,2502000
2026-06-23,SHY,81.97000122070312,6606500
2026-06-24,SHY,82.06999969482422,3660400
2026-06-25,SHY,82.08999633789062,4011800
2026-06-26,SHY,82.19000244140625,2949000
2026-06-29,SHY,82.16999816894531,2234500
2026-06-30,SHY,82.11000061035156,3358800
2026-07-01,SHY,81.83999633789062,3433600
2026-07-02,SHY,81.94000244140625,3504900
2026-07-06,SHY,81.9800033569336,5755600
2026-07-07,SHY,81.86000061035156,3199600
2026-07-08,SHY,81.83999633789062,2179200
2024-11-18,SPY,588.1500244140625,37001700
2024-11-19,SPY,590.2999877929688,49412000
2024-11-20,SPY,590.5,50032600
2024-11-21,SPY,593.6699829101562,46750300
2024-11-22,SPY,595.510009765625,38226400
2024-11-25,SPY,597.530029296875,42441400
2024-11-26,SPY,600.6500244140625,45621300
2024-11-27,SPY,598.8300170898438,34000200
2024-11-29,SPY,602.5499877929688,30177400
2024-12-02,SPY,603.6300048828125,31746000
2024-12-03,SPY,603.9099731445312,26906600
2024-12-04,SPY,607.6599731445312,42787600
2024-12-05,SPY,606.6599731445312,28762200
2024-12-06,SPY,607.8099975585938,31241500
2024-12-09,SPY,604.6799926757812,34742700
2024-12-10,SPY,602.7999877929688,37234500
2024-12-11,SPY,607.4600219726562,28677700
2024-12-12,SPY,604.3300170898438,31543800
2024-12-13,SPY,604.2100219726562,35904700
2024-12-16,SPY,606.7899780273438,43695200
2024-12-17,SPY,604.2899780273438,55773500
2024-12-18,SPY,586.280029296875,108248700
2024-12-19,SPY,586.0999755859375,85919500
2024-12-20,SPY,591.1500244140625,125716700
2024-12-23,SPY,594.6900024414062,57635800
2024-12-24,SPY,601.2999877929688,33160100
2024-12-26,SPY,601.3400268554688,41219100
2024-12-27,SPY,595.010009765625,64969300
2024-12-30,SPY,588.219970703125,56578800
2024-12-31,SPY,586.0800170898438,57052700
2025-01-02,SPY,584.6400146484375,50204000
2025-01-03,SPY,591.9500122070312,37888500
2025-01-06,SPY,595.3599853515625,47679400
2025-01-07,SPY,588.6300048828125,60393100
2025-01-08,SPY,589.489990234375,47304700
2025-01-10,SPY,580.489990234375,73105000
2025-01-13,SPY,581.3900146484375,47910100
2025-01-14,SPY,582.1900024414062,48420600
2025-01-15,SPY,592.780029296875,56900200
2025-01-16,SPY,591.6400146484375,43319700
2025-01-17,SPY,597.5800170898438,58070600
2025-01-21,SPY,603.0499877929688,42532900
2025-01-22,SPY,606.4400024414062,48196000
2025-01-23,SPY,609.75,41152100
2025-01-24,SPY,607.969970703125,34604700
2025-01-27,SPY,599.3699951171875,70361100
2025-01-28,SPY,604.52001953125,44433300
2025-01-29,SPY,601.8099975585938,37177400
2025-01-30,SPY,605.0399780273438,39281300
2025-01-31,SPY,601.8200073242188,66566900
2025-02-03,SPY,597.77001953125,65857200
2025-02-04,SPY,601.780029296875,33457800
2025-02-05,SPY,604.219970703125,30653100
2025-02-06,SPY,606.3200073242188,35771500
2025-02-07,SPY,600.77001953125,50788500
2025-02-10,SPY,604.8499755859375,26048700
2025-02-11,SPY,605.3099975585938,30056700
2025-02-12,SPY,603.3599853515625,45076100
2025-02-13,SPY,609.72998046875,40921300
2025-02-14,SPY,609.7000122070312,26910400
2025-02-18,SPY,611.489990234375,26749000
2025-02-19,SPY,612.9299926757812,31011100
2025-02-20,SPY,610.3800048828125,36554000
2025-02-21,SPY,599.9400024414062,76519800
2025-02-24,SPY,597.2100219726562,50737200
2025-02-25,SPY,594.239990234375,58266500
2025-02-26,SPY,594.5399780273438,43321600
2025-02-27,SPY,585.0499877929688,74196700
2025-02-28,SPY,594.1799926757812,88744100
2025-03-03,SPY,583.77001953125,74249200
2025-03-04,SPY,576.8599853515625,109648200
2025-03-05,SPY,583.0599975585938,71230500
2025-03-06,SPY,572.7100219726562,80094900
2025-03-07,SPY,575.9199829101562,81158800
2025-03-10,SPY,560.5800170898438,99326600
2025-03-11,SPY,555.9199829101562,88102100
2025-03-12,SPY,558.8699951171875,69588200
2025-03-13,SPY,551.4199829101562,74079400
2025-03-14,SPY,562.8099975585938,62660300
2025-03-17,SPY,567.1500244140625,49008700
2025-03-18,SPY,561.02001953125,66041400
2025-03-19,SPY,567.1300048828125,66556000
2025-03-20,SPY,565.489990234375,62958200
2025-03-21,SPY,563.97998046875,83763000
2025-03-24,SPY,574.0800170898438,58766800
2025-03-25,SPY,575.4600219726562,38355700
2025-03-26,SPY,568.5900268554688,51848300
2025-03-27,SPY,567.0800170898438,42164200
2025-03-28,SPY,555.6599731445312,71662700
2025-03-31,SPY,559.3900146484375,95328200
2025-04-01,SPY,560.969970703125,54609600
2025-04-02,SPY,564.52001953125,76014500
2025-04-03,SPY,536.7000122070312,125986000
2025-04-04,SPY,505.2799987792969,217965100
2025-04-07,SPY,504.3800048828125,256611400
2025-04-08,SPY,496.4800109863281,165816600
2025-04-09,SPY,548.6199951171875,241867300
2025-04-10,SPY,524.5800170898438,162331200
2025-04-11,SPY,533.9400024414062,97866300
2025-04-14,SPY,539.1199951171875,68034000
2025-04-15,SPY,537.6099853515625,56892900
2025-04-16,SPY,525.6599731445312,83484800
2025-04-17,SPY,526.4099731445312,79868100
2025-04-21,SPY,513.8800048828125,69368100
2025-04-22,SPY,527.25,75948100
2025-04-23,SPY,535.4199829101562,90590700
2025-04-24,SPY,546.6900024414062,64150400
2025-04-25,SPY,550.6400146484375,61119600
2025-04-28,SPY,550.8499755859375,47613800
2025-04-29,SPY,554.3200073242188,47775100
2025-04-30,SPY,554.5399780273438,93101500
2025-05-01,SPY,558.469970703125,63186100
2025-05-02,SPY,566.760009765625,60717300
2025-05-05,SPY,563.510009765625,38659200
2025-05-06,SPY,558.7999877929688,48264700
2025-05-07,SPY,561.1500244140625,55588000
2025-05-08,SPY,565.0599975585938,65130800
2025-05-09,SPY,564.3400268554688,37603400
2025-05-12,SPY,582.989990234375,78993600
2025-05-13,SPY,586.8400268554688,67947200
2025-05-14,SPY,587.5900268554688,66283500
2025-05-15,SPY,590.4600219726562,71268100
2025-05-16,SPY,594.2000122070312,76052100
2025-05-19,SPY,594.8499755859375,68168500
2025-05-20,SPY,592.8499755859375,60614500
2025-05-21,SPY,582.8599853515625,95197700
2025-05-22,SPY,583.0900268554688,70860400
2025-05-23,SPY,579.1099853515625,76029000
2025-05-27,SPY,591.1500244140625,72588500
2025-05-28,SPY,587.72998046875,68445500
2025-05-29,SPY,590.0499877929688,69973300
2025-05-30,SPY,589.3900146484375,90601200
2025-06-02,SPY,592.7100219726562,61630500
2025-06-03,SPY,596.0900268554688,63606200
2025-06-04,SPY,595.9299926757812,57314200
2025-06-05,SPY,593.0499877929688,92278700
2025-06-06,SPY,599.1400146484375,66588700
2025-06-09,SPY,599.6799926757812,53016400
2025-06-10,SPY,603.0800170898438,66247000
2025-06-11,SPY,601.3599853515625,73658200
2025-06-12,SPY,603.75,64129000
2025-06-13,SPY,597.0,89506000
2025-06-16,SPY,602.6799926757812,79984100
2025-06-17,SPY,597.530029296875,82209400
2025-06-18,SPY,597.4400024414062,76605000
2025-06-20,SPY,594.280029296875,94051400
2025-06-23,SPY,600.1500244140625,87426000
2025-06-24,SPY,606.780029296875,67735300
2025-06-25,SPY,607.1199951171875,62114800
2025-06-26,SPY,611.8699951171875,78548400
2025-06-27,SPY,614.9099731445312,86258400
2025-06-30,SPY,617.8499755859375,92502500
2025-07-01,SPY,617.6500244140625,70030100
2025-07-02,SPY,620.4500122070312,66510400
2025-07-03,SPY,625.3400268554688,51065800
2025-07-07,SPY,620.6799926757812,74814500
2025-07-08,SPY,620.3400268554688,59024600
2025-07-09,SPY,624.0599975585938,66113300
2025-07-10,SPY,625.8200073242188,57529000
2025-07-11,SPY,623.6199951171875,63670200
2025-07-14,SPY,624.8099975585938,51898500
2025-07-15,SPY,622.1400146484375,74317300
2025-07-16,SPY,624.219970703125,88987500
2025-07-17,SPY,628.0399780273438,68885700
2025-07-18,SPY,627.5800170898438,65621600
2025-07-21,SPY,628.77001953125,63375000
2025-07-22,SPY,628.8599853515625,60046300
2025-07-23,SPY,634.2100219726562,70511000
2025-07-24,SPY,634.4199829101562,71307100
2025-07-25,SPY,637.0999755859375,56865400
2025-07-28,SPY,636.9400024414062,54917100
2025-07-29,SPY,635.260009765625,60556300
2025-07-30,SPY,634.4600219726562,80418900
2025-07-31,SPY,632.0800170898438,103385200
2025-08-01,SPY,621.719970703125,140103600
2025-08-04,SPY,631.1699829101562,73218000
2025-08-05,SPY,627.969970703125,68051400
2025-08-06,SPY,632.780029296875,64357500
2025-08-07,SPY,632.25,74205800
2025-08-08,SPY,637.1799926757812,64051600
2025-08-11,SPY,635.9199829101562,58742300
2025-08-12,SPY,642.6900024414062,64730800
2025-08-13,SPY,644.8900146484375,60092800
2025-08-14,SPY,644.9500122070312,59327500
2025-08-15,SPY,643.4400024414062,68592500
2025-08-18,SPY,643.2999877929688,43804900
2025-08-19,SPY,639.8099975585938,69750700
2025-08-20,SPY,638.1099853515625,88890300
2025-08-21,SPY,635.5499877929688,54805800
2025-08-22,SPY,645.3099975585938,84083200
2025-08-25,SPY,642.469970703125,51274300
2025-08-26,SPY,645.1599731445312,51581600
2025-08-27,SPY,646.6300048828125,48341100
2025-08-28,SPY,648.9199829101562,61519500
2025-08-29,SPY,645.0499877929688,74522200
2025-09-02,SPY,640.27001953125,81983500
2025-09-03,SPY,643.739990234375,70820900
2025-09-04,SPY,649.1199951171875,65219200
2025-09-05,SPY,647.239990234375,85178900
2025-09-08,SPY,648.8300170898438,63133100
2025-09-09,SPY,650.3300170898438,66133900
2025-09-10,SPY,652.2100219726562,78034500
2025-09-11,SPY,657.6300048828125,69934400
2025-09-12,SPY,657.4099731445312,72780100
2025-09-15,SPY,660.9099731445312,63772400
2025-09-16,SPY,660.0,61169000
2025-09-17,SPY,659.1799926757812,101952200
2025-09-18,SPY,662.260009765625,90459200
2025-09-19,SPY,663.7000122070312,97945600
2025-09-22,SPY,666.8400268554688,69452200
2025-09-23,SPY,663.2100219726562,81708900
2025-09-24,SPY,661.0999755859375,68082200
2025-09-25,SPY,658.0499877929688,89622100
2025-09-26,SPY,661.8200073242188,69179200
2025-09-29,SPY,663.6799926757812,73499000
2025-09-30,SPY,666.1799926757812,86288000
2025-10-01,SPY,668.4500122070312,72545400
2025-10-02,SPY,669.219970703125,56896000
2025-10-03,SPY,669.2100219726562,70494400
2025-10-06,SPY,671.6099853515625,54623300
2025-10-07,SPY,669.1199951171875,72020100
2025-10-08,SPY,673.1099853515625,60702200
2025-10-09,SPY,671.1599731445312,66501900
2025-10-10,SPY,653.02001953125,159422600
2025-10-13,SPY,663.0399780273438,79560500
2025-10-14,SPY,662.22998046875,88779600
2025-10-15,SPY,665.1699829101562,81702600
2025-10-16,SPY,660.6400146484375,110563300
2025-10-17,SPY,664.3900146484375,96500900
2025-10-20,SPY,671.2999877929688,60493400
2025-10-21,SPY,671.2899780273438,56249000
2025-10-22,SPY,667.7999877929688,80564000
2025-10-23,SPY,671.760009765625,65604500
2025-10-24,SPY,677.25,74356500
2025-10-27,SPY,685.239990234375,63339800
2025-10-28,SPY,687.0599975585938,61738100
2025-10-29,SPY,687.3900146484375,85657100
2025-10-30,SPY,679.8300170898438,76335800
2025-10-31,SPY,682.0599975585938,87164100
2025-11-03,SPY,683.3400268554688,57315000
2025-11-04,SPY,675.239990234375,78427000
2025-11-05,SPY,677.5800170898438,74402400
2025-11-06,SPY,670.3099975585938,85035300
2025-11-07,SPY,670.969970703125,100592400
2025-11-10,SPY,681.4400024414062,75842900
2025-11-11,SPY,683.0,58953400
2025-11-12,SPY,683.3800048828125,62312500
2025-11-13,SPY,672.0399780273438,103457800
2025-11-14,SPY,671.9299926757812,96846700
2025-11-17,SPY,665.6699829101562,90456100
2025-11-18,SPY,660.0800170898438,114467500
2025-11-19,SPY,662.6300048828125,94703000
2025-11-20,SPY,652.530029296875,165293500
2025-11-21,SPY,659.030029296875,123956200
2025-11-24,SPY,668.72998046875,80437900
2025-11-25,SPY,675.02001953125,81077100
2025-11-26,SPY,679.6799926757812,71879600
2025-11-28,SPY,683.3900146484375,49212000
2025-12-01,SPY,680.27001953125,61201200
2025-12-02,SPY,681.530029296875,62953800
2025-12-03,SPY,683.8900146484375,57238500
2025-12-04,SPY,684.3900146484375,61970300
2025-12-05,SPY,685.6900024414062,79241000
2025-12-08,SPY,683.6300048828125,55231500
2025-12-09,SPY,683.0399780273438,58310100
2025-12-10,SPY,687.5700073242188,85671300
2025-12-11,SPY,689.1699829101562,86173700
2025-12-12,SPY,681.760009765625,113160300
2025-12-15,SPY,680.72998046875,90811000
2025-12-16,SPY,678.8699951171875,122030600
2025-12-17,SPY,671.4000244140625,110625200
2025-12-18,SPY,676.469970703125,108650100
2025-12-19,SPY,680.5900268554688,103599500
2025-12-22,SPY,684.8300170898438,69556700
2025-12-23,SPY,687.9600219726562,64840000
2025-12-24,SPY,690.3800048828125,39445600
2025-12-26,SPY,690.3099975585938,41613300
2025-12-29,SPY,687.8499755859375,62559500
2025-12-30,SPY,687.010009765625,47160700
2025-12-31,SPY,681.9199829101562,74144800
2026-01-02,SPY,683.1699829101562,89377200
2026-01-05,SPY,687.719970703125,71927200
2026-01-06,SPY,691.8099975585938,69273800
2026-01-07,SPY,689.5800170898438,75588300
2026-01-08,SPY,689.510009765625,64019200
2026-01-09,SPY,694.0700073242188,80125500
2026-01-12,SPY,695.1599731445312,63976000
2026-01-13,SPY,693.77001953125,78309700
2026-01-14,SPY,690.3599853515625,94676700
2026-01-15,SPY,692.239990234375,77862000
2026-01-16,SPY,691.6599731445312,79289200
2026-01-20,SPY,677.5800170898438,111623300
2026-01-21,SPY,685.4000244140625,127844500
2026-01-22,SPY,688.97998046875,77112200
2026-01-23,SPY,689.22998046875,63059600
2026-01-26,SPY,692.72998046875,60473800
2026-01-27,SPY,695.489990234375,55506100
2026-01-28,SPY,695.4199829101562,61172200
2026-01-29,SPY,694.0399780273438,97486200
2026-01-30,SPY,691.969970703125,101835100
2026-02-02,SPY,695.4099731445312,79286500
2026-02-03,SPY,689.530029296875,107904600
2026-02-04,SPY,686.1900024414062,105204600
2026-02-05,SPY,677.6199951171875,113610800
2026-02-06,SPY,690.6199951171875,89127600
2026-02-09,SPY,693.9500122070312,73885200
2026-02-10,SPY,692.1199951171875,65185700
2026-02-11,SPY,691.9600219726562,76353900
2026-02-12,SPY,681.27001953125,118829000
2026-02-13,SPY,681.75,96267500
2026-02-17,SPY,682.8499755859375,81354700
2026-02-18,SPY,686.2899780273438,73570300
2026-02-19,SPY,684.47998046875,58649400
2026-02-20,SPY,689.4299926757812,100034000
2026-02-23,SPY,682.3900146484375,90558100
2026-02-24,SPY,687.3499755859375,73798700
2026-02-25,SPY,693.1500244140625,56369500
2026-02-26,SPY,689.2999877929688,71671000
2026-02-27,SPY,685.989990234375,83308900
2026-03-02,SPY,686.3800048828125,87477200
2026-03-03,SPY,680.3300170898438,105003100
2026-03-04,SPY,685.1300048828125,79182200
2026-03-05,SPY,681.3099975585938,106606500
2026-03-06,SPY,672.3800048828125,100687000
2026-03-09,SPY,678.27001953125,102667700
2026-03-10,SPY,677.1799926757812,81505300
2026-03-11,SPY,676.3300170898438,68441700
2026-03-12,SPY,666.0599975585938,108882200
2026-03-13,SPY,662.2899780273438,97200200
2026-03-16,SPY,669.030029296875,82023100
2026-03-17,SPY,670.7899780273438,87128000
2026-03-18,SPY,661.4299926757812,82062600
2026-03-19,SPY,659.7999877929688,111272500
2026-03-20,SPY,648.5700073242188,163617500
2026-03-23,SPY,655.3800048828125,134802700
2026-03-24,SPY,653.1799926757812,96457500
2026-03-25,SPY,656.8200073242188,90653800
2026-03-26,SPY,645.0900268554688,96494400
2026-03-27,SPY,634.0900268554688,103649400
2026-03-30,SPY,631.969970703125,99275900
2026-03-31,SPY,650.3400268554688,152534100
2026-04-01,SPY,655.239990234375,97841500
2026-04-02,SPY,655.8300170898438,68358700
2026-04-06,SPY,658.9299926757812,39105800
2026-04-07,SPY,659.219970703125,69980400
2026-04-08,SPY,676.010009765625,93606100
2026-04-09,SPY,679.9099731445312,57134400
2026-04-10,SPY,679.4600219726562,42253500
2026-04-13,SPY,686.0999755859375,54185800
2026-04-14,SPY,694.4600219726562,63480500
2026-04-15,SPY,699.9400024414062,58240400
2026-04-16,SPY,701.6599731445312,49972400
2026-04-17,SPY,710.1400146484375,70661900
2026-04-20,SPY,708.719970703125,43546800
2026-04-21,SPY,704.0800170898438,58941400
2026-04-22,SPY,711.2100219726562,42518500
2026-04-23,SPY,708.4500122070312,56174000
2026-04-24,SPY,713.9400024414062,45182000
2026-04-27,SPY,715.1699829101562,33135900
2026-04-28,SPY,711.6900024414062,43117400
2026-04-29,SPY,711.5800170898438,41859200
2026-04-30,SPY,718.6599731445312,67240900
2026-05-01,SPY,720.6500244140625,43049800
2026-05-04,SPY,718.010009765625,51950600
2026-05-05,SPY,723.77001953125,36933200
2026-05-06,SPY,733.8300170898438,53288900
2026-05-07,SPY,731.5800170898438,51724600
2026-05-08,SPY,737.6199951171875,47227100
2026-05-11,SPY,739.2999877929688,44024000
2026-05-12,SPY,738.1799926757812,54185300
2026-05-13,SPY,742.3099975585938,44200200
2026-05-14,SPY,748.1699829101562,45307600
2026-05-15,SPY,739.1699829101562,60410800
2026-05-18,SPY,738.6500244140625,47843900
2026-05-19,SPY,733.72998046875,54255900
2026-05-20,SPY,741.25,45768000
2026-05-21,SPY,742.719970703125,43332200
2026-05-22,SPY,745.6400146484375,41762000
2026-05-26,SPY,750.5900268554688,41123600
2026-05-27,SPY,750.4600219726562,42106300
2026-05-28,SPY,754.5999755859375,41562600
2026-05-29,SPY,756.47998046875,55075700
2026-06-01,SPY,758.5399780273438,43634900
2026-06-02,SPY,759.5700073242188,31581900
2026-06-03,SPY,754.239990234375,51402500
2026-06-04,SPY,757.0900268554688,49923000
2026-06-05,SPY,737.5499877929688,93989400
2026-06-08,SPY,739.219970703125,49319100
2026-06-09,SPY,737.0499877929688,87683500
2026-06-10,SPY,725.4299926757812,60341300
2026-06-11,SPY,737.760009765625,86330500
2026-06-12,SPY,741.75,57079500
2026-06-15,SPY,754.8300170898438,60176400
2026-06-16,SPY,750.3300170898438,67093100
2026-06-17,SPY,740.9600219726562,85945200
2026-06-18,SPY,746.739990234375,80875700
2026-06-22,SPY,744.3900146484375,46628100
2026-06-23,SPY,733.5800170898438,66846800
2026-06-24,SPY,733.239990234375,57439500
2026-06-25,SPY,734.2999877929688,53934400
2026-06-26,SPY,728.989990234375,71034000
2026-06-29,SPY,741.0,58035200
2026-06-30,SPY,746.77001953125,55626000
2026-07-01,SPY,745.760009765625,47100900
2026-07-02,SPY,744.780029296875,57447800
2026-07-06,SPY,751.280029296875,50673300
2026-07-07,SPY,747.7100219726562,43721500
2026-07-08,SPY,745.4000244140625,43767400
2024-11-18,TIP,107.70999908447266,1572000
2024-11-19,TIP,107.87999725341797,1349300
2024-11-20,TIP,107.83000183105469,2465200
2024-11-21,TIP,107.69000244140625,2007300
2024-11-22,TIP,107.7699966430664,1541900
2024-11-25,TIP,108.36000061035156,2028500
2024-11-26,TIP,108.11000061035156,2612500
2024-11-27,TIP,108.44999694824219,2106700
2024-11-29,TIP,108.76000213623047,2221400
2024-12-02,TIP,108.51000213623047,10473300
2024-12-03,TIP,108.55999755859375,2072500
2024-12-04,TIP,108.87000274658203,2743300
2024-12-05,TIP,108.73999786376953,1712900
2024-12-06,TIP,108.83000183105469,1557400
2024-12-09,TIP,108.62999725341797,1239200
2024-12-10,TIP,108.58999633789062,1925100
2024-12-11,TIP,108.43000030517578,1200500
2024-12-12,TIP,108.08000183105469,1836700
2024-12-13,TIP,107.77999877929688,1480300
2024-12-16,TIP,107.66000366210938,2852400
2024-12-17,TIP,107.5999984741211,1375700
2024-12-18,TIP,106.76000213623047,2634500
2024-12-19,TIP,106.33000183105469,5926400
2024-12-20,TIP,106.54000091552734,3304900
2024-12-23,TIP,106.4000015258789,2272500
2024-12-24,TIP,106.63999938964844,704400
2024-12-26,TIP,106.63999938964844,1175800
2024-12-27,TIP,106.37000274658203,1359200
2024-12-30,TIP,106.68000030517578,6392500
2024-12-31,TIP,106.55000305175781,2971800
2025-01-02,TIP,106.70999908447266,3753600
2025-01-03,TIP,106.48999786376953,2283800
2025-01-06,TIP,106.48999786376953,4278000
2025-01-07,TIP,106.31999969482422,6720600
2025-01-08,TIP,106.5999984741211,2661800
2025-01-10,TIP,106.22000122070312,4238600
2025-01-13,TIP,106.22000122070312,1671800
2025-01-14,TIP,106.26000213623047,1100800
2025-01-15,TIP,107.0,2803400
2025-01-16,TIP,107.13999938964844,2669400
2025-01-17,TIP,107.18000030517578,1068100
2025-01-21,TIP,107.26000213623047,2552600
2025-01-22,TIP,107.13999938964844,1549800
2025-01-23,TIP,107.23999786376953,2548900
2025-01-24,TIP,107.43000030517578,1654800
2025-01-27,TIP,107.87999725341797,3059000
2025-01-28,TIP,107.94999694824219,1363400
2025-01-29,TIP,107.81999969482422,941400
2025-01-30,TIP,107.93000030517578,1530500
2025-01-31,TIP,108.01000213623047,2848200
2025-02-03,TIP,108.26000213623047,5060500
2025-02-04,TIP,108.44000244140625,3018800
2025-02-05,TIP,108.91999816894531,2186500
2025-02-06,TIP,108.7300033569336,1366000
2025-02-07,TIP,108.44000244140625,3189500
2025-02-10,TIP,108.48999786376953,1028500
2025-02-11,TIP,108.45999908447266,1493200
2025-02-12,TIP,107.80999755859375,1680900
2025-02-13,TIP,108.41000366210938,1669600
2025-02-14,TIP,108.61000061035156,2046800
2025-02-18,TIP,108.26000213623047,1330100
2025-02-19,TIP,108.4800033569336,1030600
2025-02-20,TIP,108.69999694824219,2129300
2025-02-21,TIP,108.91999816894531,1114500
2025-02-24,TIP,109.16000366210938,1137700
2025-02-25,TIP,109.62000274658203,1629900
2025-02-26,TIP,109.70999908447266,1728200
2025-02-27,TIP,109.58000183105469,1194400
2025-02-28,TIP,110.33999633789062,2418600
2025-03-03,TIP,110.63999938964844,2632500
2025-03-04,TIP,110.25,3752200
2025-03-05,TIP,109.69000244140625,2822000
2025-03-06,TIP,109.63999938964844,1945000
2025-03-07,TIP,109.45999908447266,2422200
2025-03-10,TIP,109.94999694824219,1903400
2025-03-11,TIP,109.6500015258789,2341300
2025-03-12,TIP,109.5199966430664,3293300
2025-03-13,TIP,109.68000030517578,2152200
2025-03-14,TIP,109.41999816894531,1042900
2025-03-17,TIP,109.44999694824219,1838400
2025-03-18,TIP,109.56999969482422,1172200
2025-03-19,TIP,110.12999725341797,1391800
2025-03-20,TIP,110.2300033569336,2287100
2025-03-21,TIP,110.0999984741211,1228400
2025-03-24,TIP,109.81999969482422,1977500
2025-03-25,TIP,110.0,1165300
2025-03-26,TIP,109.86000061035156,1548100
2025-03-27,TIP,110.08999633789062,2945700
2025-03-28,TIP,110.6500015258789,1558500
2025-03-31,TIP,111.08999633789062,2755600
2025-04-01,TIP,110.44999694824219,3953100
2025-04-02,TIP,110.27999877929688,1679800
2025-04-03,TIP,110.97000122070312,3547500
2025-04-04,TIP,110.5999984741211,4726000
2025-04-07,TIP,109.2699966430664,5648000
2025-04-08,TIP,109.0,3549100
2025-04-09,TIP,109.2300033569336,4559100
2025-04-10,TIP,107.93000030517578,4609000
2025-04-11,TIP,107.97000122070312,2989200
2025-04-14,TIP,108.48999786376953,3639200
2025-04-15,TIP,108.4800033569336,2982000
2025-04-16,TIP,108.77999877929688,2294400
2025-04-17,TIP,109.02999877929688,1942000
2025-04-21,TIP,108.47000122070312,2079200
2025-04-22,TIP,108.87000274658203,2639700
2025-04-23,TIP,109.19000244140625,1740500
2025-04-24,TIP,109.7699966430664,1658300
2025-04-25,TIP,109.81999969482422,1930700
2025-04-28,TIP,110.19999694824219,1204800
2025-04-29,TIP,110.38999938964844,1106100
2025-04-30,TIP,110.5199966430664,2729600
2025-05-01,TIP,109.61000061035156,2383600
2025-05-02,TIP,109.04000091552734,1794200
2025-05-05,TIP,108.93000030517578,1751500
2025-05-06,TIP,109.26000213623047,1772200
2025-05-07,TIP,109.37000274658203,2185800
2025-05-08,TIP,108.9800033569336,1132500
2025-05-09,TIP,109.08000183105469,867200
2025-05-12,TIP,108.2300033569336,1481000
2025-05-13,TIP,108.48999786376953,2724200
2025-05-14,TIP,108.37999725341797,1815200
2025-05-15,TIP,108.69000244140625,1668000
2025-05-16,TIP,108.87999725341797,1120900
2025-05-19,TIP,108.88999938964844,2179300
2025-05-20,TIP,108.7300033569336,1851600
2025-05-21,TIP,108.13999938964844,1870000
2025-05-22,TIP,108.45999908447266,2654500
2025-05-23,TIP,108.55999755859375,1596900
2025-05-27,TIP,108.87000274658203,2875500
2025-05-28,TIP,108.62000274658203,2367900
2025-05-29,TIP,108.93000030517578,1714500
2025-05-30,TIP,109.29000091552734,3950200
2025-06-02,TIP,108.6500015258789,2797100
2025-06-03,TIP,108.55000305175781,3669800
2025-06-04,TIP,108.97000122070312,2432200
2025-06-05,TIP,108.6500015258789,2596700
2025-06-06,TIP,108.06999969482422,2031700
2025-06-09,TIP,108.22000122070312,2846000
2025-06-10,TIP,108.2699966430664,1757100
2025-06-11,TIP,108.44999694824219,1820500
2025-06-12,TIP,108.76000213623047,2207700
2025-06-13,TIP,108.5999984741211,1633700
2025-06-16,TIP,108.44999694824219,1684500
2025-06-17,TIP,109.0199966430664,3579200
2025-06-18,TIP,109.0999984741211,2168800
2025-06-20,TIP,109.29000091552734,1740800
2025-06-23,TIP,109.37999725341797,2846600
2025-06-24,TIP,109.5199966430664,2604700
2025-06-25,TIP,109.58000183105469,2096200
2025-06-26,TIP,109.9000015258789,2620800
2025-06-27,TIP,109.76000213623047,1547100
2025-06-30,TIP,110.04000091552734,4252900
2025-07-01,TIP,109.5999984741211,5945000
2025-07-02,TIP,109.55000305175781,3416700
2025-07-03,TIP,109.36000061035156,1776100
2025-07-07,TIP,109.22000122070312,1758700
2025-07-08,TIP,109.12999725341797,1577300
2025-07-09,TIP,109.54000091552734,3659600
2025-07-10,TIP,109.51000213623047,2378200
2025-07-11,TIP,109.33000183105469,2269800
2025-07-14,TIP,109.4000015258789,1530500
2025-07-15,TIP,109.11000061035156,2408100
2025-07-16,TIP,109.4800033569336,4479200
2025-07-17,TIP,109.58000183105469,1618100
2025-07-18,TIP,109.69999694824219,1720400
2025-07-21,TIP,109.9800033569336,3055900
2025-07-22,TIP,110.08000183105469,3951300
2025-07-23,TIP,109.6500015258789,2282900
2025-07-24,TIP,109.7300033569336,2321000
2025-07-25,TIP,109.83000183105469,1093400
2025-07-28,TIP,109.69000244140625,1656400
2025-07-29,TIP,110.27999877929688,2326800
2025-07-30,TIP,109.8499984741211,3846800
2025-07-31,TIP,109.66999816894531,3608800
2025-08-01,TIP,110.16999816894531,3766800
2025-08-04,TIP,110.48999786376953,3014900
2025-08-05,TIP,110.38999938964844,1800300
2025-08-06,TIP,110.30000305175781,1856200
2025-08-07,TIP,110.41999816894531,1606300
2025-08-08,TIP,110.3499984741211,1831600
2025-08-11,TIP,110.3499984741211,1624700
2025-08-12,TIP,110.16000366210938,2526100
2025-08-13,TIP,110.58000183105469,1598200
2025-08-14,TIP,110.25,2203400
2025-08-15,TIP,110.04000091552734,1745900
2025-08-18,TIP,109.91999816894531,1721300
2025-08-19,TIP,110.02999877929688,2263600
2025-08-20,TIP,110.1500015258789,2369300
2025-08-21,TIP,110.16999816894531,3563000
2025-08-22,TIP,110.91999816894531,3388300
2025-08-25,TIP,110.70999908447266,4332700
2025-08-26,TIP,110.97000122070312,5345700
2025-08-27,TIP,111.22000122070312,2106700
2025-08-28,TIP,111.29000091552734,3876100
2025-08-29,TIP,111.16999816894531,2847300
2025-09-02,TIP,110.55000305175781,5710700
2025-09-03,TIP,110.80000305175781,4699700
2025-09-04,TIP,110.97000122070312,3919500
2025-09-05,TIP,111.45999908447266,4068800
2025-09-08,TIP,111.69000244140625,3818200
2025-09-09,TIP,111.47000122070312,4938800
2025-09-10,TIP,111.63999938964844,4601200
2025-09-11,TIP,111.81999969482422,4158700
2025-09-12,TIP,111.66999816894531,2049100
2025-09-15,TIP,111.77999877929688,3587000
2025-09-16,TIP,111.87999725341797,5346500
2025-09-17,TIP,111.80999755859375,5676100
2025-09-18,TIP,111.5,4223100
2025-09-19,TIP,111.44000244140625,1336600
2025-09-22,TIP,111.16999816894531,2076400
2025-09-23,TIP,111.47000122070312,2856900
2025-09-24,TIP,111.2699966430664,2236400
2025-09-25,TIP,111.08999633789062,4019900
2025-09-26,TIP,111.11000061035156,2790000
2025-09-29,TIP,111.25,2524800
2025-09-30,TIP,111.22000122070312,2985100
2025-10-01,TIP,111.22000122070312,3796100
2025-10-02,TIP,111.16999816894531,3162400
2025-10-03,TIP,111.05000305175781,2184000
2025-10-06,TIP,110.86000061035156,2262400
2025-10-07,TIP,111.16999816894531,2714900
2025-10-08,TIP,111.25,2273300
2025-10-09,TIP,111.12000274658203,2491400
2025-10-10,TIP,111.51000213623047,4018900
2025-10-13,TIP,111.79000091552734,2206300
2025-10-14,TIP,111.66999816894531,4469200
2025-10-15,TIP,111.63999938964844,3018700
2025-10-16,TIP,111.9000015258789,2687300
2025-10-17,TIP,111.68000030517578,1739700
2025-10-20,TIP,111.77999877929688,2108500
2025-10-21,TIP,112.0199966430664,2702400
2025-10-22,TIP,112.19999694824219,2898200
2025-10-23,TIP,111.9800033569336,2645900
2025-10-24,TIP,111.97000122070312,1706700
2025-10-27,TIP,111.94000244140625,2753600
2025-10-28,TIP,112.02999877929688,2608700
2025-10-29,TIP,111.44000244140625,2976500
2025-10-30,TIP,111.19999694824219,3977100
2025-10-31,TIP,111.37999725341797,2249300
2025-11-03,TIP,110.94000244140625,3887200
2025-11-04,TIP,110.98999786376953,4858700
2025-11-05,TIP,110.58000183105469,3908700
2025-11-06,TIP,110.87999725341797,2394500
2025-11-07,TIP,110.9000015258789,3097600
2025-11-10,TIP,110.91999816894531,2354200
2025-11-11,TIP,111.37000274658203,3902000
2025-11-12,TIP,111.12999725341797,3297900
2025-11-13,TIP,110.87999725341797,2215500
2025-11-14,TIP,110.75,3059200
2025-11-17,TIP,110.7699966430664,2044000
2025-11-18,TIP,110.8499984741211,4616900
2025-11-19,TIP,110.70999908447266,2472400
2025-11-20,TIP,110.76000213623047,3091600
2025-11-21,TIP,111.0199966430664,2651000
2025-11-24,TIP,111.06999969482422,2619500
2025-11-25,TIP,111.2699966430664,3404200
2025-11-26,TIP,111.51000213623047,3805900
2025-11-28,TIP,111.26000213623047,1830000
2025-12-01,TIP,110.5,3198500
2025-12-02,TIP,110.52999877929688,4068000
2025-12-03,TIP,110.77999877929688,2541200
2025-12-04,TIP,110.62999725341797,2243300
2025-12-05,TIP,110.44999694824219,3672300
2025-12-08,TIP,110.2300033569336,2101000
2025-12-09,TIP,110.08999633789062,5181700
2025-12-10,TIP,110.44999694824219,3503000
2025-12-11,TIP,110.4000015258789,3661200
2025-12-12,TIP,110.2300033569336,2379100
2025-12-15,TIP,110.1500015258789,2229400
2025-12-16,TIP,110.16999816894531,5094500
2025-12-17,TIP,110.29000091552734,1831100
2025-12-18,TIP,110.5,4253800
2025-12-19,TIP,109.94000244140625,2940500
2025-12-22,TIP,109.77999877929688,2116000
2025-12-23,TIP,109.83000183105469,1914900
2025-12-24,TIP,110.05999755859375,877800
2025-12-26,TIP,110.05000305175781,1357100
2025-12-29,TIP,110.1500015258789,1572100
2025-12-30,TIP,110.12999725341797,1723000
2025-12-31,TIP,109.91000366210938,2927800
2026-01-02,TIP,109.86000061035156,2787700
2026-01-05,TIP,110.16000366210938,2084800
2026-01-06,TIP,110.08000183105469,3737900
2026-01-07,TIP,110.25,3603400
2026-01-08,TIP,110.02999877929688,2414000
2026-01-09,TIP,110.18000030517578,2589200
2026-01-12,TIP,110.18000030517578,1558700
2026-01-13,TIP,110.27999877929688,2589900
2026-01-14,TIP,110.4000015258789,1879900
2026-01-15,TIP,110.2300033569336,2645900
2026-01-16,TIP,110.0199966430664,2318600
2026-01-20,TIP,109.69000244140625,2445300
2026-01-21,TIP,110.12000274658203,4361600
2026-01-22,TIP,110.01000213623047,4034100
2026-01-23,TIP,110.2300033569336,5141400
2026-01-26,TIP,110.37999725341797,2785700
2026-01-27,TIP,110.38999938964844,2042000
2026-01-28,TIP,110.44000244140625,2449000
2026-01-29,TIP,110.5199966430664,2024100
2026-01-30,TIP,110.4800033569336,2285100
2026-02-02,TIP,110.19000244140625,4416400
2026-02-03,TIP,110.37000274658203,1651200
2026-02-04,TIP,110.25,4072200
2026-02-05,TIP,110.55999755859375,2319200
2026-02-06,TIP,110.66999816894531,2478600
2026-02-09,TIP,110.76000213623047,2712500
2026-02-10,TIP,110.98999786376953,2026200
2026-02-11,TIP,110.80999755859375,1771800
2026-02-12,TIP,111.25,2401200
2026-02-13,TIP,111.38999938964844,4662700
2026-02-17,TIP,111.2300033569336,1844000
2026-02-18,TIP,111.16000366210938,1939700
2026-02-19,TIP,111.25,2665300
2026-02-20,TIP,111.19000244140625,3085100
2026-02-23,TIP,111.29000091552734,2315600
2026-02-24,TIP,111.30999755859375,1227200
2026-02-25,TIP,111.41000366210938,1549000
2026-02-26,TIP,111.70999908447266,1545200
2026-02-27,TIP,111.87999725341797,2462700
2026-03-02,TIP,111.56999969482422,3321700
2026-03-03,TIP,111.5,2735100
2026-03-04,TIP,111.25,1760700
2026-03-05,TIP,111.22000122070312,2495500
2026-03-06,TIP,111.43000030517578,2774400
2026-03-09,TIP,111.61000061035156,4620200
2026-03-10,TIP,111.23999786376953,2975400
2026-03-11,TIP,111.06999969482422,2860600
2026-03-12,TIP,110.93000030517578,2417700
2026-03-13,TIP,110.70999908447266,2274900
2026-03-16,TIP,111.05999755859375,2260600
2026-03-17,TIP,111.44999694824219,1821600
2026-03-18,TIP,111.23999786376953,3350700
2026-03-19,TIP,111.11000061035156,4816200
2026-03-20,TIP,110.22000122070312,4004100
2026-03-23,TIP,110.19000244140625,5753600
2026-03-24,TIP,109.83000183105469,4523500
2026-03-25,TIP,110.16000366210938,4294500
2026-03-26,TIP,109.76000213623047,3267700
2026-03-27,TIP,109.66999816894531,3071300
2026-03-30,TIP,110.3499984741211,3452800
2026-03-31,TIP,110.36000061035156,5512500
2026-04-01,TIP,110.36000061035156,3328400
2026-04-02,TIP,110.80999755859375,1976700
2026-04-06,TIP,110.76000213623047,1533000
2026-04-07,TIP,110.88999938964844,1765900
2026-04-08,TIP,110.91000366210938,2723900
2026-04-09,TIP,110.95999908447266,1862300
2026-04-10,TIP,111.0199966430664,2252200
2026-04-13,TIP,111.27999877929688,1574900
2026-04-14,TIP,111.52999877929688,2181600
2026-04-15,TIP,111.43000030517578,1815500
2026-04-16,TIP,111.19000244140625,1588700
2026-04-17,TIP,111.4800033569336,1507600
2026-04-20,TIP,111.41000366210938,1463400
2026-04-21,TIP,111.22000122070312,1064200
2026-04-22,TIP,111.38999938964844,1435200
2026-04-23,TIP,111.56999969482422,1074100
2026-04-24,TIP,111.80000305175781,1133300
2026-04-27,TIP,111.7699966430664,2115800
2026-04-28,TIP,111.7300033569336,1535900
2026-04-29,TIP,111.38999938964844,1201200
2026-04-30,TIP,111.55999755859375,1958400
2026-05-01,TIP,111.3499984741211,1507700
2026-05-04,TIP,111.1500015258789,1214600
2026-05-05,TIP,111.06999969482422,1442900
2026-05-06,TIP,111.1500015258789,1538800
2026-05-07,TIP,111.02999877929688,1529900
2026-05-08,TIP,111.4000015258789,1142700
2026-05-11,TIP,111.30999755859375,1753000
2026-05-12,TIP,111.12000274658203,1253000
2026-05-13,TIP,111.12000274658203,869600
2026-05-14,TIP,111.01000213623047,3152500
2026-05-15,TIP,110.61000061035156,7481100
2026-05-18,TIP,110.4800033569336,2490200
2026-05-19,TIP,110.11000061035156,2623600
2026-05-20,TIP,110.37000274658203,2915600
2026-05-21,TIP,110.37000274658203,2792500
2026-05-22,TIP,110.37999725341797,1410800
2026-05-26,TIP,110.81999969482422,2183700
2026-05-27,TIP,110.87999725341797,1961900
2026-05-28,TIP,111.18000030517578,1702800
2026-05-29,TIP,111.20999908447266,3078300
2026-06-01,TIP,109.9800033569336,1843900
2026-06-02,TIP,109.97000122070312,1386500
2026-06-03,TIP,109.7699966430664,1077200
2026-06-04,TIP,109.77999877929688,1483200
2026-06-05,TIP,109.25,1816400
2026-06-08,TIP,109.12999725341797,2522600
2026-06-09,TIP,109.31999969482422,2372800
2026-06-10,TIP,109.20999908447266,1522100
2026-06-11,TIP,109.5999984741211,1873900
2026-06-12,TIP,109.61000061035156,2610300
2026-06-15,TIP,109.76000213623047,1183100
2026-06-16,TIP,109.76000213623047,1022800
2026-06-17,TIP,109.02999877929688,2044500
2026-06-18,TIP,109.38999938964844,2912100
2026-06-22,TIP,108.94000244140625,1156400
2026-06-23,TIP,108.9000015258789,2626000
2026-06-24,TIP,109.31999969482422,1243900
2026-06-25,TIP,109.5,2946700
2026-06-26,TIP,109.69999694824219,2678900
2026-06-29,TIP,109.9000015258789,2428700
2026-06-30,TIP,109.43000030517578,4145000
2026-07-01,TIP,108.16999816894531,1690900
2026-07-02,TIP,108.33000183105469,2011700
2026-07-06,TIP,108.48999786376953,1346000
2026-07-07,TIP,108.16999816894531,1755100
2026-07-08,TIP,108.05000305175781,941700
2024-11-18,TLT,90.23999786376953,36010600
2024-11-19,TLT,90.69999694824219,29585100
2024-11-20,TLT,90.41000366210938,27755400
2024-11-21,TLT,90.33999633789062,28365700
2024-11-22,TLT,90.38999938964844,21547500
2024-11-25,TLT,92.7300033569336,56858000
2024-11-26,TLT,92.37000274658203,31122200
2024-11-27,TLT,93.01000213623047,39442200
2024-11-29,TLT,93.97000122070312,31905700
2024-12-02,TLT,93.87000274658203,39406000
2024-12-03,TLT,93.05999755859375,32768900
2024-12-04,TLT,94.05999755859375,35851100
2024-12-05,TLT,94.25,23695800
2024-12-06,TLT,94.38999938964844,31761500
2024-12-09,TLT,93.5199966430664,30509600
2024-12-10,TLT,93.08000183105469,28706500
2024-12-11,TLT,92.19999694824219,38748400
2024-12-12,TLT,91.08000183105469,45368400
2024-12-13,TLT,90.1500015258789,39486000
2024-12-16,TLT,90.41999816894531,23482300
2024-12-17,TLT,90.63999938964844,23839900
2024-12-18,TLT,89.16000366210938,61328400
2024-12-19,TLT,87.80999755859375,99083300
2024-12-20,TLT,88.30999755859375,45542400
2024-12-23,TLT,87.5,32764600
2024-12-24,TLT,87.87000274658203,22377600
2024-12-26,TLT,87.81999969482422,19981800
2024-12-27,TLT,87.0999984741211,27262300
2024-12-30,TLT,87.80000305175781,48519600
2024-12-31,TLT,87.33000183105469,31917300
2025-01-02,TLT,87.56999969482422,27841300
2025-01-03,TLT,87.29000091552734,21962200
2025-01-06,TLT,86.9000015258789,30231500
2025-01-07,TLT,85.91999816894531,41757200
2025-01-08,TLT,86.02999877929688,44590800
2025-01-10,TLT,85.45999908447266,47115800
2025-01-13,TLT,85.43000030517578,33258900
2025-01-14,TLT,85.29000091552734,33412900
2025-01-15,TLT,86.76000213623047,54120700
2025-01-16,TLT,87.04000091552734,34651100
2025-01-17,TLT,87.19000244140625,29875600
2025-01-21,TLT,87.97000122070312,30548600
2025-01-22,TLT,87.51000213623047,25278400
2025-01-23,TLT,86.83000183105469,31949000
2025-01-24,TLT,87.22000122070312,21110400
2025-01-27,TLT,88.25,42864200
2025-01-28,TLT,88.19000244140625,25519100
2025-01-29,TLT,88.01000213623047,25342800
2025-01-30,TLT,88.33999633789062,25094900
2025-01-31,TLT,87.76000213623047,48790100
2025-02-03,TLT,88.16000366210938,70657200
2025-02-04,TLT,88.43000030517578,33414000
2025-02-05,TLT,89.88999938964844,48331200
2025-02-06,TLT,89.8499984741211,22509900
2025-02-07,TLT,89.2699966430664,31171200
2025-02-10,TLT,89.0,22736100
2025-02-11,TLT,88.43000030517578,21513000
2025-02-12,TLT,87.2300033569336,48536200
2025-02-13,TLT,88.68000030517578,42718100
2025-02-14,TLT,89.1500015258789,27460700
2025-02-18,TLT,88.0999984741211,29429200
2025-02-19,TLT,88.20999908447266,20584300
2025-02-20,TLT,88.54000091552734,27913400
2025-02-21,TLT,89.61000061035156,46912300
2025-02-24,TLT,89.87000274658203,26218000
2025-02-25,TLT,91.41999816894531,50125100
2025-02-26,TLT,91.95999908447266,32220200
2025-02-27,TLT,91.30999755859375,53373600
2025-02-28,TLT,92.43000030517578,49388600
2025-03-03,TLT,92.56999969482422,42904200
2025-03-04,TLT,91.43000030517578,56722000
2025-03-05,TLT,90.69999694824219,50215900
2025-03-06,TLT,90.4000015258789,42827500
2025-03-07,TLT,90.11000061035156,36903600
2025-03-10,TLT,91.05000305175781,41440800
2025-03-11,TLT,90.4000015258789,40555700
2025-03-12,TLT,89.86000061035156,32734600
2025-03-13,TLT,90.6500015258789,38675400
2025-03-14,TLT,90.16999816894531,24658000
2025-03-17,TLT,90.62000274658203,26700300
2025-03-18,TLT,90.70999908447266,23654700
2025-03-19,TLT,91.18000030517578,31378700
2025-03-20,TLT,91.23999786376953,35645800
2025-03-21,TLT,90.69999694824219,29192100
2025-03-24,TLT,89.7699966430664,27985600
2025-03-25,TLT,89.76000213623047,22333800
2025-03-26,TLT,89.16999816894531,25095600
2025-03-27,TLT,88.91000366210938,23674500
2025-03-28,TLT,90.13999938964844,39869400
2025-03-31,TLT,91.02999877929688,38824300
2025-04-01,TLT,91.48999786376953,39800100
2025-04-02,TLT,91.43000030517578,43488400
2025-04-03,TLT,91.8499984741211,57467400
2025-04-04,TLT,92.8499984741211,92794200
2025-04-07,TLT,90.05000305175781,124987600
2025-04-08,TLT,88.3499984741211,73861900
2025-04-09,TLT,88.87000274658203,131353500
2025-04-10,TLT,86.41999816894531,78592000
2025-04-11,TLT,86.88999938964844,94814100
2025-04-14,TLT,87.51000213623047,37596400
2025-04-15,TLT,87.81999969482422,22553900
2025-04-16,TLT,88.30999755859375,35607300
2025-04-17,TLT,87.52999877929688,31758400
2025-04-21,TLT,86.0,39343200
2025-04-22,TLT,86.4800033569336,32552100
2025-04-23,TLT,87.31999969482422,44082200
2025-04-24,TLT,88.23999786376953,24190800
2025-04-25,TLT,88.88999938964844,22513900
2025-04-28,TLT,89.44999694824219,20130500
2025-04-29,TLT,90.19999694824219,22129500
2025-04-30,TLT,89.47000122070312,42630600
2025-05-01,TLT,88.69000244140625,29932800
2025-05-02,TLT,87.7300033569336,32090400
2025-05-05,TLT,87.23999786376953,22862800
2025-05-06,TLT,87.52999877929688,21095200
2025-05-07,TLT,87.9000015258789,23161600
2025-05-08,TLT,86.91999816894531,25483700
2025-05-09,TLT,87.05000305175781,17007900
2025-05-12,TLT,86.23999786376953,32115000
2025-05-13,TLT,85.88999938964844,53912200
2025-05-14,TLT,85.31999969482422,42119800
2025-05-15,TLT,86.06999969482422,59448000
2025-05-16,TLT,86.30000305175781,31778200
2025-05-19,TLT,86.05000305175781,49361900
2025-05-20,TLT,85.43000030517578,35493100
2025-05-21,TLT,83.97000122070312,77053100
2025-05-22,TLT,84.41000366210938,61747900
2025-05-23,TLT,84.55000305175781,47139200
2025-05-27,TLT,85.7300033569336,56773400
2025-05-28,TLT,85.36000061035156,34806800
2025-05-29,TLT,86.1500015258789,38933200
2025-05-30,TLT,86.27999877929688,49042100
2025-06-02,TLT,85.16000366210938,46213100
2025-06-03,TLT,85.01000213623047,33731300
2025-06-04,TLT,86.38999938964844,57441500
2025-06-05,TLT,86.44999694824219,37664700
2025-06-06,TLT,85.3499984741211,38130100
2025-06-09,TLT,85.44000244140625,26560800
2025-06-10,TLT,85.87999725341797,24857000
2025-06-11,TLT,86.13999938964844,36334800
2025-06-12,TLT,87.16999816894531,43017800
2025-06-13,TLT,86.33000183105469,49374000
2025-06-16,TLT,85.45999908447266,36496600
2025-06-17,TLT,86.5,34521600
2025-06-18,TLT,86.6500015258789,38589000
2025-06-20,TLT,86.48999786376953,26001900
2025-06-23,TLT,86.7699966430664,36851800
2025-06-24,TLT,87.4000015258789,32959100
2025-06-25,TLT,87.51000213623047,26345300
2025-06-26,TLT,87.94999694824219,30467500
2025-06-27,TLT,87.38999938964844,74993500
2025-06-30,TLT,88.25,53695200
2025-07-01,TLT,88.13999938964844,38960600
2025-07-02,TLT,87.58000183105469,39382200
2025-07-03,TLT,86.97000122070312,26729100
2025-07-07,TLT,86.13999938964844,38314700
2025-07-08,TLT,86.02999877929688,31407000
2025-07-09,TLT,86.93000030517578,29821900
2025-07-10,TLT,86.98999786376953,24525500
2025-07-11,TLT,85.79000091552734,40764800
2025-07-14,TLT,85.61000061035156,24609500
2025-07-15,TLT,85.01000213623047,40455000
2025-07-16,TLT,85.12999725341797,65987700
2025-07-17,TLT,85.11000061035156,31875500
2025-07-18,TLT,85.23999786376953,27534900
2025-07-21,TLT,86.0,40019500
2025-07-22,TLT,86.5199966430664,35190300
2025-07-23,TLT,86.04000091552734,31008500
2025-07-24,TLT,85.88999938964844,25164800
2025-07-25,TLT,86.43000030517578,27196200
2025-07-28,TLT,85.87000274658203,26812500
2025-07-29,TLT,87.31999969482422,47828300
2025-07-30,TLT,86.87000274658203,40670900
2025-07-31,TLT,86.91999816894531,49814100
2025-08-01,TLT,87.81999969482422,63434500
2025-08-04,TLT,88.05999755859375,36425200
2025-08-05,TLT,88.33000183105469,28586100
2025-08-06,TLT,87.81999969482422,42589300
2025-08-07,TLT,87.66999816894531,29213100
2025-08-08,TLT,87.29000091552734,21596300
2025-08-11,TLT,87.38999938964844,20100900
2025-08-12,TLT,86.94999694824219,41052300
2025-08-13,TLT,87.66999816894531,30817500
2025-08-14,TLT,87.0199966430664,33397400
2025-08-15,TLT,86.4000015258789,36343600
2025-08-18,TLT,86.1500015258789,26777500
2025-08-19,TLT,86.6500015258789,28780600
2025-08-20,TLT,86.83999633789062,25912500
2025-08-21,TLT,86.41000366210938,28643900
2025-08-22,TLT,87.05000305175781,49871900
2025-08-25,TLT,86.80000305175781,27011900
2025-08-26,TLT,86.75,30259300
2025-08-27,TLT,86.6500015258789,38142800
2025-08-28,TLT,87.22000122070312,32205900
2025-08-29,TLT,86.5999984741211,41686400
2025-09-02,TLT,85.62999725341797,48760600
2025-09-03,TLT,86.56999969482422,52499500
2025-09-04,TLT,87.2300033569336,40501600
2025-09-05,TLT,88.55999755859375,69668000
2025-09-08,TLT,89.73999786376953,54538700
2025-09-09,TLT,89.2300033569336,37126400
2025-09-10,TLT,89.73999786376953,40713600
2025-09-11,TLT,90.33999633789062,46694400
2025-09-12,TLT,89.94999694824219,32968600
2025-09-15,TLT,90.16000366210938,24820100
2025-09-16,TLT,90.3499984741211,26794200
2025-09-17,TLT,90.12000274658203,49121800
2025-09-18,TLT,89.19000244140625,55717900
2025-09-19,TLT,89.0199966430664,32509200
2025-09-22,TLT,88.69999694824219,24758200
2025-09-23,TLT,89.31999969482422,26689000
2025-09-24,TLT,88.9800033569336,28098000
2025-09-25,TLT,88.9800033569336,29882500
2025-09-26,TLT,88.9000015258789,30955100
2025-09-29,TLT,89.62999725341797,32286200
2025-09-30,TLT,89.37000274658203,38584000
2025-10-01,TLT,89.29000091552734,39408900
2025-10-02,TLT,89.55000305175781,23208300
2025-10-03,TLT,89.37999725341797,25884500
2025-10-06,TLT,88.66999816894531,28371000
2025-10-07,TLT,89.18000030517578,29103300
2025-10-08,TLT,89.25,22506200
2025-10-09,TLT,89.18000030517578,21578700
2025-10-10,TLT,90.62000274658203,59389400
2025-10-13,TLT,90.56999969482422,28035500
2025-10-14,TLT,90.86000061035156,29800000
2025-10-15,TLT,90.66000366210938,31333900
2025-10-16,TLT,91.33999633789062,39631200
2025-10-17,TLT,91.19999694824219,40240400
2025-10-20,TLT,91.55000305175781,28429300
2025-10-21,TLT,92.0,24514300
2025-10-22,TLT,92.05999755859375,30496200
2025-10-23,TLT,91.43000030517578,28275100
2025-10-24,TLT,91.47000122070312,28266000
2025-10-27,TLT,91.77999877929688,30033600
2025-10-28,TLT,92.0199966430664,23564500
2025-10-29,TLT,91.08999633789062,39551600
2025-10-30,TLT,90.55999755859375,42649200
2025-10-31,TLT,90.29000091552734,38247300
2025-11-03,TLT,89.73999786376953,40752300
2025-11-04,TLT,89.94000244140625,26383800
2025-11-05,TLT,88.95999908447266,44643400
2025-11-06,TLT,89.76000213623047,33027400
2025-11-07,TLT,89.56999969482422,28530100
2025-11-10,TLT,89.55000305175781,24093500
2025-11-11,TLT,89.95999908447266,18942300
2025-11-12,TLT,90.12000274658203,23594900
2025-11-13,TLT,89.37999725341797,33825900
2025-11-14,TLT,88.87000274658203,38550500
2025-11-17,TLT,89.08999633789062,25605800
2025-11-18,TLT,89.05999755859375,31967400
2025-11-19,TLT,88.87999725341797,25782400
2025-11-20,TLT,89.2300033569336,32945000
2025-11-21,TLT,89.5,41938600
2025-11-24,TLT,90.01000213623047,30865700
2025-11-25,TLT,90.23999786376953,36503300
2025-11-26,TLT,90.63999938964844,34099000
2025-11-28,TLT,90.20999908447266,40704300
2025-12-01,TLT,88.7699966430664,47086600
2025-12-02,TLT,88.80999755859375,27605700
2025-12-03,TLT,89.05999755859375,23278600
2025-12-04,TLT,88.58000183105469,25541500
2025-12-05,TLT,88.16999816894531,32808100
2025-12-08,TLT,87.87999725341797,32255200
2025-12-09,TLT,87.97000122070312,25771800
2025-12-10,TLT,88.30999755859375,46833500
2025-12-11,TLT,88.19000244140625,26778700
2025-12-12,TLT,87.33999633789062,47030100
2025-12-15,TLT,87.4000015258789,28611800
2025-12-16,TLT,87.87999725341797,41018700
2025-12-17,TLT,87.80000305175781,24668300
2025-12-18,TLT,88.22000122070312,39048900
2025-12-19,TLT,87.55000305175781,37858100
2025-12-22,TLT,87.36000061035156,25547100
2025-12-23,TLT,87.5,33624100
2025-12-24,TLT,88.02999877929688,25942000
2025-12-26,TLT,87.73999786376953,26522700
2025-12-29,TLT,88.06999969482422,29399800
2025-12-30,TLT,87.86000061035156,25106800
2025-12-31,TLT,87.16000366210938,36500000
2026-01-02,TLT,87.02999877929688,40731300
2026-01-05,TLT,87.45999908447266,30178000
2026-01-06,TLT,87.27999877929688,39015200
2026-01-07,TLT,87.79000091552734,39930900
2026-01-08,TLT,87.3499984741211,28204900
2026-01-09,TLT,87.93000030517578,57348800
2026-01-12,TLT,87.66999816894531,36103100
2026-01-13,TLT,87.81999969482422,30451400
2026-01-14,TLT,88.33000183105469,39233500
2026-01-15,TLT,88.30999755859375,37988900
2026-01-16,TLT,87.80000305175781,46382400
2026-01-20,TLT,86.6500015258789,66009500
2026-01-21,TLT,87.30999755859375,51220100
2026-01-22,TLT,87.69000244140625,42419300
2026-01-23,TLT,87.93000030517578,35968800
2026-01-26,TLT,88.3499984741211,38882400
2026-01-27,TLT,87.80000305175781,35180100
2026-01-28,TLT,87.5999984741211,38750300
2026-01-29,TLT,87.62000274658203,43855000
2026-01-30,TLT,87.12999725341797,45832200
2026-02-02,TLT,86.55000305175781,38171400
2026-02-03,TLT,86.76000213623047,27438200
2026-02-04,TLT,86.54000091552734,37872900
2026-02-05,TLT,87.4800033569336,50268900
2026-02-06,TLT,87.54000091552734,33461800
2026-02-09,TLT,87.5199966430664,24708900
2026-02-10,TLT,88.52999877929688,37253700
2026-02-11,TLT,88.05999755859375,37014000
2026-02-12,TLT,89.2300033569336,48454900
2026-02-13,TLT,89.72000122070312,56785200
2026-02-17,TLT,89.87000274658203,32356700
2026-02-18,TLT,89.52999877929688,35415400
2026-02-19,TLT,89.62000274658203,28658600
2026-02-20,TLT,89.41000366210938,49610800
2026-02-23,TLT,89.73999786376953,33614600
2026-02-24,TLT,89.9000015258789,24933900
2026-02-25,TLT,89.91000366210938,23625800
2026-02-26,TLT,90.2699966430664,29447100
2026-02-27,TLT,90.81999969482422,51272000
2026-03-02,TLT,89.61000061035156,55465500
2026-03-03,TLT,89.43000030517578,51850400
2026-03-04,TLT,89.1500015258789,47069500
2026-03-05,TLT,88.79000091552734,45768900
2026-03-06,TLT,88.45999908447266,58136900
2026-03-09,TLT,89.2300033569336,52478700
2026-03-10,TLT,88.27999877929688,48651500
2026-03-11,TLT,87.13999938964844,54679900
2026-03-12,TLT,86.97000122070312,48977000
2026-03-13,TLT,86.54000091552734,43460000
2026-03-16,TLT,87.20999908447266,37341500
2026-03-17,TLT,87.44999694824219,19578100
2026-03-18,TLT,86.95999908447266,37596600
2026-03-19,TLT,87.48999786376953,60307400
2026-03-20,TLT,85.83000183105469,78948500
2026-03-23,TLT,86.38999938964844,69686700
2026-03-24,TLT,86.01000213623047,51799400
2026-03-25,TLT,86.83999633789062,37861000
2026-03-26,TLT,86.11000061035156,39537000
2026-03-27,TLT,85.63999938964844,39928900
2026-03-30,TLT,86.77999877929688,36473200
2026-03-31,TLT,86.69000244140625,47112200
2026-04-01,TLT,86.26000213623047,31157600
2026-04-02,TLT,86.79000091552734,33310600
2026-04-06,TLT,86.6500015258789,14660300
2026-04-07,TLT,86.63999938964844,22747200
2026-04-08,TLT,86.91999816894531,22244900
2026-04-09,TLT,86.69999694824219,18909100
2026-04-10,TLT,86.48999786376953,13247700
2026-04-13,TLT,86.75,12719700
2026-04-14,TLT,87.20999908447266,16606900
2026-04-15,TLT,86.83000183105469,15119600
2026-04-16,TLT,86.27999877929688,20001000
2026-04-17,TLT,87.06999969482422,29604100
2026-04-20,TLT,87.05000305175781,14623500
2026-04-21,TLT,86.56999969482422,19798700
2026-04-22,TLT,86.73999786376953,13676800
2026-04-23,TLT,86.55000305175781,21106700
2026-04-24,TLT,86.70999908447266,22285700
2026-04-27,TLT,86.27999877929688,19250100
2026-04-28,TLT,86.37000274658203,14553600
2026-04-29,TLT,85.69999694824219,29020800
2026-04-30,TLT,85.62000274658203,28516200
2026-05-01,TLT,85.61000061035156,21281000
2026-05-04,TLT,84.95999908447266,27226000
2026-05-05,TLT,85.43000030517578,18226500
2026-05-06,TLT,86.08000183105469,22530700
2026-05-07,TLT,85.6500015258789,21178300
2026-05-08,TLT,86.08000183105469,30797600
2026-05-11,TLT,85.55999755859375,17713700
2026-05-12,TLT,84.98999786376953,27680600
2026-05-13,TLT,84.80000305175781,26295100
2026-05-14,TLT,84.91999816894531,25247200
2026-05-15,TLT,83.66000366210938,50796000
2026-05-18,TLT,83.55999755859375,26166200
2026-05-19,TLT,83.0199966430664,35346600
2026-05-20,TLT,83.91000366210938,44498000
2026-05-21,TLT,84.22000122070312,24887000
2026-05-22,TLT,84.68000030517578,27987700
2026-05-26,TLT,85.0999984741211,22531200
2026-05-27,TLT,85.30000305175781,23589600
2026-05-28,TLT,85.73999786376953,25417300
2026-05-29,TLT,85.76000213623047,33118600
2026-06-01,TLT,85.47000122070312,26322400
2026-06-02,TLT,85.6500015258789,20319000
2026-06-03,TLT,85.30999755859375,15372000
2026-06-04,TLT,85.5,15866500
2026-06-05,TLT,85.05999755859375,26461200
2026-06-08,TLT,84.62000274658203,22922700
2026-06-09,TLT,85.12000274658203,22617700
2026-06-10,TLT,84.87999725341797,21258300
2026-06-11,TLT,85.9800033569336,35190500
2026-06-12,TLT,85.7699966430664,23092600
2026-06-15,TLT,85.72000122070312,17632700
2026-06-16,TLT,86.19000244140625,26472500
2026-06-17,TLT,86.33000183105469,34507500
2026-06-18,TLT,86.75,32350900
2026-06-22,TLT,86.08999633789062,28595100
2026-06-23,TLT,86.19999694824219,19145500
2026-06-24,TLT,87.37999725341797,41837000
2026-06-25,TLT,87.3499984741211,28380000
2026-06-26,TLT,87.36000061035156,21650800
2026-06-29,TLT,87.44999694824219,19457200
2026-06-30,TLT,86.41999816894531,31079500
2026-07-01,TLT,85.5199966430664,28109800
2026-07-02,TLT,85.51000213623047,20816300
2026-07-06,TLT,85.44999694824219,17940900
2026-07-07,TLT,84.55000305175781,24816400
2026-07-08,TLT,84.36000061035156,25806600
2024-11-18,VNQ,94.4800033569336,2468100
2024-11-19,VNQ,94.94000244140625,3041600
2024-11-20,VNQ,94.81999969482422,3143000
2024-11-21,VNQ,95.5199966430664,2988600
2024-11-22,VNQ,96.23999786376953,2943700
2024-11-25,VNQ,97.58000183105469,4001200
2024-11-26,VNQ,97.97000122070312,2774500
2024-11-27,VNQ,98.5999984741211,2383100
2024-11-29,VNQ,98.16000366210938,1922400
2024-12-02,VNQ,96.7300033569336,3659400
2024-12-03,VNQ,96.23999786376953,1992500
2024-12-04,VNQ,95.9800033569336,2220300
2024-12-05,VNQ,95.75,2922300
2024-12-06,VNQ,95.61000061035156,1866100
2024-12-09,VNQ,95.87999725341797,2871900
2024-12-10,VNQ,94.48999786376953,2902100
2024-12-11,VNQ,94.2699966430664,4294900
2024-12-12,VNQ,94.12000274658203,2255100
2024-12-13,VNQ,93.8499984741211,2796200
2024-12-16,VNQ,93.5199966430664,3644900
2024-12-17,VNQ,93.06999969482422,3020200
2024-12-18,VNQ,89.2300033569336,5409800
2024-12-19,VNQ,87.8499984741211,5403600
2024-12-20,VNQ,89.33000183105469,7622200
2024-12-23,VNQ,88.81999969482422,4548900
2024-12-24,VNQ,89.41000366210938,2182600
2024-12-26,VNQ,89.6500015258789,2577400
2024-12-27,VNQ,88.75,3816700
2024-12-30,VNQ,88.30999755859375,4402400
2024-12-31,VNQ,89.08000183105469,5045100
2025-01-02,VNQ,88.29000091552734,5296100
2025-01-03,VNQ,89.44999694824219,3469900
2025-01-06,VNQ,88.30000305175781,4206500
2025-01-07,VNQ,87.45999908447266,5679000
2025-01-08,VNQ,87.69000244140625,5250300
2025-01-10,VNQ,85.55000305175781,10056500
2025-01-13,VNQ,86.5999984741211,3740200
2025-01-14,VNQ,87.38999938964844,3829900
2025-01-15,VNQ,87.88999938964844,3886700
2025-01-16,VNQ,89.70999908447266,4112800
2025-01-17,VNQ,89.6500015258789,3672400
2025-01-21,VNQ,91.33000183105469,3634900
2025-01-22,VNQ,89.73999786376953,2966300
2025-01-23,VNQ,90.4000015258789,2706900
2025-01-24,VNQ,90.70999908447266,3267300
2025-01-27,VNQ,91.91999816894531,4107700
2025-01-28,VNQ,90.80999755859375,2373800
2025-01-29,VNQ,89.61000061035156,2820000
2025-01-30,VNQ,90.75,3485100
2025-01-31,VNQ,90.55000305175781,2566200
2025-02-03,VNQ,90.36000061035156,5187600
2025-02-04,VNQ,90.43000030517578,3371500
2025-02-05,VNQ,91.69999694824219,3310400
2025-02-06,VNQ,91.93000030517578,3468600
2025-02-07,VNQ,91.62999725341797,2516200
2025-02-10,VNQ,91.58999633789062,2195400
2025-02-11,VNQ,91.98999786376953,2260000
2025-02-12,VNQ,91.13999938964844,4747200
2025-02-13,VNQ,92.05000305175781,3734300
2025-02-14,VNQ,91.62999725341797,2344300
2025-02-18,VNQ,92.04000091552734,2500700
2025-02-19,VNQ,92.11000061035156,2339100
2025-02-20,VNQ,92.55000305175781,2920000
2025-02-21,VNQ,91.63999938964844,2534600
2025-02-24,VNQ,92.0,3258700
2025-02-25,VNQ,93.12999725341797,4329200
2025-02-26,VNQ,92.73999786376953,2828800
2025-02-27,VNQ,93.11000061035156,2379800
2025-02-28,VNQ,93.9000015258789,4213800
2025-03-03,VNQ,94.33999633789062,4596700
2025-03-04,VNQ,93.25,4541100
2025-03-05,VNQ,94.29000091552734,2574000
2025-03-06,VNQ,91.87000274658203,4968800
2025-03-07,VNQ,92.41999816894531,4447100
2025-03-10,VNQ,91.52999877929688,3534300
2025-03-11,VNQ,90.45999908447266,3918700
2025-03-12,VNQ,90.18000030517578,3303000
2025-03-13,VNQ,88.4000015258789,3881600
2025-03-14,VNQ,90.16999816894531,3769100
2025-03-17,VNQ,91.70999908447266,2233300
2025-03-18,VNQ,91.2300033569336,1956000
2025-03-19,VNQ,91.33999633789062,1882100
2025-03-20,VNQ,91.27999877929688,2041100
2025-03-21,VNQ,90.2699966430664,3395100
2025-03-24,VNQ,91.66000366210938,3719000
2025-03-25,VNQ,89.70999908447266,4210000
2025-03-26,VNQ,90.05999755859375,3094100
2025-03-27,VNQ,89.83000183105469,2993000
2025-03-28,VNQ,89.70999908447266,3602900
2025-03-31,VNQ,90.54000091552734,2964400
2025-04-01,VNQ,90.58000183105469,4276600
2025-04-02,VNQ,91.12999725341797,3427200
2025-04-03,VNQ,88.0199966430664,5784700
2025-04-04,VNQ,84.19999694824219,7803800
2025-04-07,VNQ,81.98999786376953,13294200
2025-04-08,VNQ,79.79000091552734,7401100
2025-04-09,VNQ,84.55000305175781,10990300
2025-04-10,VNQ,82.62000274658203,7442500
2025-04-11,VNQ,83.62999725341797,5275900
2025-04-14,VNQ,85.36000061035156,3228000
2025-04-15,VNQ,85.62000274658203,2443200
2025-04-16,VNQ,85.55999755859375,2393000
2025-04-17,VNQ,86.83999633789062,3383500
2025-04-21,VNQ,85.02999877929688,2406100
2025-04-22,VNQ,86.68000030517578,2209800
2025-04-23,VNQ,86.83999633789062,2493100
2025-04-24,VNQ,87.16000366210938,2080800
2025-04-25,VNQ,87.01000213623047,2409500
2025-04-28,VNQ,87.55000305175781,2914900
2025-04-29,VNQ,88.0199966430664,2740300
2025-04-30,VNQ,88.33000183105469,3738300
2025-05-01,VNQ,88.62000274658203,3574100
2025-05-02,VNQ,89.70999908447266,2237700
2025-05-05,VNQ,89.51000213623047,2289900
2025-05-06,VNQ,88.81999969482422,2579700
2025-05-07,VNQ,88.91999816894531,2220300
2025-05-08,VNQ,88.56999969482422,2652600
2025-05-09,VNQ,89.16000366210938,3460200
2025-05-12,VNQ,89.5999984741211,3657300
2025-05-13,VNQ,88.45999908447266,4178600
2025-05-14,VNQ,87.58999633789062,3052500
2025-05-15,VNQ,89.19000244140625,2563000
2025-05-16,VNQ,90.30000305175781,2580300
2025-05-19,VNQ,90.31999969482422,2956400
2025-05-20,VNQ,89.79000091552734,2003300
2025-05-21,VNQ,87.4000015258789,2677200
2025-05-22,VNQ,87.0,2540100
2025-05-23,VNQ,87.08999633789062,2123000
2025-05-27,VNQ,88.61000061035156,2117700
2025-05-28,VNQ,88.5199966430664,1912800
2025-05-29,VNQ,89.31999969482422,2440300
2025-05-30,VNQ,89.31999969482422,2525900
2025-06-02,VNQ,89.44000244140625,3101600
2025-06-03,VNQ,89.26000213623047,2155700
2025-06-04,VNQ,89.51000213623047,2598200
2025-06-05,VNQ,89.44000244140625,3148400
2025-06-06,VNQ,89.87000274658203,2707200
2025-06-09,VNQ,89.98999786376953,3676100
2025-06-10,VNQ,90.76000213623047,4036000
2025-06-11,VNQ,90.2699966430664,2874600
2025-06-12,VNQ,90.70999908447266,2007200
2025-06-13,VNQ,89.83000183105469,2334100
2025-06-16,VNQ,89.9000015258789,2657500
2025-06-17,VNQ,89.58000183105469,1879400
2025-06-18,VNQ,89.88999938964844,2945800
2025-06-20,VNQ,89.83000183105469,2940300
2025-06-23,VNQ,91.18000030517578,3142100
2025-06-24,VNQ,91.41999816894531,2727300
2025-06-25,VNQ,89.22000122070312,4282500
2025-06-26,VNQ,88.2699966430664,5886100
2025-06-27,VNQ,88.48999786376953,3179200
2025-06-30,VNQ,89.05999755859375,8752300
2025-07-01,VNQ,89.70999908447266,5552800
2025-07-02,VNQ,89.91999816894531,3469500
2025-07-03,VNQ,90.0199966430664,2361700
2025-07-07,VNQ,89.25,4467500
2025-07-08,VNQ,89.12000274658203,3631300
2025-07-09,VNQ,89.19000244140625,3837000
2025-07-10,VNQ,89.75,5303600
2025-07-11,VNQ,89.76000213623047,3987600
2025-07-14,VNQ,90.33999633789062,3256900
2025-07-15,VNQ,89.01000213623047,4483000
2025-07-16,VNQ,89.8499984741211,4126500
2025-07-17,VNQ,89.75,3406500
2025-07-18,VNQ,89.94000244140625,2523700
2025-07-21,VNQ,90.30999755859375,3904200
2025-07-22,VNQ,91.86000061035156,2684200
2025-07-23,VNQ,92.04000091552734,2981900
2025-07-24,VNQ,91.72000122070312,3236600
2025-07-25,VNQ,91.7300033569336,2960500
2025-07-28,VNQ,90.26000213623047,2551300
2025-07-29,VNQ,91.70999908447266,3713600
2025-07-30,VNQ,90.41000366210938,4407900
2025-07-31,VNQ,89.13999938964844,4823500
2025-08-01,VNQ,88.91999816894531,5395600
2025-08-04,VNQ,89.83000183105469,3385600
2025-08-05,VNQ,90.23999786376953,3752600
2025-08-06,VNQ,89.54000091552734,3604600
2025-08-07,VNQ,89.80000305175781,3345600
2025-08-08,VNQ,89.05999755859375,3228800
2025-08-11,VNQ,88.47000122070312,2623500
2025-08-12,VNQ,88.97000122070312,3240500
2025-08-13,VNQ,89.80000305175781,3577300
2025-08-14,VNQ,89.16000366210938,3524500
2025-08-15,VNQ,89.66999816894531,2399500
2025-08-18,VNQ,88.91000366210938,2562500
2025-08-19,VNQ,90.44000244140625,4168400
2025-08-20,VNQ,90.69999694824219,2931900
2025-08-21,VNQ,90.43000030517578,2629800
2025-08-22,VNQ,92.18000030517578,3318700
2025-08-25,VNQ,91.6500015258789,2968600
2025-08-26,VNQ,91.41000366210938,2739800
2025-08-27,VNQ,91.9800033569336,1885400
2025-08-28,VNQ,91.73999786376953,2525000
2025-08-29,VNQ,92.23999786376953,2137100
2025-09-02,VNQ,90.70999908447266,3424400
2025-09-03,VNQ,90.76000213623047,2505500
2025-09-04,VNQ,91.44000244140625,3689000
2025-09-05,VNQ,92.47000122070312,3446100
2025-09-08,VNQ,91.93000030517578,2880400
2025-09-09,VNQ,91.72000122070312,2533900
2025-09-10,VNQ,91.56999969482422,2242800
2025-09-11,VNQ,93.23999786376953,2671400
2025-09-12,VNQ,92.80999755859375,2165500
2025-09-15,VNQ,92.66000366210938,2754600
2025-09-16,VNQ,92.16999816894531,3260300
2025-09-17,VNQ,92.05000305175781,4570600
2025-09-18,VNQ,92.25,2966000
2025-09-19,VNQ,91.6500015258789,3076000
2025-09-22,VNQ,91.66999816894531,3646000
2025-09-23,VNQ,92.16999816894531,3421200
2025-09-24,VNQ,90.4000015258789,2709200
2025-09-25,VNQ,90.12999725341797,4246500
2025-09-26,VNQ,91.0199966430664,5430800
2025-09-29,VNQ,91.05000305175781,3155100
2025-09-30,VNQ,91.41999816894531,3002800
2025-10-01,VNQ,91.55999755859375,2933500
2025-10-02,VNQ,91.08000183105469,4186000
2025-10-03,VNQ,91.41999816894531,2496500
2025-10-06,VNQ,90.55999755859375,4154400
2025-10-07,VNQ,90.2300033569336,4546200
2025-10-08,VNQ,89.76000213623047,3325100
2025-10-09,VNQ,89.2699966430664,3122700
2025-10-10,VNQ,88.12999725341797,3996300
2025-10-13,VNQ,88.69000244140625,2809800
2025-10-14,VNQ,89.5999984741211,3047700
2025-10-15,VNQ,90.9000015258789,3026500
2025-10-16,VNQ,90.58000183105469,3719100
2025-10-17,VNQ,91.16999816894531,2945200
2025-10-20,VNQ,92.08999633789062,2036800
2025-10-21,VNQ,91.83000183105469,2829500
2025-10-22,VNQ,92.22000122070312,2490400
2025-10-23,VNQ,92.16000366210938,2687000
2025-10-24,VNQ,92.43000030517578,2619500
2025-10-27,VNQ,92.69000244140625,2921900
2025-10-28,VNQ,90.87000274658203,4635700
2025-10-29,VNQ,88.52999877929688,5649700
2025-10-30,VNQ,88.94999694824219,5183100
2025-10-31,VNQ,89.18000030517578,3982700
2025-11-03,VNQ,89.05000305175781,4522900
2025-11-04,VNQ,89.19999694824219,4058700
2025-11-05,VNQ,89.27999877929688,2885900
2025-11-06,VNQ,88.8499984741211,3421600
2025-11-07,VNQ,90.2300033569336,5277800
2025-11-10,VNQ,90.18000030517578,3398100
2025-11-11,VNQ,91.19000244140625,3190200
2025-11-12,VNQ,90.51000213623047,3652300
2025-11-13,VNQ,89.4000015258789,3734400
2025-11-14,VNQ,89.58999633789062,3662800
2025-11-17,VNQ,88.8499984741211,4071900
2025-11-18,VNQ,89.20999908447266,4281500
2025-11-19,VNQ,88.51000213623047,4029400
2025-11-20,VNQ,88.13999938964844,5316600
2025-11-21,VNQ,89.56999969482422,5770400
2025-11-24,VNQ,89.80999755859375,3330800
2025-11-25,VNQ,90.63999938964844,4230300
2025-11-26,VNQ,91.04000091552734,3298000
2025-11-28,VNQ,91.33999633789062,1627100
2025-12-01,VNQ,90.29000091552734,3120800
2025-12-02,VNQ,89.97000122070312,2736900
2025-12-03,VNQ,90.19999694824219,3204000
2025-12-04,VNQ,89.9800033569336,4837500
2025-12-05,VNQ,89.87999725341797,3859800
2025-12-08,VNQ,89.19000244140625,3971700
2025-12-09,VNQ,88.8499984741211,4194000
2025-12-10,VNQ,89.16999816894531,4633300
2025-12-11,VNQ,89.55999755859375,5207200
2025-12-12,VNQ,89.44999694824219,3855900
2025-12-15,VNQ,89.7300033569336,3914800
2025-12-16,VNQ,89.06999969482422,3717900
2025-12-17,VNQ,89.4000015258789,3715300
2025-12-18,VNQ,88.93000030517578,3818000
2025-12-19,VNQ,88.58999633789062,4162000
2025-12-22,VNQ,88.23999786376953,3593800
2025-12-23,VNQ,88.18000030517578,3955900
2025-12-24,VNQ,88.76000213623047,2730800
2025-12-26,VNQ,88.86000061035156,2065600
2025-12-29,VNQ,89.04000091552734,2604000
2025-12-30,VNQ,89.22000122070312,2813400
2025-12-31,VNQ,88.48999786376953,3301700
2026-01-02,VNQ,88.5199966430664,3524400
2026-01-05,VNQ,88.72000122070312,5501600
2026-01-06,VNQ,89.37000274658203,4889800
2026-01-07,VNQ,88.5,6668200
2026-01-08,VNQ,89.29000091552734,5165900
2026-01-09,VNQ,89.47000122070312,4126100
2026-01-12,VNQ,89.58999633789062,3342500
2026-01-13,VNQ,90.08999633789062,3085200
2026-01-14,VNQ,90.87000274658203,3535400
2026-01-15,VNQ,91.5,3845600
2026-01-16,VNQ,92.62000274658203,4819500
2026-01-20,VNQ,90.9000015258789,4648700
2026-01-21,VNQ,91.26000213623047,6140200
2026-01-22,VNQ,90.36000061035156,3922700
2026-01-23,VNQ,90.54000091552734,2838200
2026-01-26,VNQ,90.41999816894531,3004300
2026-01-27,VNQ,90.38999938964844,3217100
2026-01-28,VNQ,89.45999908447266,4520400
2026-01-29,VNQ,90.70999908447266,7283700
2026-01-30,VNQ,90.80000305175781,4617900
2026-02-02,VNQ,89.86000061035156,5280500
2026-02-03,VNQ,89.66000366210938,4821700
2026-02-04,VNQ,90.94999694824219,3941100
2026-02-05,VNQ,90.81999969482422,3588500
2026-02-06,VNQ,92.25,3638600
2026-02-09,VNQ,92.63999938964844,3021500
2026-02-10,VNQ,93.87999725341797,4266300
2026-02-11,VNQ,93.36000061035156,4425400
2026-02-12,VNQ,93.25,7469400
2026-02-13,VNQ,94.58999633789062,3906800
2026-02-17,VNQ,95.48999786376953,3614800
2026-02-18,VNQ,94.37000274658203,4163300
2026-02-19,VNQ,94.16999816894531,2646600
2026-02-20,VNQ,94.87999725341797,2840700
2026-02-23,VNQ,94.88999938964844,3646100
2026-02-24,VNQ,95.12999725341797,3788500
2026-02-25,VNQ,94.87000274658203,3297000
2026-02-26,VNQ,95.5199966430664,3761600
2026-02-27,VNQ,95.69000244140625,4707900
2026-03-02,VNQ,95.93000030517578,5477700
2026-03-03,VNQ,95.41999816894531,4832600
2026-03-04,VNQ,95.54000091552734,3896700
2026-03-05,VNQ,94.58000183105469,4637600
2026-03-06,VNQ,93.55000305175781,4606000
2026-03-09,VNQ,93.76000213623047,4971400
2026-03-10,VNQ,93.62000274658203,5106500
2026-03-11,VNQ,92.6500015258789,4686600
2026-03-12,VNQ,92.01000213623047,3933900
2026-03-13,VNQ,92.16000366210938,4063300
2026-03-16,VNQ,92.93000030517578,3479300
2026-03-17,VNQ,93.33999633789062,2960900
2026-03-18,VNQ,91.95999908447266,2838600
2026-03-19,VNQ,91.58999633789062,4704900
2026-03-20,VNQ,88.75,6295400
2026-03-23,VNQ,89.44000244140625,6256500
2026-03-24,VNQ,87.91000366210938,3917100
2026-03-25,VNQ,87.83999633789062,5061200
2026-03-26,VNQ,87.72000122070312,6108000
2026-03-27,VNQ,87.0,4435200
2026-03-30,VNQ,87.33000183105469,5474800
2026-03-31,VNQ,88.69999694824219,4928400
2026-04-01,VNQ,89.0199966430664,4412000
2026-04-02,VNQ,90.2300033569336,3288900
2026-04-06,VNQ,90.36000061035156,2537600
2026-04-07,VNQ,90.48999786376953,3184800
2026-04-08,VNQ,92.12000274658203,5049600
2026-04-09,VNQ,92.77999877929688,3845600
2026-04-10,VNQ,92.9800033569336,2568500
2026-04-13,VNQ,93.33000183105469,2036000
2026-04-14,VNQ,94.22000122070312,1921100
2026-04-15,VNQ,94.29000091552734,2758800
2026-04-16,VNQ,95.16000366210938,2005200
2026-04-17,VNQ,96.68000030517578,2584300
2026-04-20,VNQ,97.02999877929688,2246600
2026-04-21,VNQ,95.30999755859375,3236100
2026-04-22,VNQ,94.5199966430664,2708600
2026-04-23,VNQ,95.48999786376953,3437500
2026-04-24,VNQ,95.30000305175781,1994300
2026-04-27,VNQ,94.77999877929688,2521200
2026-04-28,VNQ,95.6500015258789,2867600
2026-04-29,VNQ,94.9000015258789,2903100
2026-04-30,VNQ,96.33000183105469,3730200
2026-05-01,VNQ,96.05999755859375,3248800
2026-05-04,VNQ,95.45999908447266,3595200
2026-05-05,VNQ,95.76000213623047,2536800
2026-05-06,VNQ,97.08999633789062,3238800
2026-05-07,VNQ,96.38999938964844,2739700
2026-05-08,VNQ,96.62000274658203,2186500
2026-05-11,VNQ,96.69000244140625,3868500
2026-05-12,VNQ,96.69000244140625,2325100
2026-05-13,VNQ,95.88999938964844,5047300
2026-05-14,VNQ,95.31999969482422,2521700
2026-05-15,VNQ,93.91000366210938,4543700
2026-05-18,VNQ,95.01000213623047,2766100
2026-05-19,VNQ,95.27999877929688,2092700
2026-05-20,VNQ,96.48999786376953,2655000
2026-05-21,VNQ,96.66999816894531,2493900
2026-05-22,VNQ,96.7699966430664,3549600
2026-05-26,VNQ,97.22000122070312,3193000
2026-05-27,VNQ,96.91999816894531,2509300
2026-05-28,VNQ,96.55000305175781,2898600
2026-05-29,VNQ,95.69999694824219,3342700
2026-06-01,VNQ,94.08999633789062,3953200
2026-06-02,VNQ,94.5199966430664,2143400
2026-06-03,VNQ,94.41000366210938,2620300
2026-06-04,VNQ,96.0999984741211,3786900
2026-06-05,VNQ,96.79000091552734,3650300
2026-06-08,VNQ,95.47000122070312,2774600
2026-06-09,VNQ,97.66999816894531,3446800
2026-06-10,VNQ,97.68000030517578,3787000
2026-06-11,VNQ,97.61000061035156,3896700
2026-06-12,VNQ,98.51000213623047,1985700
2026-06-15,VNQ,97.81999969482422,3067400
2026-06-16,VNQ,98.05999755859375,2619900
2026-06-17,VNQ,95.61000061035156,2859900
2026-06-18,VNQ,95.55999755859375,2666300
2026-06-22,VNQ,96.58999633789062,4479200
2026-06-23,VNQ,97.86000061035156,3173300
2026-06-24,VNQ,97.01000213623047,4831600
2026-06-25,VNQ,97.19000244140625,4014600
2026-06-26,VNQ,98.66999816894531,3884800
2026-06-29,VNQ,98.1500015258789,3136300
2026-06-30,VNQ,96.43000030517578,5313100
2026-07-01,VNQ,96.81999969482422,5198000
2026-07-02,VNQ,98.0199966430664,3560200
2026-07-06,VNQ,97.23999786376953,4493400
2026-07-07,VNQ,98.4000015258789,2809500
2026-07-08,VNQ,96.80000305175781,6050100
2024-11-18,XLE,47.994998931884766,23892600
2024-11-19,XLE,47.689998626708984,23796400
2024-11-20,XLE,48.16999816894531,17917600
2024-11-21,XLE,48.560001373291016,33541000
2024-11-22,XLE,48.6349983215332,21555600
2024-11-25,XLE,47.67499923706055,32950600
2024-11-26,XLE,47.61000061035156,24932800
2024-11-27,XLE,47.560001373291016,15595600
2024-11-29,XLE,47.76499938964844,13636400
2024-12-02,XLE,47.2599983215332,22190000
2024-12-03,XLE,47.255001068115234,17886600
2024-12-04,XLE,46.1150016784668,32518000
2024-12-05,XLE,46.29499816894531,22662400
2024-12-06,XLE,45.5099983215332,26206600
2024-12-09,XLE,45.435001373291016,23627800
2024-12-10,XLE,45.125,23299800
2024-12-11,XLE,45.20000076293945,23147600
2024-12-12,XLE,44.834999084472656,21746200
2024-12-13,XLE,44.61000061035156,22346000
2024-12-16,XLE,43.630001068115234,25036200
2024-12-17,XLE,43.30500030517578,32011600
2024-12-18,XLE,42.025001525878906,39241200
2024-12-19,XLE,41.65999984741211,49981400
2024-12-20,XLE,42.06999969482422,35704800
2024-12-23,XLE,41.96500015258789,34445400
2024-12-24,XLE,42.31999969482422,15024200
2024-12-26,XLE,42.28499984741211,15386400
2024-12-27,XLE,42.279998779296875,20369800
2024-12-30,XLE,42.275001525878906,23545400
2024-12-31,XLE,42.83000183105469,21165000
2025-01-02,XLE,43.33000183105469,34887000
2025-01-03,XLE,43.73500061035156,22120800
2025-01-06,XLE,43.53499984741211,22835200
2025-01-07,XLE,43.970001220703125,25035800
2025-01-08,XLE,44.01499938964844,28483800
2025-01-10,XLE,44.19499969482422,34075800
2025-01-13,XLE,45.125,48896200
2025-01-14,XLE,45.61000061035156,31173000
2025-01-15,XLE,46.28499984741211,34657800
2025-01-16,XLE,46.619998931884766,25230600
2025-01-17,XLE,46.97999954223633,23899600
2025-01-21,XLE,46.7400016784668,49302000
2025-01-22,XLE,45.88999938964844,35880200
2025-01-23,XLE,46.099998474121094,29359200
2025-01-24,XLE,45.654998779296875,29156800
2025-01-27,XLE,45.18000030517578,31993400
2025-01-28,XLE,44.75,37401800
2025-01-29,XLE,44.849998474121094,20681800
2025-01-30,XLE,45.08000183105469,39092600
2025-01-31,XLE,43.81999969482422,44537400
2025-02-03,XLE,44.095001220703125,39816400
2025-02-04,XLE,45.02000045776367,40279800
2025-02-05,XLE,45.1150016784668,21772000
2025-02-06,XLE,44.28499984741211,41309600
2025-02-07,XLE,44.279998779296875,22568400
2025-02-10,XLE,45.255001068115234,25871400
2025-02-11,XLE,45.619998931884766,26226800
2025-02-12,XLE,44.52000045776367,38798800
2025-02-13,XLE,44.85499954223633,31550400
2025-02-14,XLE,45.03499984741211,25885800
2025-02-18,XLE,45.650001525878906,29574800
2025-02-19,XLE,46.0099983215332,24531200
2025-02-20,XLE,46.43000030517578,28332200
2025-02-21,XLE,45.46500015258789,31276600
2025-02-24,XLE,45.474998474121094,26295200
2025-02-25,XLE,44.81999969482422,26608600
2025-02-26,XLE,44.564998626708984,24305600
2025-02-27,XLE,44.80500030517578,30048000
2025-02-28,XLE,45.5,26627200
2025-03-03,XLE,43.90999984741211,49501800
2025-03-04,XLE,43.48500061035156,50677000
2025-03-05,XLE,42.849998474121094,56510800
2025-03-06,XLE,42.97999954223633,47104200
2025-03-07,XLE,43.71500015258789,44849200
2025-03-10,XLE,44.040000915527344,40045400
2025-03-11,XLE,43.689998626708984,30230200
2025-03-12,XLE,43.88999938964844,32240400
2025-03-13,XLE,43.59000015258789,30742000
2025-03-14,XLE,44.880001068115234,32023200
2025-03-17,XLE,45.595001220703125,29761600
2025-03-18,XLE,45.66999816894531,30806600
2025-03-19,XLE,46.415000915527344,31742600
2025-03-20,XLE,46.584999084472656,33163600
2025-03-21,XLE,46.2599983215332,36975600
2025-03-24,XLE,46.42499923706055,23824600
2025-03-25,XLE,46.6150016784668,22292000
2025-03-26,XLE,46.88999938964844,25564600
2025-03-27,XLE,46.435001373291016,19147800
2025-03-28,XLE,46.21500015258789,22248800
2025-03-31,XLE,46.724998474121094,28813800
2025-04-01,XLE,47.0,27121200
2025-04-02,XLE,47.064998626708984,33960600
2025-04-03,XLE,43.369998931884766,75657800
2025-04-04,XLE,39.380001068115234,100752000
2025-04-07,XLE,39.125,113906800
2025-04-08,XLE,38.220001220703125,90538400
2025-04-09,XLE,41.18000030517578,118962400
2025-04-10,XLE,38.4900016784668,79046600
2025-04-11,XLE,39.44499969482422,41916800
2025-04-14,XLE,39.584999084472656,32748200
2025-04-15,XLE,39.525001525878906,22167000
2025-04-16,XLE,39.849998474121094,27331400
2025-04-17,XLE,40.75,47908800
2025-04-21,XLE,39.685001373291016,31012000
2025-04-22,XLE,40.69499969482422,22097400
2025-04-23,XLE,40.619998931884766,43216200
2025-04-24,XLE,41.27000045776367,21219000
2025-04-25,XLE,41.19499969482422,17664800
2025-04-28,XLE,41.48500061035156,16436800
2025-04-29,XLE,41.3650016784668,19843400
2025-04-30,XLE,40.25,37814200
2025-05-01,XLE,40.400001525878906,36314400
2025-05-02,XLE,40.9900016784668,32038800
2025-05-05,XLE,40.25,29530200
2025-05-06,XLE,40.2599983215332,22995400
2025-05-07,XLE,40.275001525878906,22446200
2025-05-08,XLE,40.80500030517578,30565800
2025-05-09,XLE,41.21500015258789,19993200
2025-05-12,XLE,42.290000915527344,32610000
2025-05-13,XLE,42.8849983215332,29031600
2025-05-14,XLE,42.625,21332600
2025-05-15,XLE,42.80500030517578,29721600
2025-05-16,XLE,42.7400016784668,21725800
2025-05-19,XLE,42.185001373291016,24787000
2025-05-20,XLE,41.79499816894531,22782200
2025-05-21,XLE,41.025001525878906,25698400
2025-05-22,XLE,40.8650016784668,23732200
2025-05-23,XLE,40.994998931884766,23511000
2025-05-27,XLE,41.349998474121094,19028000
2025-05-28,XLE,40.82500076293945,29552600
2025-05-29,XLE,41.130001068115234,23792800
2025-05-30,XLE,40.76499938964844,31038600
2025-06-02,XLE,41.29999923706055,32031000
2025-06-03,XLE,41.790000915527344,30352600
2025-06-04,XLE,40.974998474121094,44939200
2025-06-05,XLE,40.935001373291016,27655000
2025-06-06,XLE,41.70500183105469,28556800
2025-06-09,XLE,41.78499984741211,28680400
2025-06-10,XLE,42.529998779296875,46092200
2025-06-11,XLE,43.14500045776367,48996600
2025-06-12,XLE,43.29499816894531,34028200
2025-06-13,XLE,44.04999923706055,84194800
2025-06-16,XLE,43.91999816894531,69406600
2025-06-17,XLE,44.33000183105469,67884200
2025-06-18,XLE,44.040000915527344,70473000
2025-06-20,XLE,44.4900016784668,56744800
2025-06-23,XLE,43.01499938964844,105688200
2025-06-24,XLE,42.45500183105469,65358800
2025-06-25,XLE,42.27000045776367,43723000
2025-06-26,XLE,42.875,33565600
2025-06-27,XLE,42.650001525878906,35411800
2025-06-30,XLE,42.404998779296875,26247600
2025-07-01,XLE,42.72999954223633,40772800
2025-07-02,XLE,43.46500015258789,42468800
2025-07-03,XLE,43.51499938964844,22266200
2025-07-07,XLE,43.095001220703125,35673000
2025-07-08,XLE,44.255001068115234,47472400
2025-07-09,XLE,44.029998779296875,28672400
2025-07-10,XLE,44.3650016784668,28823800
2025-07-11,XLE,44.564998626708984,30171600
2025-07-14,XLE,44.07500076293945,33441600
2025-07-15,XLE,43.439998626708984,33859000
2025-07-16,XLE,43.064998626708984,35501600
2025-07-17,XLE,43.33000183105469,36085600
2025-07-18,XLE,42.97999954223633,60975600
2025-07-21,XLE,42.53499984741211,30434400
2025-07-22,XLE,42.73500061035156,32444000
2025-07-23,XLE,43.404998779296875,28046000
2025-07-24,XLE,43.71500015258789,24022200
2025-07-25,XLE,43.54999923706055,20143200
2025-07-28,XLE,44.04499816894531,23705200
2025-07-29,XLE,44.474998474121094,24552000
2025-07-30,XLE,43.84000015258789,26552400
2025-07-31,XLE,43.60499954223633,24960800
2025-08-01,XLE,42.79499816894531,42329400
2025-08-04,XLE,42.70000076293945,26509600
2025-08-05,XLE,42.755001068115234,31413600
2025-08-06,XLE,42.36000061035156,38249400
2025-08-07,XLE,42.19499969482422,35042000
2025-08-08,XLE,42.46500015258789,40736200
2025-08-11,XLE,42.125,28828800
2025-08-12,XLE,42.33000183105469,34522600
2025-08-13,XLE,42.81999969482422,25601200
2025-08-14,XLE,42.779998779296875,24944600
2025-08-15,XLE,42.779998779296875,27297800
2025-08-18,XLE,42.525001525878906,26428400
2025-08-19,XLE,42.540000915527344,25693800
2025-08-20,XLE,42.89500045776367,27967200
2025-08-21,XLE,43.189998626708984,22088000
2025-08-22,XLE,44.06999969482422,30936400
2025-08-25,XLE,44.185001373291016,23412800
2025-08-26,XLE,44.1150016784668,22855600
2025-08-27,XLE,44.61000061035156,26877400
2025-08-28,XLE,44.95000076293945,24086200
2025-08-29,XLE,45.19499969482422,23745000
2025-09-02,XLE,45.2599983215332,25964400
2025-09-03,XLE,44.244998931884766,36018200
2025-09-04,XLE,44.540000915527344,25895400
2025-09-05,XLE,43.68000030517578,48182200
2025-09-08,XLE,43.58000183105469,34931800
2025-09-09,XLE,43.790000915527344,41193400
2025-09-10,XLE,44.55500030517578,29932800
2025-09-11,XLE,44.564998626708984,25176800
2025-09-12,XLE,44.29999923706055,22297800
2025-09-15,XLE,44.150001525878906,23287800
2025-09-16,XLE,44.88999938964844,41593000
2025-09-17,XLE,44.994998931884766,26044800
2025-09-18,XLE,44.85499954223633,28713000
2025-09-19,XLE,44.2599983215332,29979200
2025-09-22,XLE,43.834999084472656,22502400
2025-09-23,XLE,44.59000015258789,44214800
2025-09-24,XLE,45.16999816894531,35406200
2025-09-25,XLE,45.57500076293945,31887200
2025-09-26,XLE,45.994998931884766,40161600
2025-09-29,XLE,45.150001525878906,37674400
2025-09-30,XLE,44.66999816894531,47544800
2025-10-01,XLE,44.66999816894531,27661200
2025-10-02,XLE,44.220001220703125,31793600
2025-10-03,XLE,44.45500183105469,24048000
2025-10-06,XLE,44.67499923706055,21488400
2025-10-07,XLE,44.744998931884766,25324000
2025-10-08,XLE,44.48500061035156,20024200
2025-10-09,XLE,43.880001068115234,23397800
2025-10-10,XLE,42.61000061035156,44892200
2025-10-13,XLE,43.189998626708984,22889600
2025-10-14,XLE,43.185001373291016,25084600
2025-10-15,XLE,43.15999984741211,24267000
2025-10-16,XLE,42.63999938964844,29193800
2025-10-17,XLE,42.9900016784668,24071800
2025-10-20,XLE,43.44499969482422,25352400
2025-10-21,XLE,43.345001220703125,25885200
2025-10-22,XLE,43.900001525878906,32814000
2025-10-23,XLE,44.48500061035156,47308800
2025-10-24,XLE,44.03499984741211,21191000
2025-10-27,XLE,44.13999938964844,19597200
2025-10-28,XLE,43.68000030517578,22474600
2025-10-29,XLE,44.005001068115234,26807800
2025-10-30,XLE,43.744998931884766,20663400
2025-10-31,XLE,44.064998626708984,26985400
2025-11-03,XLE,44.06999969482422,22232000
2025-11-04,XLE,43.595001220703125,29477600
2025-11-05,XLE,43.709999084472656,23857200
2025-11-06,XLE,44.1349983215332,32154800
2025-11-07,XLE,44.77000045776367,35458400
2025-11-10,XLE,45.17499923706055,31264600
2025-11-11,XLE,45.76499938964844,38752800
2025-11-12,XLE,45.125,29863200
2025-11-13,XLE,45.2400016784668,32243800
2025-11-14,XLE,46.0099983215332,34179400
2025-11-17,XLE,45.16999816894531,37447400
2025-11-18,XLE,45.529998779296875,34839400
2025-11-19,XLE,44.939998626708984,41062800
2025-11-20,XLE,44.43000030517578,41630000
2025-11-21,XLE,44.709999084472656,39317200
2025-11-24,XLE,44.584999084472656,33681800
2025-11-25,XLE,44.30500030517578,29299000
2025-11-26,XLE,44.63999938964844,26611000
2025-11-28,XLE,45.224998474121094,16666600
2025-12-01,XLE,45.65999984741211,31150000
2025-12-02,XLE,45.06999969482422,33305000
2025-12-03,XLE,45.915000915527344,30174000
2025-12-04,XLE,46.11000061035156,23799600
2025-12-05,XLE,45.91999816894531,22164400
2025-12-08,XLE,45.41999816894531,27891900
2025-12-09,XLE,45.70000076293945,20917400
2025-12-10,XLE,46.18000030517578,26255100
2025-12-11,XLE,45.959999084472656,25827200
2025-12-12,XLE,45.5099983215332,33161200
2025-12-15,XLE,45.189998626708984,27521600
2025-12-16,XLE,43.810001373291016,49312400
2025-12-17,XLE,44.779998779296875,43375300
2025-12-18,XLE,44.130001068115234,29920200
2025-12-19,XLE,44.130001068115234,31959600
2025-12-22,XLE,44.209999084472656,23707400
2025-12-23,XLE,44.5,19137500
2025-12-24,XLE,44.369998931884766,11293900
2025-12-26,XLE,44.20000076293945,17884500
2025-12-29,XLE,44.619998931884766,31352100
2025-12-30,XLE,44.959999084472656,18654700
2025-12-31,XLE,44.709999084472656,16965900
2026-01-02,XLE,45.650001525878906,31935500
2026-01-05,XLE,46.88999938964844,94961000
2026-01-06,XLE,45.63999938964844,69568200
2026-01-07,XLE,45.130001068115234,42739200
2026-01-08,XLE,46.54999923706055,51451000
2026-01-09,XLE,46.66999816894531,38839900
2026-01-12,XLE,46.34000015258789,28264400
2026-01-13,XLE,47.0,50469200
2026-01-14,XLE,48.060001373291016,80750200
2026-01-15,XLE,47.61000061035156,49328800
2026-01-16,XLE,47.689998626708984,30796300
2026-01-20,XLE,47.599998474121094,50178700
2026-01-21,XLE,48.75,58996000
2026-01-22,XLE,48.90999984741211,50869500
2026-01-23,XLE,49.189998626708984,51431200
2026-01-26,XLE,49.220001220703125,40122600
2026-01-27,XLE,49.66999816894531,39840300
2026-01-28,XLE,50.04999923706055,41890400
2026-01-29,XLE,50.5099983215332,77520700
2026-01-30,XLE,51.04999923706055,74039400
2026-02-02,XLE,50.04999923706055,61479900
2026-02-03,XLE,51.66999816894531,83754100
2026-02-04,XLE,52.83000183105469,78149900
2026-02-05,XLE,52.209999084472656,54235600
2026-02-06,XLE,53.25,41669600
2026-02-09,XLE,53.63999938964844,38798500
2026-02-10,XLE,53.58000183105469,32146000
2026-02-11,XLE,54.97999954223633,57349700
2026-02-12,XLE,53.97999954223633,67427800
2026-02-13,XLE,54.349998474121094,48392100
2026-02-17,XLE,53.75,50499600
2026-02-18,XLE,54.779998779296875,59196100
2026-02-19,XLE,55.18000030517578,62513500
2026-02-20,XLE,54.880001068115234,50833500
2026-02-23,XLE,55.150001525878906,44013500
2026-02-24,XLE,55.099998474121094,42921700
2026-02-25,XLE,54.869998931884766,36207500
2026-02-26,XLE,55.04999923706055,47033500
2026-02-27,XLE,55.91999816894531,59071500
2026-03-02,XLE,57.040000915527344,135633300
2026-03-03,XLE,56.52000045776367,154770800
2026-03-04,XLE,56.189998626708984,70732700
2026-03-05,XLE,56.47999954223633,85177800
2026-03-06,XLE,56.56999969482422,68219000
2026-03-09,XLE,56.31999969482422,88747400
2026-03-10,XLE,55.599998474121094,88817900
2026-03-11,XLE,56.97999954223633,48743700
2026-03-12,XLE,57.5099983215332,69358700
2026-03-13,XLE,57.70000076293945,43374600
2026-03-16,XLE,57.900001525878906,39474300
2026-03-17,XLE,58.5099983215332,40137700
2026-03-18,XLE,58.43000030517578,42908000
2026-03-19,XLE,59.36000061035156,69231400
2026-03-20,XLE,59.310001373291016,73003400
2026-03-23,XLE,59.630001068115234,71027200
2026-03-24,XLE,60.84000015258789,51207500
2026-03-25,XLE,60.56999969482422,42680700
2026-03-26,XLE,61.52000045776367,54967600
2026-03-27,XLE,62.560001373291016,59553200
2026-03-30,XLE,61.959999084472656,49750100
2026-03-31,XLE,61.2599983215332,94766900
2026-04-01,XLE,58.970001220703125,96652900
2026-04-02,XLE,59.25,60400500
2026-04-06,XLE,59.68000030517578,25474200
2026-04-07,XLE,60.15999984741211,38811700
2026-04-08,XLE,58.04999923706055,88023600
2026-04-09,XLE,57.33000183105469,55088500
2026-04-10,XLE,56.939998626708984,42561700
2026-04-13,XLE,57.11000061035156,43100900
2026-04-14,XLE,55.95000076293945,58830100
2026-04-15,XLE,55.7599983215332,39551500
2026-04-16,XLE,56.58000183105469,31282600
2026-04-17,XLE,55.02000045776367,90913300
2026-04-20,XLE,55.06999969482422,35150000
2026-04-21,XLE,55.869998931884766,41299800
2026-04-22,XLE,56.540000915527344,40565500
2026-04-23,XLE,56.97999954223633,34707200
2026-04-24,XLE,56.869998931884766,36426700
2026-04-27,XLE,56.77000045776367,33070600
2026-04-28,XLE,57.709999084472656,39151300
2026-04-29,XLE,59.029998779296875,40616700
2026-04-30,XLE,59.650001525878906,35896800
2026-05-01,XLE,58.849998474121094,35828400
2026-05-04,XLE,59.38999938964844,36883000
2026-05-05,XLE,59.45000076293945,27041400
2026-05-06,XLE,57.0,57907500
2026-05-07,XLE,55.95000076293945,52909900
2026-05-08,XLE,55.70000076293945,30573500
2026-05-11,XLE,57.16999816894531,31943300
2026-05-12,XLE,57.56999969482422,36814500
2026-05-13,XLE,57.630001068115234,22707200
2026-05-14,XLE,58.06999969482422,23487000
2026-05-15,XLE,59.439998626708984,33565500
2026-05-18,XLE,60.58000183105469,41516600
2026-05-19,XLE,61.290000915527344,31111000
2026-05-20,XLE,59.79999923706055,61776800
2026-05-21,XLE,59.130001068115234,45851100
2026-05-22,XLE,59.4900016784668,42428900
2026-05-26,XLE,57.849998474121094,38819900
2026-05-27,XLE,56.9900016784668,48329800
2026-05-28,XLE,56.95000076293945,46554100
2026-05-29,XLE,56.290000915527344,32389600
2026-06-01,XLE,57.29999923706055,55879400
2026-06-02,XLE,57.959999084472656,23842600
2026-06-03,XLE,58.709999084472656,46312800
2026-06-04,XLE,58.75,23916300
2026-06-05,XLE,57.66999816894531,28213000
2026-06-08,XLE,58.33000183105469,25717800
2026-06-09,XLE,57.38999938964844,46026300
2026-06-10,XLE,58.25,36515300
2026-06-11,XLE,57.119998931884766,40863500
2026-06-12,XLE,57.54999923706055,31964700
2026-06-15,XLE,55.54999923706055,44319100
2026-06-16,XLE,55.36000061035156,42008400
2026-06-17,XLE,54.66999816894531,38553000
2026-06-18,XLE,53.77000045776367,39645700
2026-06-22,XLE,54.060001373291016,30765600
2026-06-23,XLE,54.459999084472656,38690400
2026-06-24,XLE,53.56999969482422,43034600
2026-06-25,XLE,54.09000015258789,28221700
2026-06-26,XLE,53.84000015258789,19025200
2026-06-29,XLE,53.58000183105469,25142300
2026-06-30,XLE,53.11000061035156,28284000
2026-07-01,XLE,52.810001373291016,33662700
2026-07-02,XLE,53.220001220703125,28525600
2026-07-06,XLE,53.130001068115234,24735300
2026-07-07,XLE,54.63999938964844,41833600
2026-07-08,XLE,55.599998474121094,39741400
2024-11-18,XLF,50.02000045776367,27141600
2024-11-19,XLF,49.689998626708984,27014700
2024-11-20,XLF,49.540000915527344,33932500
2024-11-21,XLF,50.16999816894531,50881800
2024-11-22,XLF,50.72999954223633,42050800
2024-11-25,XLF,51.060001373291016,47492500
2024-11-26,XLF,51.15999984741211,28418400
2024-11-27,XLF,51.2599983215332,31803700
2024-11-29,XLF,51.34000015258789,15178400
2024-12-02,XLF,50.83000183105469,55483600
2024-12-03,XLF,50.45000076293945,46924300
2024-12-04,XLF,50.2599983215332,41017400
2024-12-05,XLF,50.40999984741211,33599300
2024-12-06,XLF,50.400001525878906,23439400
2024-12-09,XLF,49.709999084472656,41998300
2024-12-10,XLF,49.70000076293945,38861800
2024-12-11,XLF,49.79999923706055,35035900
2024-12-12,XLF,49.58000183105469,23107300
2024-12-13,XLF,49.540000915527344,39160400
2024-12-16,XLF,49.45000076293945,35242800
2024-12-17,XLF,49.099998474121094,46103300
2024-12-18,XLF,47.630001068115234,72399500
2024-12-19,XLF,47.79999923706055,63641000
2024-12-20,XLF,48.5099983215332,56066100
2024-12-23,XLF,48.41999816894531,43033300
2024-12-24,XLF,48.9900016784668,18350500
2024-12-26,XLF,49.11000061035156,20805600
2024-12-27,XLF,48.75,33852400
2024-12-30,XLF,48.279998779296875,34819800
2024-12-31,XLF,48.33000183105469,25170500
2025-01-02,XLF,48.209999084472656,35879100
2025-01-03,XLF,48.59000015258789,25198100
2025-01-06,XLF,48.439998626708984,54289900
2025-01-07,XLF,48.33000183105469,57682700
2025-01-08,XLF,48.4900016784668,36422000
2025-01-10,XLF,47.31999969482422,53128700
2025-01-13,XLF,47.65999984741211,36002800
2025-01-14,XLF,48.25,39353300
2025-01-15,XLF,49.47999954223633,61176900
2025-01-16,XLF,49.810001373291016,33830400
2025-01-17,XLF,50.22999954223633,43693100
2025-01-21,XLF,50.650001525878906,33267500
2025-01-22,XLF,50.40999984741211,37226400
2025-01-23,XLF,50.70000076293945,32048800
2025-01-24,XLF,50.849998474121094,39088700
2025-01-27,XLF,51.40999984741211,61707400
2025-01-28,XLF,51.31999969482422,39885300
2025-01-29,XLF,51.279998779296875,43612200
2025-01-30,XLF,51.77000045776367,64250500
2025-01-31,XLF,51.470001220703125,40424200
2025-02-03,XLF,51.2599983215332,77416200
2025-02-04,XLF,51.13999938964844,41742700
2025-02-05,XLF,51.68000030517578,34758600
2025-02-06,XLF,52.11000061035156,34355900
2025-02-07,XLF,51.81999969482422,40601400
2025-02-10,XLF,51.40999984741211,37921500
2025-02-11,XLF,51.540000915527344,45162900
2025-02-12,XLF,51.36000061035156,45473100
2025-02-13,XLF,51.70000076293945,36372200
2025-02-14,XLF,51.79999923706055,29574300
2025-02-18,XLF,52.16999816894531,33496800
2025-02-19,XLF,52.189998626708984,31748500
2025-02-20,XLF,51.38999938964844,47078900
2025-02-21,XLF,50.75,51789900
2025-02-24,XLF,50.970001220703125,56673900
2025-02-25,XLF,50.959999084472656,50132800
2025-02-26,XLF,50.849998474121094,31250500
2025-02-27,XLF,51.130001068115234,44378600
2025-02-28,XLF,52.18000030517578,63537100
2025-03-03,XLF,51.7400016784668,76100100
2025-03-04,XLF,49.91999816894531,99342400
2025-03-05,XLF,50.209999084472656,75561700
2025-03-06,XLF,49.380001068115234,55477700
2025-03-07,XLF,49.119998931884766,87351400
2025-03-10,XLF,48.02000045776367,78221400
2025-03-11,XLF,47.61000061035156,72972200
2025-03-12,XLF,47.68000030517578,60700100
2025-03-13,XLF,47.41999816894531,49986300
2025-03-14,XLF,48.52000045776367,49535700
2025-03-17,XLF,49.09000015258789,43570500
2025-03-18,XLF,49.029998779296875,32714200
2025-03-19,XLF,49.56999969482422,44290700
2025-03-20,XLF,49.63999938964844,46326000
2025-03-21,XLF,49.459999084472656,53382800
2025-03-24,XLF,50.150001525878906,43158200
2025-03-25,XLF,50.43000030517578,24873700
2025-03-26,XLF,50.279998779296875,39729200
2025-03-27,XLF,50.18000030517578,32299800
2025-03-28,XLF,49.209999084472656,45365400
2025-03-31,XLF,49.810001373291016,38042300
2025-04-01,XLF,49.75,37959100
2025-04-02,XLF,50.15999984741211,41792100
2025-04-03,XLF,47.689998626708984,101160600
2025-04-04,XLF,44.20000076293945,128135300
2025-04-07,XLF,44.09000015258789,179993200
2025-04-08,XLF,43.91999816894531,98804200
2025-04-09,XLF,47.22999954223633,177242900
2025-04-10,XLF,45.90999984741211,93318200
2025-04-11,XLF,46.66999816894531,63647400
2025-04-14,XLF,47.150001525878906,52008900
2025-04-15,XLF,47.27000045776367,41840100
2025-04-16,XLF,46.529998779296875,47934300
2025-04-17,XLF,46.650001525878906,61866600
2025-04-21,XLF,45.650001525878906,43082300
2025-04-22,XLF,47.15999984741211,38154800
2025-04-23,XLF,47.720001220703125,50290900
2025-04-24,XLF,48.25,26817900
2025-04-25,XLF,48.02000045776367,28113000
2025-04-28,XLF,48.16999816894531,33922800
2025-04-29,XLF,48.66999816894531,42475300
2025-04-30,XLF,48.7599983215332,33759900
2025-05-01,XLF,48.75,34420200
2025-05-02,XLF,49.7599983215332,35032100
2025-05-05,XLF,49.439998626708984,24139900
2025-05-06,XLF,49.15999984741211,28949100
2025-05-07,XLF,49.45000076293945,30070100
2025-05-08,XLF,49.86000061035156,31294200
2025-05-09,XLF,49.86000061035156,22075000
2025-05-12,XLF,50.869998931884766,44274100
2025-05-13,XLF,51.08000183105469,33986100
2025-05-14,XLF,50.939998626708984,38764200
2025-05-15,XLF,51.279998779296875,34742500
2025-05-16,XLF,51.59000015258789,53401000
2025-05-19,XLF,51.619998931884766,26348400
2025-05-20,XLF,51.34000015258789,26903000
2025-05-21,XLF,50.290000915527344,40022000
2025-05-22,XLF,50.22999954223633,33662800
2025-05-23,XLF,50.04999923706055,33645600
2025-05-27,XLF,50.93000030517578,38636400
2025-05-28,XLF,50.59000015258789,31730200
2025-05-29,XLF,50.849998474121094,34098400
2025-05-30,XLF,50.959999084472656,37953200
2025-06-02,XLF,50.97999954223633,30142300
2025-06-03,XLF,51.08000183105469,33705400
2025-06-04,XLF,50.790000915527344,24600500
2025-06-05,XLF,50.650001525878906,42014400
2025-06-06,XLF,51.279998779296875,34982800
2025-06-09,XLF,51.0,28322100
2025-06-10,XLF,51.060001373291016,27728600
2025-06-11,XLF,51.0,39368400
2025-06-12,XLF,51.0,25500900
2025-06-13,XLF,49.959999084472656,54921900
2025-06-16,XLF,50.529998779296875,35632400
2025-06-17,XLF,50.2400016784668,31130700
2025-06-18,XLF,50.220001220703125,45728200
2025-06-20,XLF,50.36000061035156,44456100
2025-06-23,XLF,50.81999969482422,43022700
2025-06-24,XLF,51.58000183105469,41225000
2025-06-25,XLF,51.40999984741211,33123900
2025-06-26,XLF,51.790000915527344,37866000
2025-06-27,XLF,51.939998626708984,38954100
2025-06-30,XLF,52.369998931884766,42472900
2025-07-01,XLF,52.65999984741211,33844800
2025-07-02,XLF,52.619998931884766,40791100
2025-07-03,XLF,53.189998626708984,25904800
2025-07-07,XLF,52.68000030517578,34049000
2025-07-08,XLF,52.209999084472656,53715000
2025-07-09,XLF,52.400001525878906,36634900
2025-07-10,XLF,52.709999084472656,27992600
2025-07-11,XLF,52.15999984741211,30289900
2025-07-14,XLF,52.54999923706055,27636500
2025-07-15,XLF,51.650001525878906,47704600
2025-07-16,XLF,52.0099983215332,46726500
2025-07-17,XLF,52.5099983215332,48213900
2025-07-18,XLF,52.540000915527344,29791300
2025-07-21,XLF,52.38999938964844,36871400
2025-07-22,XLF,52.68000030517578,32289100
2025-07-23,XLF,53.099998474121094,32111300
2025-07-24,XLF,53.06999969482422,32371900
2025-07-25,XLF,53.439998626708984,28964700
2025-07-28,XLF,53.06999969482422,29119300
2025-07-29,XLF,52.79999923706055,37883200
2025-07-30,XLF,52.70000076293945,37260100
2025-07-31,XLF,52.369998931884766,46179400
2025-08-01,XLF,51.400001525878906,63060800
2025-08-04,XLF,51.90999984741211,40053100
2025-08-05,XLF,51.70000076293945,33551000
2025-08-06,XLF,51.95000076293945,34198700
2025-08-07,XLF,51.369998931884766,43119400
2025-08-08,XLF,51.849998474121094,39484400
2025-08-11,XLF,51.83000183105469,29351200
2025-08-12,XLF,52.459999084472656,37510000
2025-08-13,XLF,52.7599983215332,41154900
2025-08-14,XLF,53.0099983215332,35841500
2025-08-15,XLF,52.459999084472656,46108500
2025-08-18,XLF,52.5,25405100
2025-08-19,XLF,52.599998474121094,24870800
2025-08-20,XLF,52.869998931884766,39138800
2025-08-21,XLF,52.70000076293945,29037000
2025-08-22,XLF,53.56999969482422,47249800
2025-08-25,XLF,53.2599983215332,24756500
2025-08-26,XLF,53.66999816894531,27907000
2025-08-27,XLF,53.779998779296875,39530100
2025-08-28,XLF,53.849998474121094,28837300
2025-08-29,XLF,53.9900016784668,36062400
2025-09-02,XLF,53.59000015258789,38733100
2025-09-03,XLF,53.5,36420100
2025-09-04,XLF,54.060001373291016,32730000
2025-09-05,XLF,53.06999969482422,58377100
2025-09-08,XLF,53.11000061035156,49490900
2025-09-09,XLF,53.34000015258789,38884500
2025-09-10,XLF,53.15999984741211,32915900
2025-09-11,XLF,54.029998779296875,36635400
2025-09-12,XLF,53.79999923706055,25705900
2025-09-15,XLF,53.68000030517578,31922000
2025-09-16,XLF,53.560001373291016,28482500
2025-09-17,XLF,54.08000183105469,47976100
2025-09-18,XLF,54.130001068115234,36609100
2025-09-19,XLF,54.25,46731400
2025-09-22,XLF,54.0,32393000
2025-09-23,XLF,53.7599983215332,28698900
2025-09-24,XLF,53.61000061035156,23893400
2025-09-25,XLF,53.470001220703125,24757500
2025-09-26,XLF,53.86000061035156,30686100
2025-09-29,XLF,54.130001068115234,20713800
2025-09-30,XLF,53.869998931884766,32442200
2025-10-01,XLF,53.38999938964844,33210100
2025-10-02,XLF,53.349998474121094,32443400
2025-10-03,XLF,53.720001220703125,32111600
2025-10-06,XLF,53.70000076293945,32001300
2025-10-07,XLF,53.77000045776367,31250500
2025-10-08,XLF,53.5099983215332,26848700
2025-10-09,XLF,53.31999969482422,33922400
2025-10-10,XLF,52.15999984741211,73596200
2025-10-13,XLF,52.65999984741211,39651900
2025-10-14,XLF,53.2400016784668,62588700
2025-10-15,XLF,53.2400016784668,39526600
2025-10-16,XLF,51.7599983215332,85420100
2025-10-17,XLF,52.18000030517578,52288900
2025-10-20,XLF,52.790000915527344,39479600
2025-10-21,XLF,52.72999954223633,31213600
2025-10-22,XLF,52.43000030517578,53727500
2025-10-23,XLF,52.540000915527344,29483700
2025-10-24,XLF,53.11000061035156,31947800
2025-10-27,XLF,53.33000183105469,27154100
2025-10-28,XLF,52.9900016784668,33648000
2025-10-29,XLF,52.09000015258789,61846300
2025-10-30,XLF,52.22999954223633,48568700
2025-10-31,XLF,52.369998931884766,40425800
2025-11-03,XLF,52.150001525878906,38693200
2025-11-04,XLF,52.41999816894531,44675200
2025-11-05,XLF,52.599998474121094,38036300
2025-11-06,XLF,52.40999984741211,42625700
2025-11-07,XLF,52.779998779296875,46218700
2025-11-10,XLF,52.970001220703125,42010600
2025-11-11,XLF,53.209999084472656,29995800
2025-11-12,XLF,53.66999816894531,46052700
2025-11-13,XLF,52.97999954223633,50455300
2025-11-14,XLF,52.45000076293945,46154600
2025-11-17,XLF,51.45000076293945,70048500
2025-11-18,XLF,51.369998931884766,66043600
2025-11-19,XLF,51.560001373291016,46003900
2025-11-20,XLF,51.11000061035156,70096400
2025-11-21,XLF,51.66999816894531,68942900
2025-11-24,XLF,51.88999938964844,43789100
2025-11-25,XLF,52.540000915527344,50989800
2025-11-26,XLF,52.95000076293945,35268500
2025-11-28,XLF,53.33000183105469,16136100
2025-12-01,XLF,52.88999938964844,29296300
2025-12-02,XLF,52.84000015258789,29771500
2025-12-03,XLF,53.54999923706055,32018000
2025-12-04,XLF,53.65999984741211,33678700
2025-12-05,XLF,53.68000030517578,28532300
2025-12-08,XLF,53.47999954223633,31164200
2025-12-09,XLF,53.279998779296875,46335400
2025-12-10,XLF,53.88999938964844,45437500
2025-12-11,XLF,54.869998931884766,51786500
2025-12-12,XLF,54.95000076293945,64428900
2025-12-15,XLF,54.9900016784668,35356800
2025-12-16,XLF,54.63999938964844,37342300
2025-12-17,XLF,54.630001068115234,41112400
2025-12-18,XLF,54.540000915527344,35021600
2025-12-19,XLF,54.84000015258789,46595300
2025-12-22,XLF,55.31999969482422,37987800
2025-12-23,XLF,55.43000030517578,24732900
2025-12-24,XLF,55.72999954223633,15685800
2025-12-26,XLF,55.619998931884766,20410100
2025-12-29,XLF,55.31999969482422,34223800
2025-12-30,XLF,55.18000030517578,16160900
2025-12-31,XLF,54.77000045776367,22996200
2026-01-02,XLF,54.93000030517578,36087100
2026-01-05,XLF,56.130001068115234,58044100
2026-01-06,XLF,56.400001525878906,38950800
2026-01-07,XLF,55.61000061035156,44720900
2026-01-08,XLF,55.900001525878906,35358300
2026-01-09,XLF,55.72999954223633,29544900
2026-01-12,XLF,55.290000915527344,42021600
2026-01-13,XLF,54.22999954223633,77045100
2026-01-14,XLF,54.150001525878906,59754600
2026-01-15,XLF,54.369998931884766,48490800
2026-01-16,XLF,54.439998626708984,44363200
2026-01-20,XLF,53.20000076293945,57030800
2026-01-21,XLF,53.459999084472656,49360300
2026-01-22,XLF,53.810001373291016,46919300
2026-01-23,XLF,53.06999969482422,47057500
2026-01-26,XLF,53.40999984741211,31072700
2026-01-27,XLF,53.0,38633700
2026-01-28,XLF,52.9900016784668,45450800
2026-01-29,XLF,53.54999923706055,51975400
2026-01-30,XLF,53.439998626708984,42767000
2026-02-02,XLF,54.029998779296875,48031500
2026-02-03,XLF,53.529998779296875,66887100
2026-02-04,XLF,53.959999084472656,59506400
2026-02-05,XLF,53.290000915527344,64475000
2026-02-06,XLF,54.2599983215332,53073800
2026-02-09,XLF,53.939998626708984,31699900
2026-02-10,XLF,53.54999923706055,57920800
2026-02-11,XLF,52.7400016784668,60339900
2026-02-12,XLF,51.689998626708984,94645100
2026-02-13,XLF,51.650001525878906,56449300
2026-02-17,XLF,52.20000076293945,54064700
2026-02-18,XLF,52.59000015258789,45224000
2026-02-19,XLF,52.150001525878906,47344400
2026-02-20,XLF,52.4900016784668,52934100
2026-02-23,XLF,50.72999954223633,94600400
2026-02-24,XLF,50.97999954223633,64114100
2026-02-25,XLF,51.869998931884766,47652800
2026-02-26,XLF,52.5,60884300
2026-02-27,XLF,51.43000030517578,81998700
2026-03-02,XLF,51.29999923706055,70107200
2026-03-03,XLF,51.209999084472656,94738700
2026-03-04,XLF,51.5,51472400
2026-03-05,XLF,51.22999954223633,58430700
2026-03-06,XLF,50.56999969482422,75632700
2026-03-09,XLF,50.33000183105469,78178700
2026-03-10,XLF,50.060001373291016,70834200
2026-03-11,XLF,49.63999938964844,56301200
2026-03-12,XLF,48.83000183105469,67871700
2026-03-13,XLF,48.88999938964844,47595200
2026-03-16,XLF,49.29999923706055,45720100
2026-03-17,XLF,49.560001373291016,46974000
2026-03-18,XLF,48.970001220703125,49239100
2026-03-19,XLF,48.9900016784668,58374000
2026-03-20,XLF,49.08000183105469,82914000
2026-03-23,XLF,49.27000045776367,81044800
2026-03-24,XLF,49.279998779296875,43296400
2026-03-25,XLF,49.34000015258789,40438800
2026-03-26,XLF,49.04999923706055,45035700
2026-03-27,XLF,47.810001373291016,64823900
2026-03-30,XLF,48.36000061035156,58128900
2026-03-31,XLF,49.369998931884766,85361900
2026-04-01,XLF,49.439998626708984,61558300
2026-04-02,XLF,49.529998779296875,39519800
2026-04-06,XLF,49.880001068115234,27345800
2026-04-07,XLF,49.880001068115234,31750000
2026-04-08,XLF,51.20000076293945,48175400
2026-04-09,XLF,51.33000183105469,30330500
2026-04-10,XLF,50.77000045776367,35427500
2026-04-13,XLF,51.65999984741211,33635900
2026-04-14,XLF,51.779998779296875,36498400
2026-04-15,XLF,52.16999816894531,33804700
2026-04-16,XLF,52.029998779296875,25432000
2026-04-17,XLF,52.43000030517578,45183400
2026-04-20,XLF,52.630001068115234,26160600
2026-04-21,XLF,52.29999923706055,34150100
2026-04-22,XLF,52.209999084472656,31838400
2026-04-23,XLF,51.79999923706055,44647900
2026-04-24,XLF,51.41999816894531,27225300
2026-04-27,XLF,51.810001373291016,25764300
2026-04-28,XLF,51.849998474121094,24337500
2026-04-29,XLF,51.91999816894531,22153100
2026-04-30,XLF,52.130001068115234,31406400
2026-05-01,XLF,51.91999816894531,39618200
2026-05-04,XLF,51.58000183105469,44456300
2026-05-05,XLF,51.59000015258789,27419600
2026-05-06,XLF,51.84000015258789,39084600
2026-05-07,XLF,51.54999923706055,36983100
2026-05-08,XLF,51.2400016784668,29627700
2026-05-11,XLF,51.18000030517578,30759200
2026-05-12,XLF,51.58000183105469,44193700
2026-05-13,XLF,50.9900016784668,33440200
2026-05-14,XLF,51.290000915527344,37059700
2026-05-15,XLF,51.099998474121094,29789800
2026-05-18,XLF,51.7400016784668,32974600
2026-05-19,XLF,51.099998474121094,35956300
2026-05-20,XLF,51.65999984741211,42148400
2026-05-21,XLF,51.72999954223633,33344200
2026-05-22,XLF,51.939998626708984,23308000
2026-05-26,XLF,51.849998474121094,24530200
2026-05-27,XLF,51.41999816894531,45239100
2026-05-28,XLF,51.27000045776367,40564600
2026-05-29,XLF,51.58000183105469,34240300
2026-06-01,XLF,51.43000030517578,34507600
2026-06-02,XLF,51.459999084472656,30988800
2026-06-03,XLF,50.869998931884766,44906700
2026-06-04,XLF,52.189998626708984,57368100
2026-06-05,XLF,52.29999923706055,42101700
2026-06-08,XLF,51.970001220703125,39102700
2026-06-09,XLF,52.459999084472656,41695100
2026-06-10,XLF,52.22999954223633,31128400
2026-06-11,XLF,52.619998931884766,41295600
2026-06-12,XLF,53.34000015258789,51023300
2026-06-15,XLF,53.560001373291016,37492400
2026-06-16,XLF,54.349998474121094,37478300
2026-06-17,XLF,54.04999923706055,49571900
2026-06-18,XLF,53.56999969482422,37816800
2026-06-22,XLF,53.70000076293945,27962800
2026-06-23,XLF,53.880001068115234,33375300
2026-06-24,XLF,53.720001220703125,30809600
2026-06-25,XLF,53.45000076293945,31634800
2026-06-26,XLF,53.56999969482422,26643000
2026-06-29,XLF,53.720001220703125,31628000
2026-06-30,XLF,53.61000061035156,27725300
2026-07-01,XLF,54.779998779296875,47809800
2026-07-02,XLF,55.619998931884766,46246100
2026-07-06,XLF,56.13999938964844,32043700
2026-07-07,XLF,56.04999923706055,27116500
2026-07-08,XLF,54.970001220703125,41648100
2024-11-18,XLK,114.7249984741211,6166800
2024-11-19,XLK,115.66500091552734,6906800
2024-11-20,XLK,115.56500244140625,8874400
2024-11-21,XLK,116.73999786376953,10591800
2024-11-22,XLK,116.80000305175781,7090800
2024-11-25,XLK,116.79499816894531,11137200
2024-11-26,XLK,117.37999725341797,6229400
2024-11-27,XLK,115.79000091552734,6369400
2024-11-29,XLK,116.86499786376953,4168400
2024-12-02,XLK,117.9749984741211,9398200
2024-12-03,XLK,118.4000015258789,5576000
2024-12-04,XLK,120.56500244140625,10840000
2024-12-05,XLK,119.95500183105469,5638000
2024-12-06,XLK,120.41999816894531,6654200
2024-12-09,XLK,119.63500213623047,8032400
2024-12-10,XLK,117.9749984741211,11234400
2024-12-11,XLK,119.68499755859375,8689600
2024-12-12,XLK,119.01499938964844,7218200
2024-12-13,XLK,119.5250015258789,8677000
2024-12-16,XLK,120.72000122070312,9442600
2024-12-17,XLK,119.98999786376953,8145000
2024-12-18,XLK,116.12000274658203,16927200
2024-12-19,XLK,116.24500274658203,13383400
2024-12-20,XLK,117.9800033569336,14924800
2024-12-23,XLK,119.03500366210938,7973400
2024-12-24,XLK,120.26499938964844,4653400
2024-12-26,XLK,120.34500122070312,7150800
2024-12-27,XLK,118.74500274658203,8726400
2024-12-30,XLK,117.23500061035156,7950400
2024-12-31,XLK,116.26000213623047,9381200
2025-01-02,XLK,115.98500061035156,12766600
2025-01-03,XLK,117.875,9117600
2025-01-06,XLK,119.375,8975400
2025-01-07,XLK,116.9800033569336,10006800
2025-01-08,XLK,116.94000244140625,10023800
2025-01-10,XLK,114.38999938964844,11665800
2025-01-13,XLK,113.58000183105469,10656000
2025-01-14,XLK,113.87999725341797,7220200
2025-01-15,XLK,116.1449966430664,10465400
2025-01-16,XLK,115.25,5368400
2025-01-17,XLK,117.05500030517578,6742600
2025-01-21,XLK,118.02999877929688,6744200
2025-01-22,XLK,120.69499969482422,10243800
2025-01-23,XLK,120.91000366210938,7604400
2025-01-24,XLK,119.6500015258789,6607600
2025-01-27,XLK,113.78500366210938,20705600
2025-01-28,XLK,116.81999969482422,11260600
2025-01-29,XLK,115.87000274658203,9050000
2025-01-30,XLK,116.08499908447266,8840200
2025-01-31,XLK,115.40499877929688,10741800
2025-02-03,XLK,113.8499984741211,13752800
2025-02-04,XLK,115.48999786376953,8371200
2025-02-05,XLK,117.09500122070312,5398000
2025-02-06,XLK,117.41500091552734,6808000
2025-02-07,XLK,116.41000366210938,8552800
2025-02-10,XLK,118.11000061035156,6054200
2025-02-11,XLK,118.16500091552734,6456200
2025-02-12,XLK,117.91000366210938,8555600
2025-02-13,XLK,119.58000183105469,7829600
2025-02-14,XLK,119.98500061035156,4557000
2025-02-18,XLK,121.08000183105469,6024000
2025-02-19,XLK,121.08999633789062,5604200
2025-02-20,XLK,120.70500183105469,5987400
2025-02-21,XLK,117.43499755859375,9057600
2025-02-24,XLK,115.75499725341797,7447600
2025-02-25,XLK,114.25499725341797,10433600
2025-02-26,XLK,115.5,7630600
2025-02-27,XLK,111.29499816894531,10100000
2025-02-28,XLK,112.76499938964844,14172200
2025-03-03,XLK,109.33499908447266,12516200
2025-03-04,XLK,109.25,17721000
2025-03-05,XLK,110.78500366210938,11931000
2025-03-06,XLK,107.70999908447266,16432000
2025-03-07,XLK,109.2699966430664,11263400
2025-03-10,XLK,104.625,21561800
2025-03-11,XLK,104.19999694824219,14832800
2025-03-12,XLK,105.83999633789062,10981600
2025-03-13,XLK,103.83000183105469,12383000
2025-03-14,XLK,106.97000122070312,10040800
2025-03-17,XLK,107.71499633789062,10148800
2025-03-18,XLK,106.07499694824219,11486600
2025-03-19,XLK,107.45500183105469,8838600
2025-03-20,XLK,106.69000244140625,7145200
2025-03-21,XLK,106.9800033569336,10425400
2025-03-24,XLK,108.81500244140625,8200200
2025-03-25,XLK,109.17500305175781,7481800
2025-03-26,XLK,106.73999786376953,7873000
2025-03-27,XLK,105.75499725341797,6577800
2025-03-28,XLK,103.19000244140625,10667600
2025-03-31,XLK,103.23999786376953,14219000
2025-04-01,XLK,103.99500274658203,9480200
2025-04-02,XLK,104.76499938964844,9292000
2025-04-03,XLK,97.61499786376953,19451400
2025-04-04,XLK,91.18499755859375,33804600
2025-04-07,XLK,91.7300033569336,44557800
2025-04-08,XLK,89.86499786376953,25811400
2025-04-09,XLK,101.93000030517578,36988800
2025-04-10,XLK,97.18499755859375,19747600
2025-04-11,XLK,99.17500305175781,14423200
2025-04-14,XLK,100.08000183105469,11904400
2025-04-15,XLK,100.44499969482422,7200000
2025-04-16,XLK,96.95500183105469,13222400
2025-04-17,XLK,96.43000030517578,7480800
2025-04-21,XLK,93.94000244140625,8973400
2025-04-22,XLK,96.2300033569336,9312800
2025-04-23,XLK,99.0199966430664,13413800
2025-04-24,XLK,102.71499633789062,9317000
2025-04-25,XLK,104.23500061035156,6518400
2025-04-28,XLK,104.06500244140625,5574400
2025-04-29,XLK,104.55000305175781,9144400
2025-04-30,XLK,104.98500061035156,10203800
2025-05-01,XLK,106.5250015258789,11532800
2025-05-02,XLK,108.30500030517578,8125400
2025-05-05,XLK,107.7300033569336,6757000
2025-05-06,XLK,106.83499908447266,7958200
2025-05-07,XLK,107.90499877929688,8169400
2025-05-08,XLK,108.93499755859375,8704400
2025-05-09,XLK,108.80000305175781,7330000
2025-05-12,XLK,113.8499984741211,13478200
2025-05-13,XLK,116.30999755859375,12757200
2025-05-14,XLK,117.06500244140625,10248000
2025-05-15,XLK,117.2249984741211,9536400
2025-05-16,XLK,117.44499969482422,8111600
2025-05-19,XLK,117.2750015258789,11863000
2025-05-20,XLK,116.83499908447266,10273200
2025-05-21,XLK,114.63999938964844,18643600
2025-05-22,XLK,114.66999816894531,11372000
2025-05-23,XLK,113.40499877929688,12004000
2025-05-27,XLK,116.0999984741211,14208400
2025-05-28,XLK,115.62000274658203,10789200
2025-05-29,XLK,115.81500244140625,14011800
2025-05-30,XLK,115.45500183105469,13494000
2025-06-02,XLK,116.4749984741211,12878800
2025-06-03,XLK,118.2249984741211,14312400
2025-06-04,XLK,118.4000015258789,10899200
2025-06-05,XLK,118.06500244140625,15885200
2025-06-06,XLK,119.18000030517578,9026000
2025-06-09,XLK,119.76499938964844,11100600
2025-06-10,XLK,120.43499755859375,9831600
2025-06-11,XLK,120.16999816894531,9599600
2025-06-12,XLK,121.28500366210938,11210400
2025-06-13,XLK,119.58499908447266,13193800
2025-06-16,XLK,121.5199966430664,13866200
2025-06-17,XLK,120.66000366210938,10525400
2025-06-18,XLK,120.80500030517578,11066000
2025-06-20,XLK,120.2699966430664,11490600
2025-06-23,XLK,121.44000244140625,12277000
2025-06-24,XLK,123.62000274658203,11329400
2025-06-25,XLK,124.67500305175781,9228600
2025-06-26,XLK,125.53500366210938,11288400
2025-06-27,XLK,125.38500213623047,12196600
2025-06-30,XLK,126.61499786376953,13365200
2025-07-01,XLK,125.48500061035156,15144800
2025-07-02,XLK,126.80999755859375,11950200
2025-07-03,XLK,128.47999572753906,7112800
2025-07-07,XLK,127.45999908447266,11560800
2025-07-08,XLK,128.14500427246094,15715200
2025-07-09,XLK,128.9149932861328,12933600
2025-07-10,XLK,128.49000549316406,9988600
2025-07-11,XLK,127.92500305175781,9239000
2025-07-14,XLK,127.81999969482422,8125200
2025-07-15,XLK,128.9550018310547,15657000
2025-07-16,XLK,129.35499572753906,17782600
2025-07-17,XLK,130.52999877929688,11955000
2025-07-18,XLK,130.44500732421875,10281000
2025-07-21,XLK,130.61500549316406,9246600
2025-07-22,XLK,129.40499877929688,13448800
2025-07-23,XLK,130.14500427246094,10091800
2025-07-24,XLK,130.69500732421875,12159600
2025-07-25,XLK,130.9949951171875,8002000
2025-07-28,XLK,132.0399932861328,11517600
2025-07-29,XLK,132.0449981689453,13739000
2025-07-30,XLK,132.33999633789062,13934600
2025-07-31,XLK,131.3699951171875,16414400
2025-08-01,XLK,128.53500366210938,19438000
2025-08-04,XLK,131.14500427246094,12377000
2025-08-05,XLK,130.05999755859375,11176000
2025-08-06,XLK,131.52499389648438,10167000
2025-08-07,XLK,131.64500427246094,10318000
2025-08-08,XLK,132.9600067138672,11015800
2025-08-11,XLK,132.05999755859375,9425400
2025-08-12,XLK,134.10499572753906,11153800
2025-08-13,XLK,134.15499877929688,13990200
2025-08-14,XLK,133.86500549316406,15484400
2025-08-15,XLK,132.85000610351562,13373200
2025-08-18,XLK,133.13499450683594,12233800
2025-08-19,XLK,130.80999755859375,17367000
2025-08-20,XLK,129.9250030517578,23064200
2025-08-21,XLK,129.4550018310547,15148600
2025-08-22,XLK,131.2100067138672,13756000
2025-08-25,XLK,130.9149932861328,10691800
2025-08-26,XLK,131.51499938964844,11081000
2025-08-27,XLK,132.22500610351562,11538600
2025-08-28,XLK,133.27000427246094,12380600
2025-08-29,XLK,131.22500610351562,17481200
2025-09-02,XLK,129.89999389648438,18226000
2025-09-03,XLK,130.6750030517578,15636600
2025-09-04,XLK,131.32000732421875,24397400
2025-09-05,XLK,131.42999267578125,38561800
2025-09-08,XLK,132.4149932861328,20556000
2025-09-09,XLK,132.6699981689453,19355000
2025-09-10,XLK,135.0749969482422,25957200
2025-09-11,XLK,135.52999877929688,23429200
2025-09-12,XLK,135.44000244140625,15612200
2025-09-15,XLK,136.66000366210938,16268000
2025-09-16,XLK,136.18499755859375,16081400
2025-09-17,XLK,135.71499633789062,18948600
2025-09-18,XLK,138.05999755859375,20882600
2025-09-19,XLK,139.4600067138672,15670800
2025-09-22,XLK,141.3300018310547,15771200
2025-09-23,XLK,140.11000061035156,16456400
2025-09-24,XLK,139.2449951171875,13471000
2025-09-25,XLK,139.0,21349600
2025-09-26,XLK,139.4199981689453,16534000
2025-09-29,XLK,140.1649932861328,16107400
2025-09-30,XLK,140.92999267578125,18215200
2025-10-01,XLK,142.30999755859375,17411200
2025-10-02,XLK,143.0800018310547,17607800
2025-10-03,XLK,142.36000061035156,17458000
2025-10-06,XLK,143.8000030517578,17945600
2025-10-07,XLK,142.83999633789062,15588400
2025-10-08,XLK,145.34500122070312,14037800
2025-10-09,XLK,145.10000610351562,11989400
2025-10-10,XLK,139.19500732421875,44574600
2025-10-13,XLK,142.5850067138672,22030400
2025-10-14,XLK,140.7550048828125,26956800
2025-10-15,XLK,142.14999389648438,20937600
2025-10-16,XLK,142.2550048828125,23166200
2025-10-17,XLK,142.5050048828125,25511600
2025-10-20,XLK,144.09500122070312,13805200
2025-10-21,XLK,144.1699981689453,12503800
2025-10-22,XLK,142.7449951171875,20723200
2025-10-23,XLK,144.5449981689453,11923400
2025-10-24,XLK,146.7899932861328,14359600
2025-10-27,XLK,149.5,15167000
2025-10-28,XLK,150.97999572753906,15055200
2025-10-29,XLK,152.06500244140625,21506200
2025-10-30,XLK,150.19500732421875,19218600
2025-10-31,XLK,150.33999633789062,16303800
2025-11-03,XLK,150.9550018310547,13983600
2025-11-04,XLK,146.97000122070312,16722600
2025-11-05,XLK,147.5449981689453,14447000
2025-11-06,XLK,144.5800018310547,24797400
2025-11-07,XLK,144.0800018310547,25547000
2025-11-10,XLK,147.76499938964844,18286400
2025-11-11,XLK,146.5050048828125,14871600
2025-11-12,XLK,146.9600067138672,13179200
2025-11-13,XLK,143.2949981689453,22385800
2025-11-14,XLK,144.0749969482422,27429600
2025-11-17,XLK,141.82000732421875,24675400
2025-11-18,XLK,139.51499938964844,36747600
2025-11-19,XLK,140.48500061035156,27668800
2025-11-20,XLK,136.0749969482422,56551800
2025-11-21,XLK,136.60000610351562,44959000
2025-11-24,XLK,139.85499572753906,20124800
2025-11-25,XLK,140.22999572753906,21303400
2025-11-26,XLK,141.88999938964844,13358800
2025-11-28,XLK,143.11000061035156,6792200
2025-12-01,XLK,143.1750030517578,12846600
2025-12-02,XLK,144.64999389648438,15719000
2025-12-03,XLK,144.9949951171875,11623200
2025-12-04,XLK,145.53500366210938,9995200
2025-12-05,XLK,146.60000610351562,6628000
2025-12-08,XLK,147.6300048828125,8272800
2025-12-09,XLK,148.02000427246094,6978200
2025-12-10,XLK,148.72999572753906,8961100
2025-12-11,XLK,147.97000122070312,9769300
2025-12-12,XLK,143.69000244140625,14873200
2025-12-15,XLK,142.3000030517578,10790300
2025-12-16,XLK,142.55999755859375,10790900
2025-12-17,XLK,139.38999938964844,18178700
2025-12-18,XLK,141.5399932861328,12319500
2025-12-19,XLK,144.60000610351562,14265900
2025-12-22,XLK,145.16000366210938,8864500
2025-12-23,XLK,145.9499969482422,7546100
2025-12-24,XLK,146.3000030517578,3676300
2025-12-26,XLK,146.52999877929688,5052900
2025-12-29,XLK,145.8699951171875,9822300
2025-12-30,XLK,145.41000366210938,6387400
2025-12-31,XLK,143.97000122070312,9528400
2026-01-02,XLK,144.3000030517578,15299500
2026-01-05,XLK,144.6199951171875,17476300
2026-01-06,XLK,146.64999389648438,14985700
2026-01-07,XLK,146.52999877929688,13957100
2026-01-08,XLK,144.24000549316406,16870100
2026-01-09,XLK,146.14999389648438,15652600
2026-01-12,XLK,146.7899932861328,12867200
2026-01-13,XLK,146.47999572753906,16552200
2026-01-14,XLK,144.6999969482422,22104200
2026-01-15,XLK,145.4600067138672,17370900
2026-01-16,XLK,145.6199951171875,14156700
2026-01-20,XLK,141.83999633789062,20029200
2026-01-21,XLK,143.80999755859375,27892800
2026-01-22,XLK,144.8800048828125,12971600
2026-01-23,XLK,145.08999633789062,14654500
2026-01-26,XLK,146.0800018310547,10195600
2026-01-27,XLK,148.0500030517578,12436200
2026-01-28,XLK,149.22999572753906,19497400
2026-01-29,XLK,146.8699951171875,25581000
2026-01-30,XLK,143.8800048828125,18342600
2026-02-02,XLK,145.25999450683594,16337600
2026-02-03,XLK,142.0800018310547,30464500
2026-02-04,XLK,138.1199951171875,45649500
2026-02-05,XLK,135.6300048828125,42950900
2026-02-06,XLK,141.1300048828125,37131900
2026-02-09,XLK,143.35000610351562,24629500
2026-02-10,XLK,142.5500030517578,22564300
2026-02-11,XLK,142.97000122070312,18905700
2026-02-12,XLK,139.2100067138672,32154700
2026-02-13,XLK,139.55999755859375,26637100
2026-02-17,XLK,139.47999572753906,25743800
2026-02-18,XLK,140.91000366210938,13705800
2026-02-19,XLK,140.2100067138672,13484000
2026-02-20,XLK,140.8800048828125,14942400
2026-02-23,XLK,138.52000427246094,22021900
2026-02-24,XLK,140.32000732421875,13030600
2026-02-25,XLK,143.00999450683594,13296000
2026-02-26,XLK,141.00999450683594,19364900
2026-02-27,XLK,138.75999450683594,15328600
2026-03-02,XLK,139.5399932861328,20156700
2026-03-03,XLK,137.5,34153000
2026-03-04,XLK,139.83999633789062,15201400
2026-03-05,XLK,140.17999267578125,19422500
2026-03-06,XLK,137.2899932861328,19677200
2026-03-09,XLK,139.75999450683594,22760900
2026-03-10,XLK,139.75999450683594,24338500
2026-03-11,XLK,140.42999267578125,14009200
2026-03-12,XLK,137.83999633789062,32372800
2026-03-13,XLK,136.8000030517578,15701800
2026-03-16,XLK,138.77999877929688,16626400
2026-03-17,XLK,139.5399932861328,12034600
2026-03-18,XLK,137.9600067138672,12634500
2026-03-19,XLK,138.42999267578125,18087900
2026-03-20,XLK,135.2899932861328,27251800
2026-03-23,XLK,136.9499969482422,21818500
2026-03-24,XLK,136.14999389648438,16843900
2026-03-25,XLK,136.75999450683594,13872400
2026-03-26,XLK,132.5,15434600
2026-03-27,XLK,129.9199981689453,15895200
2026-03-30,XLK,127.5,18830000
2026-03-31,XLK,132.89999389648438,19405300
2026-04-01,XLK,134.91000366210938,17050100
2026-04-02,XLK,135.99000549316406,12266200
2026-04-06,XLK,136.77999877929688,10147600
2026-04-07,XLK,137.42999267578125,8585500
2026-04-08,XLK,141.69000244140625,13359000
2026-04-09,XLK,142.07000732421875,8235100
2026-04-10,XLK,142.6199951171875,9310100
2026-04-13,XLK,145.61000061035156,10407700
2026-04-14,XLK,147.94000244140625,10183300
2026-04-15,XLK,150.3000030517578,10622500
2026-04-16,XLK,152.02000427246094,11778000
2026-04-17,XLK,154.35000610351562,10630400
2026-04-20,XLK,154.55999755859375,8131600
2026-04-21,XLK,154.69000244140625,12657300
2026-04-22,XLK,158.08999633789062,13830400
2026-04-23,XLK,155.83999633789062,12151400
2026-04-24,XLK,160.22000122070312,11059800
2026-04-27,XLK,160.57000732421875,8963900
2026-04-28,XLK,157.85000610351562,9253000
2026-04-29,XLK,159.11000061035156,7506900
2026-04-30,XLK,159.5,9276400
2026-05-01,XLK,161.8699951171875,10161800
2026-05-04,XLK,162.0500030517578,10740000
2026-05-05,XLK,165.6300048828125,9813500
2026-05-06,XLK,170.02999877929688,11304700
2026-05-07,XLK,169.69000244140625,11031500
2026-05-08,XLK,175.52000427246094,11222200
2026-05-11,XLK,177.8800048828125,10461800
2026-05-12,XLK,175.1999969482422,15950700
2026-05-13,XLK,176.85000610351562,9817900
2026-05-14,XLK,179.5,11424900
2026-05-15,XLK,176.25999450683594,14519000
2026-05-18,XLK,174.36000061035156,19162600
2026-05-19,XLK,173.24000549316406,15751400
2026-05-20,XLK,177.13999938964844,12630300
2026-05-21,XLK,178.60000610351562,10873200
2026-05-22,XLK,180.38999938964844,10739900
2026-05-26,XLK,185.13999938964844,12500300
2026-05-27,XLK,184.42999267578125,12297400
2026-05-28,XLK,186.85000610351562,11167600
2026-05-29,XLK,191.02000427246094,15031700
2026-06-01,XLK,195.75999450683594,18968800
2026-06-02,XLK,198.2100067138672,10175200
2026-06-03,XLK,196.22999572753906,11582100
2026-06-04,XLK,193.1699981689453,13142600
2026-06-05,XLK,180.3000030517578,26816100
2026-06-08,XLK,184.17999267578125,14685000
2026-06-09,XLK,180.77000427246094,29884400
2026-06-10,XLK,176.6300048828125,20059800
2026-06-11,XLK,183.2100067138672,18238400
2026-06-12,XLK,184.8000030517578,15014300
2026-06-15,XLK,191.7899932861328,13097800
2026-06-16,XLK,186.44000244140625,10077200
2026-06-17,XLK,185.8000030517578,14396100
2026-06-18,XLK,191.44000244140625,12101600
2026-06-22,XLK,192.14999389648438,11313000
2026-06-23,XLK,184.19000244140625,14633600
2026-06-24,XLK,183.0500030517578,12323700
2026-06-25,XLK,184.57000732421875,13218200
2026-06-26,XLK,181.11000061035156,13433900
2026-06-29,XLK,185.41000366210938,11857000
2026-06-30,XLK,190.52000427246094,10729900
2026-07-01,XLK,185.6199951171875,9960300
2026-07-02,XLK,180.58999633789062,14173100
2026-07-06,XLK,183.57000732421875,8923100
2026-07-07,XLK,179.17999267578125,12254800
2026-07-08,XLK,181.39999389648438,10528300
2024-11-18,XLV,141.94000244140625,7933100
2024-11-19,XLV,141.2100067138672,6205800
2024-11-20,XLV,142.8800048828125,9328800
2024-11-21,XLV,144.02999877929688,7969600
2024-11-22,XLV,144.16000366210938,6330300
2024-11-25,XLV,145.38999938964844,6834300
2024-11-26,XLV,146.1699981689453,6018400
2024-11-27,XLV,146.9499969482422,5952800
2024-11-29,XLV,147.41000366210938,3521200
2024-12-02,XLV,147.14999389648438,6220800
2024-12-03,XLV,146.82000732421875,4236200
2024-12-04,XLV,146.74000549316406,5597400
2024-12-05,XLV,145.10000610351562,8948700
2024-12-06,XLV,144.27999877929688,6545200
2024-12-09,XLV,144.6999969482422,6258600
2024-12-10,XLV,144.10000610351562,7200500
2024-12-11,XLV,142.13999938964844,6895000
2024-12-12,XLV,141.00999450683594,5994200
2024-12-13,XLV,140.99000549316406,7599400
2024-12-16,XLV,139.30999755859375,9476600
2024-12-17,XLV,139.2100067138672,10280100
2024-12-18,XLV,137.32000732421875,14448100
2024-12-19,XLV,136.27999877929688,11929300
2024-12-20,XLV,138.0,12098400
2024-12-23,XLV,138.75,8050500
2024-12-24,XLV,139.32000732421875,3139300
2024-12-26,XLV,139.60000610351562,4720300
2024-12-27,XLV,138.9499969482422,5948000
2024-12-30,XLV,137.24000549316406,6890300
2024-12-31,XLV,137.57000732421875,6626900
2025-01-02,XLV,137.61000061035156,8973000
2025-01-03,XLV,138.9600067138672,8288700
2025-01-06,XLV,139.02000427246094,8653300
2025-01-07,XLV,139.7100067138672,12639700
2025-01-08,XLV,140.42999267578125,7827400
2025-01-10,XLV,139.63999938964844,10343700
2025-01-13,XLV,141.4600067138672,9422200
2025-01-14,XLV,140.0,10277800
2025-01-15,XLV,140.57000732421875,11388400
2025-01-16,XLV,141.1300048828125,8512100
2025-01-17,XLV,140.17999267578125,7668100
2025-01-21,XLV,142.5,7257800
2025-01-22,XLV,142.17999267578125,8189900
2025-01-23,XLV,144.0800018310547,8032900
2025-01-24,XLV,144.30999755859375,8127900
2025-01-27,XLV,147.5500030517578,12311300
2025-01-28,XLV,146.52000427246094,9686400
2025-01-29,XLV,145.66000366210938,8159100
2025-01-30,XLV,147.33999633789062,7705200
2025-01-31,XLV,146.8699951171875,9211800
2025-02-03,XLV,147.44000244140625,13001500
2025-02-04,XLV,147.0399932861328,11762000
2025-02-05,XLV,148.4499969482422,10042300
2025-02-06,XLV,147.1199951171875,12422100
2025-02-07,XLV,146.42999267578125,11199700
2025-02-10,XLV,146.3000030517578,7374300
2025-02-11,XLV,146.02999877929688,6634900
2025-02-12,XLV,145.82000732421875,7572200
2025-02-13,XLV,146.38999938964844,6293100
2025-02-14,XLV,144.8000030517578,5299200
2025-02-18,XLV,144.52000427246094,11366800
2025-02-19,XLV,146.39999389648438,6295900
2025-02-20,XLV,147.22000122070312,6264800
2025-02-21,XLV,146.42999267578125,8647000
2025-02-24,XLV,147.6199951171875,7559400
2025-02-25,XLV,148.88999938964844,11981300
2025-02-26,XLV,147.82000732421875,6566800
2025-02-27,XLV,147.22000122070312,7377000
2025-02-28,XLV,148.92999267578125,8453700
2025-03-03,XLV,149.5800018310547,9459300
2025-03-04,XLV,148.19000244140625,10804700
2025-03-05,XLV,149.67999267578125,7597700
2025-03-06,XLV,149.27000427246094,7122200
2025-03-07,XLV,149.27999877929688,8532400
2025-03-10,XLV,147.6699981689453,13577800
2025-03-11,XLV,146.05999755859375,9411600
2025-03-12,XLV,144.60000610351562,7141100
2025-03-13,XLV,143.8300018310547,8041600
2025-03-14,XLV,144.92999267578125,6761200
2025-03-17,XLV,146.77000427246094,6017300
2025-03-18,XLV,146.83999633789062,5528000
2025-03-19,XLV,146.9199981689453,6156200
2025-03-20,XLV,147.00999450683594,8033800
2025-03-21,XLV,146.60000610351562,7635300
2025-03-24,XLV,147.14999389648438,6500600
2025-03-25,XLV,145.27000427246094,6502000
2025-03-26,XLV,144.74000549316406,8758600
2025-03-27,XLV,144.97000122070312,6264300
2025-03-28,XLV,144.52000427246094,6210500
2025-03-31,XLV,146.00999450683594,8085600
2025-04-01,XLV,143.33999633789062,9906100
2025-04-02,XLV,144.3000030517578,6392700
2025-04-03,XLV,143.1300048828125,10990600
2025-04-04,XLV,135.27999877929688,21341100
2025-04-07,XLV,134.47000122070312,29940300
2025-04-08,XLV,132.97999572753906,20860400
2025-04-09,XLV,138.75999450683594,39444700
2025-04-10,XLV,134.88999938964844,21957400
2025-04-11,XLV,136.8699951171875,10755600
2025-04-14,XLV,138.5399932861328,7437200
2025-04-15,XLV,137.69000244140625,6239000
2025-04-16,XLV,136.2899932861328,8150700
2025-04-17,XLV,135.49000549316406,9662800
2025-04-21,XLV,132.57000732421875,6456000
2025-04-22,XLV,135.05999755859375,8012500
2025-04-23,XLV,135.72999572753906,9503200
2025-04-24,XLV,137.38999938964844,5433000
2025-04-25,XLV,138.0500030517578,6438400
2025-04-28,XLV,138.60000610351562,5803300
2025-04-29,XLV,139.27999877929688,7811900
2025-04-30,XLV,140.47000122070312,6827800
2025-05-01,XLV,136.63999938964844,10363200
2025-05-02,XLV,138.52999877929688,9777000
2025-05-05,XLV,138.13999938964844,5479700
2025-05-06,XLV,134.3300018310547,11625900
2025-05-07,XLV,135.36000061035156,6417500
2025-05-08,XLV,134.13999938964844,10558100
2025-05-09,XLV,132.67999267578125,7555200
2025-05-12,XLV,135.9600067138672,15211100
2025-05-13,XLV,131.8699951171875,17817000
2025-05-14,XLV,128.77000427246094,19579500
2025-05-15,XLV,130.4600067138672,18792700
2025-05-16,XLV,133.08999633789062,12901800
2025-05-19,XLV,134.3699951171875,11645200
2025-05-20,XLV,134.6999969482422,11644500
2025-05-21,XLV,131.5800018310547,16635900
2025-05-22,XLV,130.5500030517578,12722600
2025-05-23,XLV,130.33999633789062,9127100
2025-05-27,XLV,132.16000366210938,12304000
2025-05-28,XLV,131.47999572753906,11087500
2025-05-29,XLV,132.36000061035156,10670300
2025-05-30,XLV,132.63999938964844,11651300
2025-06-02,XLV,132.72000122070312,11845000
2025-06-03,XLV,133.02999877929688,14304300
2025-06-04,XLV,133.2899932861328,9986100
2025-06-05,XLV,133.11000061035156,13705000
2025-06-06,XLV,134.3800048828125,9153500
2025-06-09,XLV,134.14999389648438,9976600
2025-06-10,XLV,135.67999267578125,11488000
2025-06-11,XLV,135.75,13644000
2025-06-12,XLV,136.80999755859375,9809500
2025-06-13,XLV,136.1300048828125,13722800
2025-06-16,XLV,135.7100067138672,14171000
2025-06-17,XLV,133.47000122070312,13506000
2025-06-18,XLV,133.24000549316406,12185300
2025-06-20,XLV,132.60000610351562,13744900
2025-06-23,XLV,132.16000366210938,14181600
2025-06-24,XLV,133.77999877929688,11272900
2025-06-25,XLV,133.89999389648438,11996400
2025-06-26,XLV,134.22000122070312,13177700
2025-06-27,XLV,133.92999267578125,13818500
2025-06-30,XLV,134.7899932861328,12407700
2025-07-01,XLV,136.7100067138672,21204300
2025-07-02,XLV,135.36000061035156,13720400
2025-07-03,XLV,135.5,7282700
2025-07-07,XLV,134.36000061035156,14052300
2025-07-08,XLV,134.97000122070312,19485900
2025-07-09,XLV,135.49000549316406,13963900
2025-07-10,XLV,136.32000732421875,17668300
2025-07-11,XLV,135.19000244140625,14246600
2025-07-14,XLV,135.02999877929688,11095400
2025-07-15,XLV,132.60000610351562,17095600
2025-07-16,XLV,134.25,14142100
2025-07-17,XLV,132.72000122070312,15740900
2025-07-18,XLV,131.83999633789062,13245500
2025-07-21,XLV,131.08999633789062,9468700
2025-07-22,XLV,133.52999877929688,16681900
2025-07-23,XLV,136.27000427246094,16624000
2025-07-24,XLV,135.75999450683594,11054800
2025-07-25,XLV,136.47999572753906,9539900
2025-07-28,XLV,135.2899932861328,9780300
2025-07-29,XLV,134.42999267578125,14967600
2025-07-30,XLV,134.19000244140625,11634600
2025-07-31,XLV,130.42999267578125,26441600
2025-08-01,XLV,131.1300048828125,20736200
2025-08-04,XLV,133.00999450683594,11331000
2025-08-05,XLV,132.5,14319200
2025-08-06,XLV,130.50999450683594,14342800
2025-08-07,XLV,129.00999450683594,24421900
2025-08-08,XLV,130.16000366210938,13747100
2025-08-11,XLV,130.2899932861328,14474000
2025-08-12,XLV,131.19000244140625,17219500
2025-08-13,XLV,133.2899932861328,15069900
2025-08-14,XLV,133.9600067138672,15464000
2025-08-15,XLV,136.2100067138672,13929600
2025-08-18,XLV,135.88999938964844,12572000
2025-08-19,XLV,136.75999450683594,13578200
2025-08-20,XLV,137.5,14607000
2025-08-21,XLV,137.0399932861328,13218900
2025-08-22,XLV,138.1699981689453,11898600
2025-08-25,XLV,136.1999969482422,10681000
2025-08-26,XLV,137.0500030517578,11397500
2025-08-27,XLV,136.97000122070312,8321700
2025-08-28,XLV,136.42999267578125,9165700
2025-08-29,XLV,137.42999267578125,9655700
2025-09-02,XLV,137.55999755859375,13325300
2025-09-03,XLV,136.91000366210938,12586000
2025-09-04,XLV,137.42999267578125,11778600
2025-09-05,XLV,137.89999389648438,14664000
2025-09-08,XLV,137.85000610351562,15753300
2025-09-09,XLV,138.58999633789062,12249600
2025-09-10,XLV,137.3300018310547,13588300
2025-09-11,XLV,139.72000122070312,16470800
2025-09-12,XLV,138.11000061035156,11345400
2025-09-15,XLV,136.92999267578125,11233800
2025-09-16,XLV,136.92999267578125,12443800
2025-09-17,XLV,137.1999969482422,12501500
2025-09-18,XLV,137.47000122070312,11472900
2025-09-19,XLV,137.2899932861328,11280900
2025-09-22,XLV,136.6300048828125,9732700
2025-09-23,XLV,136.94000244140625,9903000
2025-09-24,XLV,136.38999938964844,7471600
2025-09-25,XLV,134.1300048828125,14099700
2025-09-26,XLV,135.5,10071000
2025-09-29,XLV,135.89999389648438,7735700
2025-09-30,XLV,139.1699981689453,19313500
2025-10-01,XLV,143.47000122070312,23657900
2025-10-02,XLV,143.19000244140625,15176200
2025-10-03,XLV,144.82000732421875,15829200
2025-10-06,XLV,144.1199951171875,12879900
2025-10-07,XLV,144.22999572753906,12478700
2025-10-08,XLV,144.50999450683594,8925800
2025-10-09,XLV,144.19000244140625,7657000
2025-10-10,XLV,142.11000061035156,13350100
2025-10-13,XLV,141.9499969482422,8257500
2025-10-14,XLV,142.33999633789062,10044700
2025-10-15,XLV,142.55999755859375,7260600
2025-10-16,XLV,142.32000732421875,11194100
2025-10-17,XLV,143.27000427246094,8160300
2025-10-20,XLV,144.7899932861328,8435900
2025-10-21,XLV,145.1300048828125,9031800
2025-10-22,XLV,145.9600067138672,12705300
2025-10-23,XLV,146.0399932861328,7924900
2025-10-24,XLV,146.02999877929688,7007400
2025-10-27,XLV,146.3699951171875,6466700
2025-10-28,XLV,145.4499969482422,8652700
2025-10-29,XLV,143.97999572753906,12425600
2025-10-30,XLV,144.3000030517578,10756100
2025-10-31,XLV,144.25,10581100
2025-11-03,XLV,144.4499969482422,12279300
2025-11-04,XLV,145.10000610351562,14182200
2025-11-05,XLV,145.66000366210938,13154600
2025-11-06,XLV,145.94000244140625,14395800
2025-11-07,XLV,146.13999938964844,14522900
2025-11-10,XLV,147.27999877929688,12305900
2025-11-11,XLV,150.67999267578125,12659500
2025-11-12,XLV,152.82000732421875,17847500
2025-11-13,XLV,152.74000549316406,21807600
2025-11-14,XLV,151.8300018310547,15468900
2025-11-17,XLV,151.6999969482422,17516500
2025-11-18,XLV,152.58999633789062,24494200
2025-11-19,XLV,152.3300018310547,17352600
2025-11-20,XLV,151.4199981689453,25278500
2025-11-21,XLV,154.61000061035156,25526100
2025-11-24,XLV,155.25999450683594,17928400
2025-11-25,XLV,158.77000427246094,17298600
2025-11-26,XLV,158.4199981689453,12398900
2025-11-28,XLV,157.64999389648438,8559700
2025-12-01,XLV,155.2899932861328,17321200
2025-12-02,XLV,154.36000061035156,16150300
2025-12-03,XLV,155.0800018310547,12724800
2025-12-04,XLV,153.89999389648438,13674600
2025-12-05,XLV,153.25999450683594,8868700
2025-12-08,XLV,151.42999267578125,10996000
2025-12-09,XLV,149.9600067138672,11543300
2025-12-10,XLV,152.13999938964844,15534800
2025-12-11,XLV,153.5800018310547,14703000
2025-12-12,XLV,154.05999755859375,13175500
2025-12-15,XLV,156.10000610351562,14681800
2025-12-16,XLV,154.07000732421875,12491300
2025-12-17,XLV,153.7899932861328,9093300
2025-12-18,XLV,153.91000366210938,8876400
2025-12-19,XLV,154.94000244140625,8571500
2025-12-22,XLV,155.3000030517578,7063700
2025-12-23,XLV,154.99000549316406,7465800
2025-12-24,XLV,155.8000030517578,3085700
2025-12-26,XLV,156.0500030517578,4439100
2025-12-29,XLV,155.80999755859375,6357300
2025-12-30,XLV,155.67999267578125,4355000
2025-12-31,XLV,154.8000030517578,4199500
2026-01-02,XLV,155.50999450683594,10998000
2026-01-05,XLV,155.0399932861328,17756200
2026-01-06,XLV,158.08999633789062,17783800
2026-01-07,XLV,159.66000366210938,14505700
2026-01-08,XLV,158.1199951171875,17611000
2026-01-09,XLV,157.30999755859375,12352000
2026-01-12,XLV,157.3800048828125,12250100
2026-01-13,XLV,156.74000549316406,11756500
2026-01-14,XLV,157.86000061035156,13516800
2026-01-15,XLV,156.9600067138672,15303400
2026-01-16,XLV,155.74000549316406,11950300
2026-01-20,XLV,155.39999389648438,12775200
2026-01-21,XLV,158.25999450683594,16393900
2026-01-22,XLV,158.2899932861328,10881400
2026-01-23,XLV,157.47999572753906,10191300
2026-01-26,XLV,158.10000610351562,6810400
2026-01-27,XLV,155.4499969482422,12697500
2026-01-28,XLV,154.30999755859375,11426600
2026-01-29,XLV,153.82000732421875,12167300
2026-01-30,XLV,154.74000549316406,11863900
2026-02-02,XLV,155.69000244140625,11005300
2026-02-03,XLV,154.10000610351562,21141900
2026-02-04,XLV,156.02999877929688,22951600
2026-02-05,XLV,154.83999633789062,21421600
2026-02-06,XLV,157.7100067138672,13616200
2026-02-09,XLV,156.32000732421875,11823000
2026-02-10,XLV,155.3300018310547,11103400
2026-02-11,XLV,156.25,11738400
2026-02-12,XLV,156.0,19409100
2026-02-13,XLV,157.6699981689453,16647900
2026-02-17,XLV,157.3699951171875,14881100
2026-02-18,XLV,157.6699981689453,11886300
2026-02-19,XLV,157.25999450683594,11226900
2026-02-20,XLV,156.82000732421875,13368500
2026-02-23,XLV,158.5399932861328,17053500
2026-02-24,XLV,157.8699951171875,12887100
2026-02-25,XLV,157.8300018310547,11011500
2026-02-26,XLV,157.4199981689453,15344400
2026-02-27,XLV,160.1999969482422,14250100
2026-03-02,XLV,158.52999877929688,18641400
2026-03-03,XLV,156.74000549316406,21432600
2026-03-04,XLV,157.0500030517578,12745700
2026-03-05,XLV,153.91000366210938,20476400
2026-03-06,XLV,152.6999969482422,18174000
2026-03-09,XLV,154.25999450683594,18675700
2026-03-10,XLV,153.14999389648438,17247500
2026-03-11,XLV,152.85000610351562,12503800
2026-03-12,XLV,150.16000366210938,15670500
2026-03-13,XLV,149.7899932861328,15129300
2026-03-16,XLV,151.00999450683594,10896600
2026-03-17,XLV,149.63999938964844,11938600
2026-03-18,XLV,147.13999938964844,15565400
2026-03-19,XLV,146.61000061035156,16913000
2026-03-20,XLV,145.3300018310547,16582200
2026-03-23,XLV,144.77000427246094,21815400
2026-03-24,XLV,144.7899932861328,24230900
2026-03-25,XLV,146.24000549316406,17743300
2026-03-26,XLV,145.74000549316406,13321000
2026-03-27,XLV,143.25999450683594,12932200
2026-03-30,XLV,143.82000732421875,14799700
2026-03-31,XLV,146.61000061035156,17866000
2026-04-01,XLV,147.72999572753906,16899200
2026-04-02,XLV,146.80999755859375,11087900
2026-04-06,XLV,146.27999877929688,7272600
2026-04-07,XLV,146.57000732421875,10263400
2026-04-08,XLV,149.6699981689453,8130700
2026-04-09,XLV,149.3300018310547,6406400
2026-04-10,XLV,147.30999755859375,6217800
2026-04-13,XLV,147.97000122070312,6182800
2026-04-14,XLV,148.8300018310547,7722300
2026-04-15,XLV,147.77000427246094,6669200
2026-04-16,XLV,146.61000061035156,9072300
2026-04-17,XLV,148.8000030517578,8338100
2026-04-20,XLV,147.4199981689453,6325700
2026-04-21,XLV,145.9199981689453,8735300
2026-04-22,XLV,146.3800048828125,8316900
2026-04-23,XLV,146.24000549316406,7612000
2026-04-24,XLV,144.17999267578125,7969700
2026-04-27,XLV,143.4600067138672,6571900
2026-04-28,XLV,143.83999633789062,8612400
2026-04-29,XLV,142.83999633789062,11885500
2026-04-30,XLV,145.99000549316406,12587800
2026-05-01,XLV,145.16000366210938,8865800
2026-05-04,XLV,144.72999572753906,10885900
2026-05-05,XLV,145.3000030517578,7174900
2026-05-06,XLV,145.39999389648438,10613500
2026-05-07,XLV,144.72000122070312,7608000
2026-05-08,XLV,143.49000549316406,10165400
2026-05-11,XLV,143.0399932861328,9255700
2026-05-12,XLV,145.85000610351562,11897200
2026-05-13,XLV,146.7100067138672,15841800
2026-05-14,XLV,146.6300048828125,7763800
2026-05-15,XLV,145.10000610351562,9039900
2026-05-18,XLV,145.72000122070312,7949200
2026-05-19,XLV,147.32000732421875,12388200
2026-05-20,XLV,147.1300048828125,10527900
2026-05-21,XLV,148.14999389648438,7157000
2026-05-22,XLV,149.88999938964844,6915200
2026-05-26,XLV,148.50999450683594,6590400
2026-05-27,XLV,148.7899932861328,10062500
2026-05-28,XLV,150.8800048828125,10397400
2026-05-29,XLV,149.47000122070312,13195800
2026-06-01,XLV,147.83999633789062,12582900
2026-06-02,XLV,146.39999389648438,12024300
2026-06-03,XLV,147.5500030517578,9836000
2026-06-04,XLV,152.0800018310547,14051800
2026-06-05,XLV,153.00999450683594,20723000
2026-06-08,XLV,152.64999389648438,10639500
2026-06-09,XLV,154.57000732421875,13125500
2026-06-10,XLV,152.85000610351562,11712200
2026-06-11,XLV,154.08999633789062,10548800
2026-06-12,XLV,153.80999755859375,9111000
2026-06-15,XLV,152.88999938964844,9525300
2026-06-16,XLV,152.94000244140625,8630000
2026-06-17,XLV,150.7100067138672,10991400
2026-06-18,XLV,149.39999389648438,10879300
2026-06-22,XLV,150.05999755859375,11706100
2026-06-23,XLV,152.17999267578125,9479900
2026-06-24,XLV,153.35000610351562,10070100
2026-06-25,XLV,155.6300048828125,9419200
2026-06-26,XLV,160.33999633789062,16563800
2026-06-29,XLV,160.74000549316406,12935000
2026-06-30,XLV,158.66000366210938,11559400
2026-07-01,XLV,159.5399932861328,10123700
2026-07-02,XLV,163.74000549316406,14719400
2026-07-06,XLV,161.9600067138672,16123400
2026-07-07,XLV,164.44000244140625,12143500
2026-07-08,XLV,162.3000030517578,9287900
